hhid,pub_lat_mod,pub_lon_mod,wetland_lat,wetland_lon,distance_km,district,region,Enumeration_area
H0010101,-0.5306275,32.3274918,32.3274918,-0.5306275,2.805464427,Kalangala,Central,1
H0010201,-0.136148,31.489006,31.489006,-0.136148,5.907202723,Sembabule,Central,1
H0010201,-0.136148,31.489006,31.489006,-0.136148,5.907202723,Sembabule,Central,1
H0010201,-0.136148,31.489006,31.489006,-0.136148,5.907202723,Sembabule,Central,1
H0010401,-0.5306275,32.3274918,32.3274918,-0.5306275,2.805464427,Kalangala,Central,1
H0011001,-0.5306275,32.3274918,32.3274918,-0.5306275,2.805464427,Kalangala,Central,1
H0020801,0.3331877,32.5706558,32.5706558,0.3331877,0.788638526,Kampala,Central,2
H0020901,0.3331877,32.5706558,32.5706558,0.3331877,0.788638526,Kampala,Central,2
H0021101,0.3331877,32.5706558,32.5706558,0.3331877,0.788638526,Kampala,Central,2
H0021301,0.2656806,32.4627571,32.4627571,0.2656806,0.416896327,Kampala,Central,2
H0021301,0.2656806,32.4627571,32.4627571,0.2656806,0.416896327,Kampala,Central,2
H0021301,0.2656806,32.4627571,32.4627571,0.2656806,0.416896327,Kampala,Central,2
H0030401,0.3130448,32.5691452,32.5691452,0.3130448,1.511275252,Kampala,Central,3
H0031201,0.3130448,32.5691452,32.5691452,0.3130448,1.511275252,Kampala,Central,3
H0031301,0.3130448,32.5691452,32.5691452,0.3130448,1.511275252,Kampala,Central,3
H0060601,0.378049,32.5941277,32.5941277,0.378049,2.027598732,Kampala,Central,6
H0070401,0.371429,32.5650597,32.5650597,0.371429,0.509172915,Wakiso,Central,7
H0070701,0.371429,32.5650597,32.5650597,0.371429,0.509172915,Kampala,Central,7
H0071001,0.371429,32.5650597,32.5650597,0.371429,0.509172915,Kampala,Central,7
H0080101,2.4580765,31.478054,31.478054,2.4580765,1.913294462,Arua,Northern,8
H0080201,0.3651408,32.5970154,32.5970154,0.3651408,0.566095258,Kampala,Central,8
H0080901,0.3651408,32.5970154,32.5970154,0.3651408,0.566095258,Kampala,Central,8
H0081001,0.3651408,32.5970154,32.5970154,0.3651408,0.566095258,Kampala,Central,8
H0081101,0.3130448,32.5691452,32.5691452,0.3130448,1.511275252,Kampala,Central,8
H0120901,0.2892729,32.6159744,32.6159744,0.2892729,0.727401746,Kampala,Central,12
H0120901,0.2892729,32.6159744,32.6159744,0.2892729,0.727401746,Kampala,Central,12
H0120903,0.2427742,32.6126518,32.6126518,0.2427742,0,Kampala,Central,12
H0120903,0.2427742,32.6126518,32.6126518,0.2427742,0,Kampala,Central,12
H0120905,0.3694841,32.7745628,32.7745628,0.3694841,2.653630479,Mukono,Central,12
H0121001,0.2892729,32.6159744,32.6159744,0.2892729,0.727401746,Kampala,Central,12
H0121001,0.2892729,32.6159744,32.6159744,0.2892729,0.727401746,Kampala,Central,12
H0140101,0.3032211,32.6197472,32.6197472,0.3032211,0.01224761,Kampala,Central,14
H0140601,0.3501274,32.6699867,32.6699867,0.3501274,1.066742135,Kampala,Central,14
H0140601,0.3501274,32.6699867,32.6699867,0.3501274,1.066742135,Kampala,Central,14
H0140901,0.3032211,32.6197472,32.6197472,0.3032211,0.01224761,Kampala,Central,14
H0160401,0.3016549,32.6005478,32.6005478,0.3016549,0.479143689,Kampala,Central,16
H0160501,0.3016549,32.6005478,32.6005478,0.3016549,0.479143689,Kampala,Central,16
H0161201,0.3016549,32.6005478,32.6005478,0.3016549,0.479143689,Kampala,Central,16
H0180101,0.273187,32.6248093,32.6248093,0.273187,0.51657119,Kampala,Central,18
H0180101,0.273187,32.6248093,32.6248093,0.273187,0.51657119,Kampala,Central,18
H0180601,0.273187,32.6248093,32.6248093,0.273187,0.51657119,Kampala,Central,18
H0180601,0.273187,32.6248093,32.6248093,0.273187,0.51657119,Kampala,Central,18
H0180602,-0.3969746,31.6315269,31.6315269,-0.3969746,1.565143243,Masaka,Central,18
H0180901,0.273187,32.6248093,32.6248093,0.273187,0.51657119,Kampala,Central,18
H0180901,0.273187,32.6248093,32.6248093,0.273187,0.51657119,Kampala,Central,18
H0181301,0.273187,32.6248093,32.6248093,0.273187,0.51657119,Kampala,Central,18
H0181301,0.273187,32.6248093,32.6248093,0.273187,0.51657119,Kampala,Central,18
H0210801,0.3447822,32.587532,32.587532,0.3447822,0.228507957,Kampala,Central,21
H0211001,0.3447822,32.587532,32.587532,0.3447822,0.228507957,Kampala,Central,21
H0211101,0.3447822,32.587532,32.587532,0.3447822,0.228507957,Kampala,Central,21
H0220501,0.3677201,32.6239586,32.6239586,0.3677201,1.026202083,Kampala,Central,22
H0220601,0.3677201,32.6239586,32.6239586,0.3677201,1.026202083,Kampala,Central,22
H0220701,0.3677201,32.6239586,32.6239586,0.3677201,1.026202083,Kampala,Central,22
H0230401,0.4297206,32.6659813,32.6659813,0.4297206,2.949423084,Mukono,Central,23
H0230401,0.4297206,32.6659813,32.6659813,0.4297206,2.949423084,Mukono,Central,23
H0230501,0.3684044,32.5902557,32.5902557,0.3684044,1.243060359,Kampala,Central,23
H0230801,0.3684044,32.5902557,32.5902557,0.3684044,1.243060359,Kampala,Central,23
H0231001,0.3684044,32.5902557,32.5902557,0.3684044,1.243060359,Kampala,Central,23
H0240701,0.3281848,32.6340675,32.6340675,0.3281848,0.524870944,Kampala,Central,24
H0240901,0.3281848,32.6340675,32.6340675,0.3281848,0.524870944,Kampala,Central,24
H0260201,0.3372048,32.6085892,32.6085892,0.3372048,1.254417058,Kampala,Central,26
H0260801,0.3372048,32.6085892,32.6085892,0.3372048,1.254417058,Kampala,Central,26
H0260901,0.3372048,32.6085892,32.6085892,0.3372048,1.254417058,Kampala,Central,26
H0270301,0.3059407,32.5291443,32.5291443,0.3059407,0.640667342,Kampala,Central,27
H0270601,0.3059407,32.5291443,32.5291443,0.3059407,0.640667342,Kampala,Central,27
H0270602,0.3059407,32.5291443,32.5291443,0.3059407,0.640667342,Kampala,Central,27
H0271102,0.3059407,32.5291443,32.5291443,0.3059407,0.640667342,Kampala,Central,27
H0280301,0.5020387,32.3488655,32.3488655,0.5020387,1.143841551,Kampala,Central,28
H0280302,0.2898597,32.5530357,32.5530357,0.2898597,0.005112697,Kampala,Central,28
H0280302,0.2898597,32.5530357,32.5530357,0.2898597,0.005112697,Kampala,Central,28
H0300301,0.3307504,32.542141,32.542141,0.3307504,1.300109876,Kampala,Central,30
H0300501,0.3307504,32.542141,32.542141,0.3307504,1.300109876,Kampala,Central,30
H0300601,0.3307504,32.542141,32.542141,0.3307504,1.300109876,Kampala,Central,30
H0301001,0.3307504,32.542141,32.542141,0.3307504,1.300109876,Kampala,Central,30
H0340901,0.3171434,32.537323,32.537323,0.3171434,0.802095641,Kampala,Central,34
H0341001,0.3171434,32.537323,32.537323,0.3171434,0.802095641,Kampala,Central,34
H0350301,0.30461,32.5437737,32.5437737,0.30461,0.817369526,Kampala,Central,35
H0351101,0.30461,32.5437737,32.5437737,0.30461,0.817369526,Kampala,Central,35
H0351501,0.30461,32.5437737,32.5437737,0.30461,0.817369526,Kampala,Central,35
H0360101,0.8279266,31.8434658,31.8434658,0.8279266,7.483132042,Kiboga,Central,36
H0360201,0.8279266,31.8434658,31.8434658,0.8279266,7.483132042,Kiboga,Central,36
H0360301,0.8279266,31.8434658,31.8434658,0.8279266,7.483132042,Kiboga,Central,36
H0360402,0.8279266,31.8434658,31.8434658,0.8279266,7.483132042,Kiboga,Central,36
H0360403,0.8279266,31.8434658,31.8434658,0.8279266,7.483132042,Kiboga,Central,36
H0360501,0.8279266,31.8434658,31.8434658,0.8279266,7.483132042,Kiboga,Central,36
H0360502,0.8279266,31.8434658,31.8434658,0.8279266,7.483132042,Kiboga,Central,36
H0360701,0.8279266,31.8434658,31.8434658,0.8279266,7.483132042,Kiboga,Central,36
H0360801,0.8279266,31.8434658,31.8434658,0.8279266,7.483132042,Kiboga,Central,36
H0361001,0.8279266,31.8434658,31.8434658,0.8279266,7.483132042,Kiboga,Central,36
H0370401,0.9235091,31.5785618,31.5785618,0.9235091,6.730697999,Kyankwanzi,Central,37
H0370501,0.9235091,31.5785618,31.5785618,0.9235091,6.730697999,Kyankwanzi,Central,37
H0370601,0.9235091,31.5785618,31.5785618,0.9235091,6.730697999,Kyankwanzi,Central,37
H0370701,0.9235091,31.5785618,31.5785618,0.9235091,6.730697999,Kyankwanzi,Central,37
H0370702,0.5626022,32.2181664,32.2181664,0.5626022,0,Wakiso,Central,37
H0370901,0.9235091,31.5785618,31.5785618,0.9235091,6.730697999,Kyankwanzi,Central,37
H0371101,0.9235091,31.5785618,31.5785618,0.9235091,6.730697999,Kyankwanzi,Central,37
H0371103,0.9284292,31.7803593,31.7803593,0.9284292,14.02238184,Kiboga,Central,37
H0380401,0.7121449,32.5294304,32.5294304,0.7121449,2.584286726,Luwero,Central,38
H0380401,0.7121449,32.5294304,32.5294304,0.7121449,2.584286726,Luwero,Central,38
H0380401,0.7121449,32.5294304,32.5294304,0.7121449,2.584286726,Luwero,Central,38
H0380701,0.7121449,32.5294304,32.5294304,0.7121449,2.584286726,Luwero,Central,38
H0380701,0.7121449,32.5294304,32.5294304,0.7121449,2.584286726,Luwero,Central,38
H0380701,0.7121449,32.5294304,32.5294304,0.7121449,2.584286726,Luwero,Central,38
H0380901,0.7121449,32.5294304,32.5294304,0.7121449,2.584286726,Luwero,Central,38
H0380901,0.7121449,32.5294304,32.5294304,0.7121449,2.584286726,Luwero,Central,38
H0380901,0.7121449,32.5294304,32.5294304,0.7121449,2.584286726,Luwero,Central,38
H0381101,0.586552,32.5252228,32.5252228,0.586552,0.291119316,Luwero,Central,38
H0381101,0.586552,32.5252228,32.5252228,0.586552,0.291119316,Luwero,Central,38
H0381101,0.586552,32.5252228,32.5252228,0.586552,0.291119316,Luwero,Central,38
H0390101,0.589527,32.6231079,32.6231079,0.589527,7.21260776,Luwero,Central,39
H0390101,0.589527,32.6231079,32.6231079,0.589527,7.21260776,Luwero,Central,39
H0390201,0.589527,32.6231079,32.6231079,0.589527,7.21260776,Luwero,Central,39
H0390201,0.589527,32.6231079,32.6231079,0.589527,7.21260776,Luwero,Central,39
H0390301,0.589527,32.6231079,32.6231079,0.589527,7.21260776,Luwero,Central,39
H0390301,0.589527,32.6231079,32.6231079,0.589527,7.21260776,Luwero,Central,39
H0390701,0.589527,32.6231079,32.6231079,0.589527,7.21260776,Luwero,Central,39
H0390701,0.589527,32.6231079,32.6231079,0.589527,7.21260776,Luwero,Central,39
H0390801,0.589527,32.6231079,32.6231079,0.589527,7.21260776,Luwero,Central,39
H0390801,0.589527,32.6231079,32.6231079,0.589527,7.21260776,Luwero,Central,39
H0390901,0.589527,32.6231079,32.6231079,0.589527,7.21260776,Luwero,Central,39
H0390901,0.589527,32.6231079,32.6231079,0.589527,7.21260776,Luwero,Central,39
H0390902,0.589527,32.6231079,32.6231079,0.589527,7.21260776,Luwero,Central,39
H0390902,0.589527,32.6231079,32.6231079,0.589527,7.21260776,Luwero,Central,39
H0391001,0.589527,32.6231079,32.6231079,0.589527,7.21260776,Luwero,Central,39
H0391001,0.589527,32.6231079,32.6231079,0.589527,7.21260776,Luwero,Central,39
H0400101,0.6623851,32.7091408,32.7091408,0.6623851,2.504474493,Luwero,Central,40
H0400201,0.6093619,32.47929,32.47929,0.6093619,0.276911488,Nakasangola,Central,40
H0400301,0.6623851,32.7091408,32.7091408,0.6623851,2.504474493,Luwero,Central,40
H0400302,0.6623851,32.7091408,32.7091408,0.6623851,2.504474493,Luwero,Central,40
H0400303,0.2570177,32.5793304,32.5793304,0.2570177,0.012551528,Kampala,Central,40
H0400304,0.4015975,32.4598999,32.4598999,0.4015975,3.91832657,Wakiso,Central,40
H0400401,0.6623851,32.7091408,32.7091408,0.6623851,2.504474493,Luwero,Central,40
H0400701,0.6623851,32.7091408,32.7091408,0.6623851,2.504474493,Luwero,Central,40
H0401001,0.6623851,32.7091408,32.7091408,0.6623851,2.504474493,Luwero,Central,40
H0401002,0.6623851,32.7091408,32.7091408,0.6623851,2.504474493,Luwero,Central,40
H0401101,0.547778,32.6300545,32.6300545,0.547778,4.62956814,Wakiso,Central,40
H0401101,0.547778,32.6300545,32.6300545,0.547778,4.62956814,Wakiso,Central,40
H0401102,0.3471041,32.537529,32.537529,0.3471041,0,Wakiso,Central,40
H0420101,0.6844332,32.3014259,32.3014259,0.6844332,10.50159838,Nakaseke,Central,42
H0420201,0.6445417,32.2456818,32.2456818,0.6445417,3.894380563,Nakaseke,Central,42
H0420301,0.6844332,32.3014259,32.3014259,0.6844332,10.50159838,Nakaseke,Central,42
H0420401,0.6844332,32.3014259,32.3014259,0.6844332,10.50159838,Nakaseke,Central,42
H0420501,0.6844332,32.3014259,32.3014259,0.6844332,10.50159838,Nakaseke,Central,42
H0420601,0.6844332,32.3014259,32.3014259,0.6844332,10.50159838,Nakaseke,Central,42
H0420701,0.6844332,32.3014259,32.3014259,0.6844332,10.50159838,Nakaseke,Central,42
H0420702,0.723251,32.3952751,32.3952751,0.723251,1.548336635,Nakaseke,Central,42
H0420801,0.6844332,32.3014259,32.3014259,0.6844332,10.50159838,Nakaseke,Central,42
H0420802,0.6844332,32.3014259,32.3014259,0.6844332,10.50159838,Nakaseke,Central,42
H0420901,0.6844332,32.3014259,32.3014259,0.6844332,10.50159838,Nakaseke,Central,42
H0420902,0.3949206,32.5732117,32.5732117,0.3949206,1.771852729,Kampala,Central,42
H0421001,0.6844332,32.3014259,32.3014259,0.6844332,10.50159838,Nakaseke,Central,42
H0450101,-0.1421476,31.8796768,31.8796768,-0.1421476,0.261431331,Kalungu,Central,45
H0450101,-0.1421476,31.8796768,31.8796768,-0.1421476,0.261431331,Kalungu,Central,45
H0450501,-0.1421476,31.8796768,31.8796768,-0.1421476,0.261431331,Kalungu,Central,45
H0450501,-0.1421476,31.8796768,31.8796768,-0.1421476,0.261431331,Kalungu,Central,45
H0450802,-0.1421476,31.8796768,31.8796768,-0.1421476,0.261431331,Kalungu,Central,45
H0450802,-0.1421476,31.8796768,31.8796768,-0.1421476,0.261431331,Kalungu,Central,45
H0450803,-0.1421476,31.8796768,31.8796768,-0.1421476,0.261431331,Kalungu,Central,45
H0450803,-0.1421476,31.8796768,31.8796768,-0.1421476,0.261431331,Kalungu,Central,45
H0450804,0.2536798,32.6103668,32.6103668,0.2536798,0.529338703,Kampala,Central,45
H0450901,-0.1421476,31.8796768,31.8796768,-0.1421476,0.261431331,Kalungu,Central,45
H0450901,-0.1421476,31.8796768,31.8796768,-0.1421476,0.261431331,Kalungu,Central,45
H0460201,-0.079571,31.6357079,31.6357079,-0.079571,6.86452358,Bukomansimbi,Central,46
H0460301,-0.079571,31.6357079,31.6357079,-0.079571,6.86452358,Bukomansimbi,Central,46
H0460401,-0.079571,31.6357079,31.6357079,-0.079571,6.86452358,Bukomansimbi,Central,46
H0460601,-0.079571,31.6357079,31.6357079,-0.079571,6.86452358,Bukomansimbi,Central,46
H0460602,-0.079571,31.6357079,31.6357079,-0.079571,6.86452358,Bukomansimbi,Central,46
H0460701,-0.0434075,31.5443306,31.5443306,-0.0434075,0.48467645,Bukomansimbi,Central,46
H0460701,-0.0434075,31.5443306,31.5443306,-0.0434075,0.48467645,Bukomansimbi,Central,46
H0460701,-0.0434075,31.5443306,31.5443306,-0.0434075,0.48467645,Bukomansimbi,Central,46
H0460801,-0.079571,31.6357079,31.6357079,-0.079571,6.86452358,Bukomansimbi,Central,46
H0460901,-0.079571,31.6357079,31.6357079,-0.079571,6.86452358,Bukomansimbi,Central,46
H0461001,-0.079571,31.6357079,31.6357079,-0.079571,6.86452358,Bukomansimbi,Central,46
H0461003,-0.079571,31.6357079,31.6357079,-0.079571,6.86452358,Bukomansimbi,Central,46
H0480101,-0.344248,31.5716648,31.5716648,-0.344248,1.176148467,Lwengo,Central,48
H0480101,-0.344248,31.5716648,31.5716648,-0.344248,1.176148467,Lwengo,Central,48
H0480101,-0.344248,31.5716648,31.5716648,-0.344248,1.176148467,Lwengo,Central,48
H0480201,-0.344248,31.5716648,31.5716648,-0.344248,1.176148467,Lwengo,Central,48
H0480201,-0.344248,31.5716648,31.5716648,-0.344248,1.176148467,Lwengo,Central,48
H0480201,-0.344248,31.5716648,31.5716648,-0.344248,1.176148467,Lwengo,Central,48
H0480202,-0.344248,31.5716648,31.5716648,-0.344248,1.176148467,Lwengo,Central,48
H0480202,-0.344248,31.5716648,31.5716648,-0.344248,1.176148467,Lwengo,Central,48
H0480202,-0.344248,31.5716648,31.5716648,-0.344248,1.176148467,Lwengo,Central,48
H0480501,-0.344248,31.5716648,31.5716648,-0.344248,1.176148467,Lwengo,Central,48
H0480501,-0.344248,31.5716648,31.5716648,-0.344248,1.176148467,Lwengo,Central,48
H0480501,-0.344248,31.5716648,31.5716648,-0.344248,1.176148467,Lwengo,Central,48
H0480601,-0.344248,31.5716648,31.5716648,-0.344248,1.176148467,Lwengo,Central,48
H0480601,-0.344248,31.5716648,31.5716648,-0.344248,1.176148467,Lwengo,Central,48
H0480601,-0.344248,31.5716648,31.5716648,-0.344248,1.176148467,Lwengo,Central,48
H0480701,-0.344248,31.5716648,31.5716648,-0.344248,1.176148467,Lwengo,Central,48
H0480701,-0.344248,31.5716648,31.5716648,-0.344248,1.176148467,Lwengo,Central,48
H0480701,-0.344248,31.5716648,31.5716648,-0.344248,1.176148467,Lwengo,Central,48
H0480801,-0.344248,31.5716648,31.5716648,-0.344248,1.176148467,Lwengo,Central,48
H0480801,-0.344248,31.5716648,31.5716648,-0.344248,1.176148467,Lwengo,Central,48
H0480801,-0.344248,31.5716648,31.5716648,-0.344248,1.176148467,Lwengo,Central,48
H0480802,0.3016549,32.6005478,32.6005478,0.3016549,0.479143689,Lyantonde,Central,48
H0481001,-0.344248,31.5716648,31.5716648,-0.344248,1.176148467,Lwengo,Central,48
H0481001,-0.344248,31.5716648,31.5716648,-0.344248,1.176148467,Lwengo,Central,48
H0481001,-0.344248,31.5716648,31.5716648,-0.344248,1.176148467,Lwengo,Central,48
H0490301,-0.4712003,31.3637867,31.3637867,-0.4712003,5.874851449,Lwengo,Central,49
H0490501,-0.4712003,31.3637867,31.3637867,-0.4712003,5.874851449,Lwengo,Central,49
H0490701,-0.4712003,31.3637867,31.3637867,-0.4712003,5.874851449,Lwengo,Central,49
H0490801,-0.4712003,31.3637867,31.3637867,-0.4712003,5.874851449,Lwengo,Central,49
H0490802,-0.4945638,31.2242641,31.2242641,-0.4945638,12.25689836,Rakai,Central,49
H0490901,-0.4712003,31.3637867,31.3637867,-0.4712003,5.874851449,Lwengo,Central,49
H0491001,-0.4712003,31.3637867,31.3637867,-0.4712003,5.874851449,Lwengo,Central,49
H0491002,-0.3274603,31.185112,31.185112,-0.3274603,19.40288876,Masaka,Central,49
H0491201,-0.4712003,31.3637867,31.3637867,-0.4712003,5.874851449,Lwengo,Central,49
H0491301,-0.4712003,31.3637867,31.3637867,-0.4712003,5.874851449,Lwengo,Central,49
H0491302,-0.4712003,31.3637867,31.3637867,-0.4712003,5.874851449,Lwengo,Central,49
H0491303,-0.4712003,31.3637867,31.3637867,-0.4712003,5.874851449,Lwengo,Central,49
H0491304,-0.4712003,31.3637867,31.3637867,-0.4712003,5.874851449,Lwengo,Central,49
H0491305,-0.4712003,31.3637867,31.3637867,-0.4712003,5.874851449,Lwengo,Central,49
H0491306,-0.4712003,31.3637867,31.3637867,-0.4712003,5.874851449,Lwengo,Central,49
H0491307,-0.4737734,31.5144615,31.5144615,-0.4737734,6.631991778,Lwengo,Central,49
H0500301,-0.5223863,31.3553429,31.3553429,-0.5223863,11.50388647,Lwengo,Central,50
H0500401,-0.5223863,31.3553429,31.3553429,-0.5223863,11.50388647,Lwengo,Central,50
H0500501,-0.5223863,31.3553429,31.3553429,-0.5223863,11.50388647,Lwengo,Central,50
H0500601,-0.5223863,31.3553429,31.3553429,-0.5223863,11.50388647,Lwengo,Central,50
H0500602,-0.5223863,31.3553429,31.3553429,-0.5223863,11.50388647,Lwengo,Central,50
H0500701,-0.5223863,31.3553429,31.3553429,-0.5223863,11.50388647,Lwengo,Central,50
H0500702,-0.3855833,31.4554024,31.4554024,-0.3855833,9.161132158,Kampala,Central,50
H0500801,-0.5223863,31.3553429,31.3553429,-0.5223863,11.50388647,Lwengo,Central,50
H0500802,-0.5635675,31.3852615,31.3852615,-0.5635675,12.13243789,Lwengo,Central,50
H0500901,-0.6392314,31.5299892,31.5299892,-0.6392314,5.202000078,Rakai,Central,50
H0500901,-0.6392314,31.5299892,31.5299892,-0.6392314,5.202000078,Rakai,Central,50
H0500901,-0.6392314,31.5299892,31.5299892,-0.6392314,5.202000078,Rakai,Central,50
H0500901,-0.6392314,31.5299892,31.5299892,-0.6392314,5.202000078,Rakai,Central,50
H0501001,-0.5223863,31.3553429,31.3553429,-0.5223863,11.50388647,Lwengo,Central,50
H0510101,-0.4079487,31.700758,31.700758,-0.4079487,3.095046472,Masaka,Central,51
H0510102,0.3501274,32.6699867,32.6699867,0.3501274,1.066742135,Wakiso,Central,51
H0510102,0.3501274,32.6699867,32.6699867,0.3501274,1.066742135,Wakiso,Central,51
H0510201,-0.5767824,31.691637,31.691637,-0.5767824,0.831397353,Masaka,Central,51
H0510201,-0.5767824,31.691637,31.691637,-0.5767824,0.831397353,Masaka,Central,51
H0510201,-0.5767824,31.691637,31.691637,-0.5767824,0.831397353,Masaka,Central,51
H0510201,-0.5767824,31.691637,31.691637,-0.5767824,0.831397353,Masaka,Central,51
H0510301,-0.5767824,31.691637,31.691637,-0.5767824,0.831397353,Masaka,Central,51
H0510301,-0.5767824,31.691637,31.691637,-0.5767824,0.831397353,Masaka,Central,51
H0510301,-0.5767824,31.691637,31.691637,-0.5767824,0.831397353,Masaka,Central,51
H0510301,-0.5767824,31.691637,31.691637,-0.5767824,0.831397353,Masaka,Central,51
H0510401,-0.5767824,31.691637,31.691637,-0.5767824,0.831397353,Masaka,Central,51
H0510401,-0.5767824,31.691637,31.691637,-0.5767824,0.831397353,Masaka,Central,51
H0510401,-0.5767824,31.691637,31.691637,-0.5767824,0.831397353,Masaka,Central,51
H0510401,-0.5767824,31.691637,31.691637,-0.5767824,0.831397353,Masaka,Central,51
H0510501,-0.5767824,31.691637,31.691637,-0.5767824,0.831397353,Masaka,Central,51
H0510501,-0.5767824,31.691637,31.691637,-0.5767824,0.831397353,Masaka,Central,51
H0510501,-0.5767824,31.691637,31.691637,-0.5767824,0.831397353,Masaka,Central,51
H0510501,-0.5767824,31.691637,31.691637,-0.5767824,0.831397353,Masaka,Central,51
H0510601,-0.5767824,31.691637,31.691637,-0.5767824,0.831397353,Masaka,Central,51
H0510601,-0.5767824,31.691637,31.691637,-0.5767824,0.831397353,Masaka,Central,51
H0510601,-0.5767824,31.691637,31.691637,-0.5767824,0.831397353,Masaka,Central,51
H0510601,-0.5767824,31.691637,31.691637,-0.5767824,0.831397353,Masaka,Central,51
H0510801,-0.5767824,31.691637,31.691637,-0.5767824,0.831397353,Masaka,Central,51
H0510801,-0.5767824,31.691637,31.691637,-0.5767824,0.831397353,Masaka,Central,51
H0510801,-0.5767824,31.691637,31.691637,-0.5767824,0.831397353,Masaka,Central,51
H0510801,-0.5767824,31.691637,31.691637,-0.5767824,0.831397353,Masaka,Central,51
H0510901,-0.5767824,31.691637,31.691637,-0.5767824,0.831397353,Masaka,Central,51
H0510901,-0.5767824,31.691637,31.691637,-0.5767824,0.831397353,Masaka,Central,51
H0510901,-0.5767824,31.691637,31.691637,-0.5767824,0.831397353,Masaka,Central,51
H0510901,-0.5767824,31.691637,31.691637,-0.5767824,0.831397353,Masaka,Central,51
H0511001,-0.5686054,31.4555321,31.4555321,-0.5686054,5.582382175,Rakai,Central,51
H0530101,-0.1421476,31.8796768,31.8796768,-0.1421476,0.261431331,Kalungu,Central,53
H0530101,-0.1421476,31.8796768,31.8796768,-0.1421476,0.261431331,Kalungu,Central,53
H0530201,0.3307504,32.542141,32.542141,0.3307504,1.300109876,Kalungu,Central,53
H0530301,0.0009766,31.799799,31.799799,0.0009766,1.89435937,Kalungu,Central,53
H0530301,0.0009766,31.799799,31.799799,0.0009766,1.89435937,Kalungu,Central,53
H0530401,0.0009766,31.799799,31.799799,0.0009766,1.89435937,Kalungu,Central,53
H0530401,0.0009766,31.799799,31.799799,0.0009766,1.89435937,Kalungu,Central,53
H0530402,0.0009766,31.799799,31.799799,0.0009766,1.89435937,Kalungu,Central,53
H0530402,0.0009766,31.799799,31.799799,0.0009766,1.89435937,Kalungu,Central,53
H0530501,0.0009766,31.799799,31.799799,0.0009766,1.89435937,Kalungu,Central,53
H0530501,0.0009766,31.799799,31.799799,0.0009766,1.89435937,Kalungu,Central,53
H0530502,-0.1204743,31.8799686,31.8799686,-0.1204743,0.445155195,Kalungu,Central,53
H0530502,-0.1204743,31.8799686,31.8799686,-0.1204743,0.445155195,Kalungu,Central,53
H0530503,0.0009766,31.799799,31.799799,0.0009766,1.89435937,Kalungu,Central,53
H0530503,0.0009766,31.799799,31.799799,0.0009766,1.89435937,Kalungu,Central,53
H0530601,0.0009766,31.799799,31.799799,0.0009766,1.89435937,Kalungu,Central,53
H0530601,0.0009766,31.799799,31.799799,0.0009766,1.89435937,Kalungu,Central,53
H0530901,0.0009766,31.799799,31.799799,0.0009766,1.89435937,Kalungu,Central,53
H0530901,0.0009766,31.799799,31.799799,0.0009766,1.89435937,Kalungu,Central,53
H0531001,0.0009766,31.799799,31.799799,0.0009766,1.89435937,Kalungu,Central,53
H0531001,0.0009766,31.799799,31.799799,0.0009766,1.89435937,Kalungu,Central,53
H0531002,-0.0832365,31.7295494,31.7295494,-0.0832365,1.259999957,Kalungu,Central,53
H0540301,-0.197683,31.8102913,31.8102913,-0.197683,8.90050055,Kalungu,Central,54
H0540401,-0.197683,31.8102913,31.8102913,-0.197683,8.90050055,Kalungu,Central,54
H0540501,-0.197683,31.8102913,31.8102913,-0.197683,8.90050055,Kalungu,Central,54
H0540601,-0.197683,31.8102913,31.8102913,-0.197683,8.90050055,Kalungu,Central,54
H0540701,-0.197683,31.8102913,31.8102913,-0.197683,8.90050055,Kalungu,Central,54
H0540702,-0.2721392,31.7503662,31.7503662,-0.2721392,0.095825582,Kalungu,Central,54
H0540901,-0.197683,31.8102913,31.8102913,-0.197683,8.90050055,Kalungu,Central,54
H0541001,-0.197683,31.8102913,31.8102913,-0.197683,8.90050055,Kalungu,Central,54
H0541201,-0.197683,31.8102913,31.8102913,-0.197683,8.90050055,Kalungu,Central,54
H0541202,-0.197683,31.8102913,31.8102913,-0.197683,8.90050055,Kalungu,Central,54
H0541203,1.9507985,32.1478996,32.1478996,1.9507985,17.80538772,Kiryandongo,Western,54
H0541204,0.2283482,32.3395996,32.3395996,0.2283482,0.15061729,Kalungu,Central,54
H0541204,0.2283482,32.3395996,32.3395996,0.2283482,0.15061729,Kalungu,Central,54
H0570101,0.0716099,32.0928726,32.0928726,0.0716099,0,Mpigi,Central,57
H0570101,0.0716099,32.0928726,32.0928726,0.0716099,0,Mpigi,Central,57
H0570201,0.0716099,32.0928726,32.0928726,0.0716099,0,Mpigi,Central,57
H0570201,0.0716099,32.0928726,32.0928726,0.0716099,0,Mpigi,Central,57
H0570202,0.0716099,32.0928726,32.0928726,0.0716099,0,Mpigi,Central,57
H0570202,0.0716099,32.0928726,32.0928726,0.0716099,0,Mpigi,Central,57
H0570301,0.0716099,32.0928726,32.0928726,0.0716099,0,Mpigi,Central,57
H0570301,0.0716099,32.0928726,32.0928726,0.0716099,0,Mpigi,Central,57
H0570302,0.0716099,32.0928726,32.0928726,0.0716099,0,Mpigi,Central,57
H0570302,0.0716099,32.0928726,32.0928726,0.0716099,0,Mpigi,Central,57
H0570401,0.0716099,32.0928726,32.0928726,0.0716099,0,Mpigi,Central,57
H0570401,0.0716099,32.0928726,32.0928726,0.0716099,0,Mpigi,Central,57
H0570501,0.0716099,32.0928726,32.0928726,0.0716099,0,Mpigi,Central,57
H0570501,0.0716099,32.0928726,32.0928726,0.0716099,0,Mpigi,Central,57
H0570601,0.0716099,32.0928726,32.0928726,0.0716099,0,Mpigi,Central,57
H0570601,0.0716099,32.0928726,32.0928726,0.0716099,0,Mpigi,Central,57
H0570602,0.3236698,32.4120407,32.4120407,0.3236698,0.480874159,Mpigi,Central,57
H0570602,0.3236698,32.4120407,32.4120407,0.3236698,0.480874159,Mpigi,Central,57
H0570701,0.0716099,32.0928726,32.0928726,0.0716099,0,Mpigi,Central,57
H0570701,0.0716099,32.0928726,32.0928726,0.0716099,0,Mpigi,Central,57
H0570901,0.0716099,32.0928726,32.0928726,0.0716099,0,Mpigi,Central,57
H0570901,0.0716099,32.0928726,32.0928726,0.0716099,0,Mpigi,Central,57
H0571001,0.0716099,32.0928726,32.0928726,0.0716099,0,Mpigi,Central,57
H0571001,0.0716099,32.0928726,32.0928726,0.0716099,0,Mpigi,Central,57
H0571101,0.0716099,32.0928726,32.0928726,0.0716099,0,Mpigi,Central,57
H0571101,0.0716099,32.0928726,32.0928726,0.0716099,0,Mpigi,Central,57
H0571102,0.1562603,32.2176285,32.2176285,0.1562603,0.052817922,Gomba,Central,57
H0590101,0.5526875,31.3820267,31.3820267,0.5526875,9.036217794,Mubende,Central,59
H0590301,0.4807198,31.6931667,31.6931667,0.4807198,15.35520757,Mubende,Central,59
H0590401,0.5526875,31.3820267,31.3820267,0.5526875,9.036217794,Mubende,Central,59
H0590601,0.7519823,31.379406,31.379406,0.7519823,4.238554375,Mubende,Western,59
H0590601,0.7519823,31.379406,31.379406,0.7519823,4.238554375,Mubende,Western,59
H0590602,0.695658,31.2665195,31.2665195,0.695658,4.742391771,Kibaale,Western,59
H0590602,0.695658,31.2665195,31.2665195,0.695658,4.742391771,Kibaale,Western,59
H0590603,0.6716268,31.262064,31.262064,0.6716268,7.373797511,Mubende,Central,59
H0590603,0.6716268,31.262064,31.262064,0.6716268,7.373797511,Mubende,Central,59
H0590604,0.6860912,31.2665863,31.2665863,0.6860912,5.70141075,Kibaale,Central,59
H0590604,0.6860912,31.2665863,31.2665863,0.6860912,5.70141075,Kibaale,Central,59
H0590901,0.5995917,31.3226509,31.3226509,0.5995917,12.59916614,Mubende,Central,59
H0590901,0.5995917,31.3226509,31.3226509,0.5995917,12.59916614,Mubende,Central,59
H0590902,0.5526875,31.3820267,31.3820267,0.5526875,9.036217794,Mubende,Central,59
H0590903,0.5023395,32.1289063,32.1289063,0.5023395,6.13027467,Mityana,Central,59
H0590904,0.5526875,31.3820267,31.3820267,0.5526875,9.036217794,Mubende,Central,59
H0590905,0.5391995,31.457449,31.457449,0.5391995,6.875893488,Mubende,Central,59
H0590906,0.5526875,31.3820267,31.3820267,0.5526875,9.036217794,Mubende,Central,59
H0591001,0.5526875,31.3820267,31.3820267,0.5526875,9.036217794,Mubende,Central,59
H0600101,0.3907135,32.073822,32.073822,0.3907135,12.71180172,Mityana,Central,60
H0600501,0.3907135,32.073822,32.073822,0.3907135,12.71180172,Mityana,Central,60
H0600601,0.3907135,32.073822,32.073822,0.3907135,12.71180172,Mityana,Central,60
H0600701,0.3907135,32.073822,32.073822,0.3907135,12.71180172,Mityana,Central,60
H0600801,0.3907135,32.073822,32.073822,0.3907135,12.71180172,Mityana,Central,60
H0600901,0.3907135,32.073822,32.073822,0.3907135,12.71180172,Mityana,Central,60
H0601001,0.3907135,32.073822,32.073822,0.3907135,12.71180172,Mityana,Central,60
H0601002,0.3907135,32.073822,32.073822,0.3907135,12.71180172,Wakiso,Central,60
H0610101,0.7513062,31.70298,31.70298,0.7513062,9.103860841,Mubende,Central,61
H0610201,0.2747231,31.9426517,31.9426517,0.2747231,3.102588896,Mityana,Central,61
H0610201,0.2747231,31.9426517,31.9426517,0.2747231,3.102588896,Mityana,Central,61
H0610301,0.2747231,31.9426517,31.9426517,0.2747231,3.102588896,Mityana,Central,61
H0610301,0.2747231,31.9426517,31.9426517,0.2747231,3.102588896,Mityana,Central,61
H0610401,0.2747231,31.9426517,31.9426517,0.2747231,3.102588896,Mityana,Central,61
H0610401,0.2747231,31.9426517,31.9426517,0.2747231,3.102588896,Mityana,Central,61
H0610402,0.3200716,32.5550461,32.5550461,0.3200716,0.584465993,Kampala,Central,61
H0610403,0.8082663,33.9758186,33.9758186,0.8082663,10.03773734,Wakiso,Central,61
H0610403,0.8082663,33.9758186,33.9758186,0.8082663,10.03773734,Wakiso,Central,61
H0610403,0.8082663,33.9758186,33.9758186,0.8082663,10.03773734,Wakiso,Central,61
H0610403,0.8082663,33.9758186,33.9758186,0.8082663,10.03773734,Wakiso,Central,61
H0610403,0.8082663,33.9758186,33.9758186,0.8082663,10.03773734,Wakiso,Central,61
H0610501,0.2747231,31.9426517,31.9426517,0.2747231,3.102588896,Mityana,Central,61
H0610501,0.2747231,31.9426517,31.9426517,0.2747231,3.102588896,Mityana,Central,61
H0610502,-0.2771708,31.8302975,31.8302975,-0.2771708,2.828024967,Mityana,Central,61
H0610503,0.2747231,31.9426517,31.9426517,0.2747231,3.102588896,Mityana,Central,61
H0610503,0.2747231,31.9426517,31.9426517,0.2747231,3.102588896,Mityana,Central,61
H0610701,0.2747231,31.9426517,31.9426517,0.2747231,3.102588896,Mityana,Central,61
H0610701,0.2747231,31.9426517,31.9426517,0.2747231,3.102588896,Mityana,Central,61
H0610801,0.2747231,31.9426517,31.9426517,0.2747231,3.102588896,Mityana,Central,61
H0610801,0.2747231,31.9426517,31.9426517,0.2747231,3.102588896,Mityana,Central,61
H0610901,0.2747231,31.9426517,31.9426517,0.2747231,3.102588896,Mityana,Central,61
H0610901,0.2747231,31.9426517,31.9426517,0.2747231,3.102588896,Mityana,Central,61
H0611001,0.3969772,32.0366631,32.0366631,0.3969772,8.588601775,Mityana,Central,61
H0620101,0.2130345,31.052639,31.052639,0.2130345,12.8370086,Mubende,Central,62
H0620701,0.2130345,31.052639,31.052639,0.2130345,12.8370086,Mubende,Central,62
H0620801,0.2130345,31.052639,31.052639,0.2130345,12.8370086,Mubende,Central,62
H0620901,0.2130345,31.052639,31.052639,0.2130345,12.8370086,Kyegegwa,Western,62
H0630101,0.5379676,31.3682365,31.3682365,0.5379676,10.35866073,Mubende,Central,63
H0630201,0.5379676,31.3682365,31.3682365,0.5379676,10.35866073,Mubende,Central,63
H0630202,0.5379676,31.3682365,31.3682365,0.5379676,10.35866073,Mubende,Central,63
H0630301,0.4137748,31.2379608,31.2379608,0.4137748,9.348466534,Mubende,Central,63
H0630302,0.4137748,31.2379608,31.2379608,0.4137748,9.348466534,Mubende,Central,63
H0630501,0.5379676,31.3682365,31.3682365,0.5379676,10.35866073,Mubende,Central,63
H0630601,0.5379676,31.3682365,31.3682365,0.5379676,10.35866073,Mubende,Central,63
H0630701,0.5379676,31.3682365,31.3682365,0.5379676,10.35866073,Mubende,Central,63
H0630901,0.5379676,31.3682365,31.3682365,0.5379676,10.35866073,Mubende,Central,63
H0631001,0.5379676,31.3682365,31.3682365,0.5379676,10.35866073,Mubende,Central,63
H0631002,0.5379676,31.3682365,31.3682365,0.5379676,10.35866073,Mubende,Central,63
H0631003,0.65354,30.2756348,30.2756348,0.65354,0.58769937,Kabarole,Western,63
H0640101,0.6307055,31.7877235,31.7877235,0.6307055,8.737117467,Mubende,Central,64
H0640101,0.6307055,31.7877235,31.7877235,0.6307055,8.737117467,Mubende,Central,64
H0640201,0.6307055,31.7877235,31.7877235,0.6307055,8.737117467,Mubende,Central,64
H0640201,0.6307055,31.7877235,31.7877235,0.6307055,8.737117467,Mubende,Central,64
H0640401,0.6307055,31.7877235,31.7877235,0.6307055,8.737117467,Mubende,Central,64
H0640401,0.6307055,31.7877235,31.7877235,0.6307055,8.737117467,Mubende,Central,64
H0640501,0.6307055,31.7877235,31.7877235,0.6307055,8.737117467,Mubende,Central,64
H0640501,0.6307055,31.7877235,31.7877235,0.6307055,8.737117467,Mubende,Central,64
H0640601,0.6307055,31.7877235,31.7877235,0.6307055,8.737117467,Mubende,Central,64
H0640601,0.6307055,31.7877235,31.7877235,0.6307055,8.737117467,Mubende,Central,64
H0640801,0.6307055,31.7877235,31.7877235,0.6307055,8.737117467,Mubende,Central,64
H0640801,0.6307055,31.7877235,31.7877235,0.6307055,8.737117467,Mubende,Central,64
H0640901,0.6307055,31.7877235,31.7877235,0.6307055,8.737117467,Mubende,Central,64
H0640901,0.6307055,31.7877235,31.7877235,0.6307055,8.737117467,Mubende,Central,64
H0641001,0.6307055,31.7877235,31.7877235,0.6307055,8.737117467,Mubende,Central,64
H0641001,0.6307055,31.7877235,31.7877235,0.6307055,8.737117467,Mubende,Central,64
H0641002,0.3307504,32.542141,32.542141,0.3307504,1.300109876,Kampala,Central,64
H0641101,0.6307055,31.7877235,31.7877235,0.6307055,8.737117467,Mubende,Central,64
H0641101,0.6307055,31.7877235,31.7877235,0.6307055,8.737117467,Mubende,Central,64
H0660201,0.5867513,31.7181549,31.7181549,0.5867513,12.4977878,Mubende,Central,66
H0660401,0.5755041,31.8198223,31.8198223,0.5755041,1.691550571,Mubende,Central,66
H0660501,0.5867513,31.7181549,31.7181549,0.5867513,12.4977878,Mubende,Central,66
H0660601,0.4807198,31.6931667,31.6931667,0.4807198,15.35520757,Mubende,Central,66
H0660602,0.5867513,31.7181549,31.7181549,0.5867513,12.4977878,Mubende,Central,66
H0660701,0.5867513,31.7181549,31.7181549,0.5867513,12.4977878,Mubende,Central,66
H0660801,0.5867513,31.7181549,31.7181549,0.5867513,12.4977878,Mubende,Central,66
H0660901,0.5867513,31.7181549,31.7181549,0.5867513,12.4977878,Mubende,Central,66
H0670101,0.4026233,32.0810547,32.0810547,0.4026233,13.0112601,Mityana,Central,67
H0670201,0.3907135,32.073822,32.073822,0.3907135,12.71180172,Mityana,Central,67
H0670301,0.4026233,32.0810547,32.0810547,0.4026233,13.0112601,Mityana,Central,67
H0670401,0.4026233,32.0810547,32.0810547,0.4026233,13.0112601,Mityana,Central,67
H0670601,0.4801992,31.7791748,31.7791748,0.4801992,5.855709044,Mubende,Central,67
H0670701,0.4026233,32.0810547,32.0810547,0.4026233,13.0112601,Mityana,Central,67
H0670702,0.4026233,32.0810547,32.0810547,0.4026233,13.0112601,Mityana,Central,67
H0670801,0.4026233,32.0810547,32.0810547,0.4026233,13.0112601,Mityana,Central,67
H0670802,0.4026233,32.0810547,32.0810547,0.4026233,13.0112601,Mityana,Central,67
H0670901,0.4026233,32.0810547,32.0810547,0.4026233,13.0112601,Mityana,Central,67
H0671001,0.4026233,32.0810547,32.0810547,0.4026233,13.0112601,Mityana,Central,67
H0680101,0.5439956,32.1898193,32.1898193,0.5439956,1.339501108,Mityana,Central,68
H0680201,0.5023395,32.1289063,32.1289063,0.5023395,6.13027467,Mityana,Central,68
H0680302,0.5439956,32.1898193,32.1898193,0.5439956,1.339501108,Mityana,Central,68
H0680501,0.3969772,32.0366631,32.0366631,0.3969772,8.588601775,Mityana,Central,68
H0680601,0.5439956,32.1898193,32.1898193,0.5439956,1.339501108,Mityana,Central,68
H0680701,0.5439956,32.1898193,32.1898193,0.5439956,1.339501108,Mityana,Central,68
H0681001,0.5439956,32.1898193,32.1898193,0.5439956,1.339501108,Mityana,Central,68
H0681002,0.5439956,32.1898193,32.1898193,0.5439956,1.339501108,Mityana,Central,68
H0690101,0.3549553,32.933506,32.933506,0.3549553,6.424474185,Buikwe,Northern,69
H0690301,0.3549553,32.933506,32.933506,0.3549553,6.424474185,Buikwe,Central,69
H0690601,0.3549553,32.933506,32.933506,0.3549553,6.424474185,Buikwe,Central,69
H0690801,0.3549553,32.933506,32.933506,0.3549553,6.424474185,Buikwe,Central,69
H0690901,0.3549553,32.933506,32.933506,0.3549553,6.424474185,Buikwe,Central,69
H0691101,0.3549553,32.933506,32.933506,0.3549553,6.424474185,Buikwe,Central,69
H0691103,0.3549553,32.933506,32.933506,0.3549553,6.424474185,Buikwe,Central,69
H0691104,,,,,,Buikwe,Central,69
H0700301,0.4114175,33.1413689,33.1413689,0.4114175,6.057434494,Buikwe,Central,70
H0700701,0.4114175,33.1413689,33.1413689,0.4114175,6.057434494,Buikwe,Central,70
H0700702,0.3313295,32.6365318,32.6365318,0.3313295,0.083887697,Kampala,Central,70
H0700801,0.4114175,33.1413689,33.1413689,0.4114175,6.057434494,Buikwe,Central,70
H0700901,0.4114175,33.1413689,33.1413689,0.4114175,6.057434494,Buikwe,Central,70
H0720201,0.369691,33.1874313,33.1874313,0.369691,3.78211705,Buikwe,Central,72
H0720202,0.369691,33.1874313,33.1874313,0.369691,3.78211705,Buikwe,Central,72
H0720301,0.369691,33.1874313,33.1874313,0.369691,3.78211705,Buikwe,Central,72
H0720401,0.369691,33.1874313,33.1874313,0.369691,3.78211705,Buikwe,Central,72
H0720501,0.369691,33.1874313,33.1874313,0.369691,3.78211705,Buikwe,Central,72
H0720701,0.369691,33.1874313,33.1874313,0.369691,3.78211705,Buikwe,Central,72
H0720801,0.369691,33.1874313,33.1874313,0.369691,3.78211705,Buikwe,Central,72
H0720802,0.369691,33.1874313,33.1874313,0.369691,3.78211705,Buikwe,Central,72
H0720901,0.369691,33.1874313,33.1874313,0.369691,3.78211705,Buikwe,Central,72
H0721001,0.369691,33.1874313,33.1874313,0.369691,3.78211705,Buikwe,Central,72
H0730301,0.3762634,33.1910133,33.1910133,0.3762634,2.964269203,Buikwe,Central,73
H0730401,0.3762634,33.1910133,33.1910133,0.3762634,2.964269203,Buikwe,Central,73
H0730402,0.3635365,32.9592552,32.9592552,0.3635365,9.441992587,Buikwe,Central,73
H0730601,0.3762634,33.1910133,33.1910133,0.3762634,2.964269203,Buikwe,Central,73
H0730701,0.3762634,33.1910133,33.1910133,0.3762634,2.964269203,Buikwe,Central,73
H0730901,0.3762634,33.1910133,33.1910133,0.3762634,2.964269203,Buikwe,Central,73
H0730902,0.3762634,33.1910133,33.1910133,0.3762634,2.964269203,Buikwe,Central,73
H0731001,0.3762634,33.1910133,33.1910133,0.3762634,2.964269203,Buikwe,Central,73
H0731101,0.3762634,33.1910133,33.1910133,0.3762634,2.964269203,Buikwe,Central,73
H0740301,1.7840133,34.0436783,34.0436783,1.7840133,3.259682221,Katakwi,Eastern,74
H0740301,1.7840133,34.0436783,34.0436783,1.7840133,3.259682221,Katakwi,Eastern,74
H0740301,1.7840133,34.0436783,34.0436783,1.7840133,3.259682221,Katakwi,Eastern,74
H0740301,1.7840133,34.0436783,34.0436783,1.7840133,3.259682221,Katakwi,Eastern,74
H0740401,0.1121898,33.4779625,33.4779625,0.1121898,8.786041221,Buvuma,Central,74
H0740601,0.1121898,33.4779625,33.4779625,0.1121898,8.786041221,Buikwe,Central,74
H0740802,0.4074379,33.0570946,33.0570946,0.4074379,15.43770365,Buikwe,Central,74
H0740803,0.3575317,32.9823608,32.9823608,0.3575317,10.7034799,Buikwe,Central,74
H0741001,0.1121898,33.4779625,33.4779625,0.1121898,8.786041221,Buvuma,Central,74
H0741201,0.1121898,33.4779625,33.4779625,0.1121898,8.786041221,Buvuma,Central,74
H0741202,0.1121898,33.4779625,33.4779625,0.1121898,8.786041221,Buvuma,Central,74
H0741301,0.1121898,33.4779625,33.4779625,0.1121898,8.786041221,Buvuma,Central,74
H0750101,0.4357423,32.8037338,32.8037338,0.4357423,6.21610157,Mukono,Central,75
H0750201,0.3726134,32.7563744,32.7563744,0.3726134,2.546681438,Mukono,Central,75
H0750202,0.4297206,32.6659813,32.6659813,0.4297206,2.949423084,Mukono,Central,75
H0750202,0.4297206,32.6659813,32.6659813,0.4297206,2.949423084,Mukono,Central,75
H0750204,0.3774391,32.8702545,32.8702545,0.3774391,1.727583597,Mukono,Central,75
H0750206,0.4297206,32.6659813,32.6659813,0.4297206,2.949423084,Mukono,Central,75
H0750206,0.4297206,32.6659813,32.6659813,0.4297206,2.949423084,Mukono,Central,75
H0750208,0.3726134,32.7563744,32.7563744,0.3726134,2.546681438,Mukono,Central,75
H0750401,0.4357423,32.8037338,32.8037338,0.4357423,6.21610157,Mukono,Central,75
H0750601,0.4357423,32.8037338,32.8037338,0.4357423,6.21610157,Mukono,Central,75
H0750701,0.4357423,32.8037338,32.8037338,0.4357423,6.21610157,Mukono,Central,75
H0750702,0.4357423,32.8037338,32.8037338,0.4357423,6.21610157,Mukono,Central,75
H0750801,0.4357423,32.8037338,32.8037338,0.4357423,6.21610157,Mukono,Central,75
H0750901,0.4357423,32.8037338,32.8037338,0.4357423,6.21610157,Mukono,Central,75
H0750902,0.4357423,32.8037338,32.8037338,0.4357423,6.21610157,Mukono,Central,75
H0750903,0.4357423,32.8037338,32.8037338,0.4357423,6.21610157,Mukono,Central,75
H0750904,0.3705323,32.6910362,32.6910362,0.3705323,2.834548972,Mukono,Central,75
H0750904,0.3705323,32.6910362,32.6910362,0.3705323,2.834548972,Mukono,Central,75
H0750906,0.4234467,32.7341309,32.7341309,0.4234467,1.589098677,Mukono,Central,75
H0750906,0.4234467,32.7341309,32.7341309,0.4234467,1.589098677,Mukono,Central,75
H0751001,0.4357423,32.8037338,32.8037338,0.4357423,6.21610157,Mukono,Central,75
H0810101,-0.6392314,31.5299892,31.5299892,-0.6392314,5.202000078,Rakai,Central,81
H0810101,-0.6392314,31.5299892,31.5299892,-0.6392314,5.202000078,Rakai,Central,81
H0810101,-0.6392314,31.5299892,31.5299892,-0.6392314,5.202000078,Rakai,Central,81
H0810101,-0.6392314,31.5299892,31.5299892,-0.6392314,5.202000078,Rakai,Central,81
H0810202,-0.6392314,31.5299892,31.5299892,-0.6392314,5.202000078,Rakai,Western,81
H0810202,-0.6392314,31.5299892,31.5299892,-0.6392314,5.202000078,Rakai,Western,81
H0810202,-0.6392314,31.5299892,31.5299892,-0.6392314,5.202000078,Rakai,Western,81
H0810202,-0.6392314,31.5299892,31.5299892,-0.6392314,5.202000078,Rakai,Western,81
H0810206,-0.6392314,31.5299892,31.5299892,-0.6392314,5.202000078,Rakai,Central,81
H0810206,-0.6392314,31.5299892,31.5299892,-0.6392314,5.202000078,Rakai,Central,81
H0810206,-0.6392314,31.5299892,31.5299892,-0.6392314,5.202000078,Rakai,Central,81
H0810206,-0.6392314,31.5299892,31.5299892,-0.6392314,5.202000078,Rakai,Central,81
H0810301,-0.6392314,31.5299892,31.5299892,-0.6392314,5.202000078,Rakai,Central,81
H0810301,-0.6392314,31.5299892,31.5299892,-0.6392314,5.202000078,Rakai,Central,81
H0810301,-0.6392314,31.5299892,31.5299892,-0.6392314,5.202000078,Rakai,Central,81
H0810301,-0.6392314,31.5299892,31.5299892,-0.6392314,5.202000078,Rakai,Central,81
H0810701,-0.8436935,31.5164146,31.5164146,-0.8436935,17.21584868,Rakai,Central,81
H0811001,-0.6392314,31.5299892,31.5299892,-0.6392314,5.202000078,Rakai,Central,81
H0811001,-0.6392314,31.5299892,31.5299892,-0.6392314,5.202000078,Rakai,Central,81
H0811001,-0.6392314,31.5299892,31.5299892,-0.6392314,5.202000078,Rakai,Central,81
H0811001,-0.6392314,31.5299892,31.5299892,-0.6392314,5.202000078,Rakai,Central,81
H0811401,-0.6392314,31.5299892,31.5299892,-0.6392314,5.202000078,Rakai,Central,81
H0811401,-0.6392314,31.5299892,31.5299892,-0.6392314,5.202000078,Rakai,Central,81
H0811401,-0.6392314,31.5299892,31.5299892,-0.6392314,5.202000078,Rakai,Central,81
H0811401,-0.6392314,31.5299892,31.5299892,-0.6392314,5.202000078,Rakai,Central,81
H0830101,-0.8871249,31.7110882,31.7110882,-0.8871249,20.90257268,Rakai,Central,83
H0830201,-0.8871249,31.7110882,31.7110882,-0.8871249,20.90257268,Rakai,Central,83
H0830202,-0.5863841,31.5477409,31.5477409,-0.5863841,6.473030215,Rakai,Central,83
H0830202,-0.5863841,31.5477409,31.5477409,-0.5863841,6.473030215,Rakai,Central,83
H0830202,-0.5863841,31.5477409,31.5477409,-0.5863841,6.473030215,Rakai,Central,83
H0830202,-0.5863841,31.5477409,31.5477409,-0.5863841,6.473030215,Rakai,Central,83
H0830203,-0.5790345,31.5738926,31.5738926,-0.5790345,3.899819799,Rakai,Central,83
H0830204,-0.5674809,31.6665497,31.6665497,-0.5674809,0.48249438,Rakai,Central,83
H0830204,-0.5674809,31.6665497,31.6665497,-0.5674809,0.48249438,Rakai,Central,83
H0830204,-0.5674809,31.6665497,31.6665497,-0.5674809,0.48249438,Rakai,Central,83
H0830204,-0.5674809,31.6665497,31.6665497,-0.5674809,0.48249438,Rakai,Central,83
H0830301,-0.8871249,31.7110882,31.7110882,-0.8871249,20.90257268,Rakai,Central,83
H0830302,-0.6682559,31.2553253,31.2553253,-0.6682559,0.271391489,Rakai,Central,83
H0830302,-0.6682559,31.2553253,31.2553253,-0.6682559,0.271391489,Rakai,Central,83
H0830401,-0.8871249,31.7110882,31.7110882,-0.8871249,20.90257268,Rakai,Central,83
H0830601,-0.9036267,31.7654724,31.7654724,-0.9036267,23.27189644,Rakai,Central,83
H0830701,-0.8871249,31.7110882,31.7110882,-0.8871249,20.90257268,Rakai,Central,83
H0830703,-0.5313087,31.7158375,31.7158375,-0.5313087,3.837296568,Masaka,Central,83
H0830704,-0.5313087,31.7158375,31.7158375,-0.5313087,3.837296568,Masaka,Central,83
H0830801,-0.8871249,31.7110882,31.7110882,-0.8871249,20.90257268,Rakai,Central,83
H0830803,-0.8871249,31.7110882,31.7110882,-0.8871249,20.90257268,Rakai,Central,83
H0830901,-0.3706047,31.7494545,31.7494545,-0.3706047,1.24905388,Masaka,Central,83
H0831001,-0.8871249,31.7110882,31.7110882,-0.8871249,20.90257268,Rakai,Central,83
H0831002,-0.8397069,31.5407734,31.5407734,-0.8397069,17.80993152,Rakai,Central,83
H0840201,-0.5186116,31.194437,31.194437,-0.5186116,9.63990066,Rakai,Central,84
H0840401,-0.5186116,31.194437,31.194437,-0.5186116,9.63990066,Rakai,Central,84
H0840501,-0.5186116,31.194437,31.194437,-0.5186116,9.63990066,Rakai,Central,84
H0840601,-0.4618723,31.1699162,31.1699162,-0.4618723,14.69572779,Lyantonde,Central,84
H0840602,-0.4176832,31.1459484,31.1459484,-0.4176832,13.07639095,Lyantonde,Central,84
H0840604,-0.5186116,31.194437,31.194437,-0.5186116,9.63990066,Rakai,Central,84
H0840801,-0.5186116,31.194437,31.194437,-0.5186116,9.63990066,Rakai,Central,84
H0840901,-0.5186116,31.194437,31.194437,-0.5186116,9.63990066,Rakai,Central,84
H0840902,-0.5186116,31.194437,31.194437,-0.5186116,9.63990066,Rakai,Central,84
H0840903,-0.6703895,31.1604404,31.1604404,-0.6703895,2.85182712,Rakai,Central,84
H0840903,-0.6703895,31.1604404,31.1604404,-0.6703895,2.85182712,Rakai,Central,84
H0841001,-0.5186116,31.194437,31.194437,-0.5186116,9.63990066,Rakai,Central,84
H0841101,-0.5186116,31.194437,31.194437,-0.5186116,9.63990066,Lwengo,Central,84
H0850201,-0.5088305,31.3332863,31.3332863,-0.5088305,10.37391692,Lwengo,Central,85
H0850301,-0.5088305,31.3332863,31.3332863,-0.5088305,10.37391692,Rakai,Central,85
H0850302,0.2689967,32.5728455,32.5728455,0.2689967,0.954187486,Wakiso,Central,85
H0850303,-0.5088305,31.3332863,31.3332863,-0.5088305,10.37391692,Lwengo,Central,85
H0850401,-0.5088305,31.3332863,31.3332863,-0.5088305,10.37391692,Rakai,Central,85
H0850501,-0.5088305,31.3332863,31.3332863,-0.5088305,10.37391692,Rakai,Central,85
H0850601,-0.5088305,31.3332863,31.3332863,-0.5088305,10.37391692,Rakai,Central,85
H0850701,-0.5088305,31.3332863,31.3332863,-0.5088305,10.37391692,Rakai,Central,85
H0850801,-0.5088305,31.3332863,31.3332863,-0.5088305,10.37391692,Rakai,Central,85
H0851001,-0.5088305,31.3332863,31.3332863,-0.5088305,10.37391692,Rakai,Central,85
H0851002,0.285991,32.5387039,32.5387039,0.285991,0.795713724,Kampala,Central,85
H0860201,-0.5033611,31.6160698,31.6160698,-0.5033611,0.203263937,Rakai,Central,86
H0860201,-0.5033611,31.6160698,31.6160698,-0.5033611,0.203263937,Rakai,Central,86
H0860201,-0.5033611,31.6160698,31.6160698,-0.5033611,0.203263937,Rakai,Central,86
H0860202,-0.5033611,31.6160698,31.6160698,-0.5033611,0.203263937,Rakai,Central,86
H0860202,-0.5033611,31.6160698,31.6160698,-0.5033611,0.203263937,Rakai,Central,86
H0860202,-0.5033611,31.6160698,31.6160698,-0.5033611,0.203263937,Rakai,Central,86
H0860203,0.7713247,32.431633,32.431633,0.7713247,3.710897457,Rakai,Central,86
H0860301,-0.5033611,31.6160698,31.6160698,-0.5033611,0.203263937,Rakai,Central,86
H0860301,-0.5033611,31.6160698,31.6160698,-0.5033611,0.203263937,Rakai,Central,86
H0860301,-0.5033611,31.6160698,31.6160698,-0.5033611,0.203263937,Rakai,Central,86
H0860302,0.2656806,32.4627571,32.4627571,0.2656806,0.416896327,Kampala,Central,86
H0860302,0.2656806,32.4627571,32.4627571,0.2656806,0.416896327,Kampala,Central,86
H0860302,0.2656806,32.4627571,32.4627571,0.2656806,0.416896327,Kampala,Central,86
H0860501,-0.5033611,31.6160698,31.6160698,-0.5033611,0.203263937,Rakai,Central,86
H0860501,-0.5033611,31.6160698,31.6160698,-0.5033611,0.203263937,Rakai,Central,86
H0860501,-0.5033611,31.6160698,31.6160698,-0.5033611,0.203263937,Rakai,Central,86
H0860901,-0.5033611,31.6160698,31.6160698,-0.5033611,0.203263937,Rakai,Central,86
H0860901,-0.5033611,31.6160698,31.6160698,-0.5033611,0.203263937,Rakai,Central,86
H0860901,-0.5033611,31.6160698,31.6160698,-0.5033611,0.203263937,Rakai,Central,86
H0861101,-0.5033611,31.6160698,31.6160698,-0.5033611,0.203263937,Rakai,Central,86
H0861101,-0.5033611,31.6160698,31.6160698,-0.5033611,0.203263937,Rakai,Central,86
H0861101,-0.5033611,31.6160698,31.6160698,-0.5033611,0.203263937,Rakai,Central,86
H0870101,0.1453667,31.23106,31.23106,0.1453667,9.339763823,Sembabule,Central,87
H0870301,0.1453667,31.23106,31.23106,0.1453667,9.339763823,Sembabule,Central,87
H0870601,0.1453667,31.23106,31.23106,0.1453667,9.339763823,Sembabule,Central,87
H0870701,0.1453667,31.23106,31.23106,0.1453667,9.339763823,Sembabule,Central,87
H0870801,0.1453667,31.23106,31.23106,0.1453667,9.339763823,Sembabule,Central,87
H0870802,0.1453667,31.23106,31.23106,0.1453667,9.339763823,Sembabule,Central,87
H0870901,0.1453667,31.23106,31.23106,0.1453667,9.339763823,Sembabule,Central,87
H0871001,0.1453667,31.23106,31.23106,0.1453667,9.339763823,Sembabule,Central,87
H0880101,-0.2922478,31.4787216,31.4787216,-0.2922478,10.59698805,Sembabule,Central,88
H0880101,-0.2922478,31.4787216,31.4787216,-0.2922478,10.59698805,Sembabule,Central,88
H0880101,-0.2922478,31.4787216,31.4787216,-0.2922478,10.59698805,Sembabule,Central,88
H0880201,-0.2922478,31.4787216,31.4787216,-0.2922478,10.59698805,Sembabule,Central,88
H0880201,-0.2922478,31.4787216,31.4787216,-0.2922478,10.59698805,Sembabule,Central,88
H0880201,-0.2922478,31.4787216,31.4787216,-0.2922478,10.59698805,Sembabule,Central,88
H0880202,-0.2293207,31.4010315,31.4010315,-0.2293207,16.55565064,Sembabule,Central,88
H0880202,-0.2293207,31.4010315,31.4010315,-0.2293207,16.55565064,Sembabule,Central,88
H0880202,-0.2293207,31.4010315,31.4010315,-0.2293207,16.55565064,Sembabule,Central,88
H0880301,-0.2922478,31.4787216,31.4787216,-0.2922478,10.59698805,Sembabule,Central,88
H0880301,-0.2922478,31.4787216,31.4787216,-0.2922478,10.59698805,Sembabule,Central,88
H0880301,-0.2922478,31.4787216,31.4787216,-0.2922478,10.59698805,Sembabule,Central,88
H0880401,-0.2922478,31.4787216,31.4787216,-0.2922478,10.59698805,Sembabule,Central,88
H0880401,-0.2922478,31.4787216,31.4787216,-0.2922478,10.59698805,Sembabule,Central,88
H0880401,-0.2922478,31.4787216,31.4787216,-0.2922478,10.59698805,Sembabule,Central,88
H0880501,-0.2922478,31.4787216,31.4787216,-0.2922478,10.59698805,Sembabule,Central,88
H0880501,-0.2922478,31.4787216,31.4787216,-0.2922478,10.59698805,Sembabule,Central,88
H0880501,-0.2922478,31.4787216,31.4787216,-0.2922478,10.59698805,Sembabule,Central,88
H0880502,-0.1152014,31.3929157,31.3929157,-0.1152014,8.554779813,Sembabule,Central,88
H0880601,-0.2922478,31.4787216,31.4787216,-0.2922478,10.59698805,Sembabule,Central,88
H0880601,-0.2922478,31.4787216,31.4787216,-0.2922478,10.59698805,Sembabule,Central,88
H0880601,-0.2922478,31.4787216,31.4787216,-0.2922478,10.59698805,Sembabule,Central,88
H0880602,-0.2922478,31.4787216,31.4787216,-0.2922478,10.59698805,Lwengo,Central,88
H0880602,-0.2922478,31.4787216,31.4787216,-0.2922478,10.59698805,Lwengo,Central,88
H0880602,-0.2922478,31.4787216,31.4787216,-0.2922478,10.59698805,Lwengo,Central,88
H0881001,-0.2922478,31.4787216,31.4787216,-0.2922478,10.59698805,Sembabule,Central,88
H0881001,-0.2922478,31.4787216,31.4787216,-0.2922478,10.59698805,Sembabule,Central,88
H0881001,-0.2922478,31.4787216,31.4787216,-0.2922478,10.59698805,Sembabule,Central,88
H0881101,-0.2922478,31.4787216,31.4787216,-0.2922478,10.59698805,Sembabule,Central,88
H0881101,-0.2922478,31.4787216,31.4787216,-0.2922478,10.59698805,Sembabule,Central,88
H0881101,-0.2922478,31.4787216,31.4787216,-0.2922478,10.59698805,Sembabule,Central,88
H0900101,0.7265806,32.9185066,32.9185066,0.7265806,2.821246266,Kayunga,Central,90
H0900101,0.7265806,32.9185066,32.9185066,0.7265806,2.821246266,Kayunga,Central,90
H0900102,0.7265806,32.9185066,32.9185066,0.7265806,2.821246266,Kayunga,Central,90
H0900102,0.7265806,32.9185066,32.9185066,0.7265806,2.821246266,Kayunga,Central,90
H0900301,0.7265806,32.9185066,32.9185066,0.7265806,2.821246266,Kayunga,Central,90
H0900301,0.7265806,32.9185066,32.9185066,0.7265806,2.821246266,Kayunga,Central,90
H0900402,0.6837586,32.8250008,32.8250008,0.6837586,2.51273587,Mukono,Central,90
H0900403,0.7265806,32.9185066,32.9185066,0.7265806,2.821246266,Kayunga,Central,90
H0900403,0.7265806,32.9185066,32.9185066,0.7265806,2.821246266,Kayunga,Central,90
H0900501,0.7265806,32.9185066,32.9185066,0.7265806,2.821246266,Kayunga,Central,90
H0900501,0.7265806,32.9185066,32.9185066,0.7265806,2.821246266,Kayunga,Central,90
H0900701,0.7265806,32.9185066,32.9185066,0.7265806,2.821246266,Kayunga,Central,90
H0900701,0.7265806,32.9185066,32.9185066,0.7265806,2.821246266,Kayunga,Central,90
H0900801,0.7265806,32.9185066,32.9185066,0.7265806,2.821246266,Kayunga,Central,90
H0900801,0.7265806,32.9185066,32.9185066,0.7265806,2.821246266,Kayunga,Central,90
H0900802,0.7265806,32.9185066,32.9185066,0.7265806,2.821246266,Kayunga,Central,90
H0900802,0.7265806,32.9185066,32.9185066,0.7265806,2.821246266,Kayunga,Central,90
H0901101,0.7265806,32.9185066,32.9185066,0.7265806,2.821246266,Kayunga,Central,90
H0901101,0.7265806,32.9185066,32.9185066,0.7265806,2.821246266,Kayunga,Central,90
H0910101,0.8272348,32.8440857,32.8440857,0.8272348,0.80668225,Kayunga,Central,91
H0910201,0.8272348,32.8440857,32.8440857,0.8272348,0.80668225,Kayunga,Central,91
H0910301,0.8272348,32.8440857,32.8440857,0.8272348,0.80668225,Kayunga,Central,91
H0910501,0.8272348,32.8440857,32.8440857,0.8272348,0.80668225,Kayunga,Central,91
H0910502,0.8272348,32.8440857,32.8440857,0.8272348,0.80668225,Kayunga,Central,91
H0910503,0.8272348,32.8440857,32.8440857,0.8272348,0.80668225,Kayunga,Central,91
H0910601,1.0652008,32.8845329,32.8845329,1.0652008,7.654868986,Kayunga,Central,91
H0910701,0.8272348,32.8440857,32.8440857,0.8272348,0.80668225,Kayunga,Central,91
H0910801,0.8272348,32.8440857,32.8440857,0.8272348,0.80668225,Kayunga,Central,91
H0910901,0.8272348,32.8440857,32.8440857,0.8272348,0.80668225,Kayunga,Central,91
H0910902,0.8272348,32.8440857,32.8440857,0.8272348,0.80668225,Kayunga,Central,91
H0911001,0.8272348,32.8440857,32.8440857,0.8272348,0.80668225,Kayunga,Central,91
H0911101,0.8272348,32.8440857,32.8440857,0.8272348,0.80668225,Kayunga,Central,91
H0920601,0.7329102,32.9587593,32.9587593,0.7329102,5.675086777,Kayunga,Central,92
H0920601,0.7329102,32.9587593,32.9587593,0.7329102,5.675086777,Kayunga,Central,92
H0920901,0.4297206,32.6659813,32.6659813,0.4297206,2.949423084,Wakiso,Central,92
H0920901,0.4297206,32.6659813,32.6659813,0.4297206,2.949423084,Wakiso,Central,92
H0921001,0.7329102,32.9587593,32.9587593,0.7329102,5.675086777,Kayunga,Central,92
H0921001,0.7329102,32.9587593,32.9587593,0.7329102,5.675086777,Kayunga,Central,92
H0940301,0.2185542,32.5398979,32.5398979,0.2185542,0,Wakiso,Central,94
H0940302,0.2185542,32.5398979,32.5398979,0.2185542,0,Wakiso,Central,94
H0950101,0.3501274,32.6699867,32.6699867,0.3501274,1.066742135,Wakiso,Central,95
H0950101,0.3501274,32.6699867,32.6699867,0.3501274,1.066742135,Wakiso,Central,95
H0950401,0.3768408,32.5703735,32.5703735,0.3768408,0.096969241,Kampala,Central,95
H0950501,0.4320074,32.5570984,32.5570984,0.4320074,1.934595502,Wakiso,Central,95
H0950901,0.3501274,32.6699867,32.6699867,0.3501274,1.066742135,Wakiso,Central,95
H0950901,0.3501274,32.6699867,32.6699867,0.3501274,1.066742135,Wakiso,Central,95
H0951001,0.3501274,32.6699867,32.6699867,0.3501274,1.066742135,Wakiso,Central,95
H0951001,0.3501274,32.6699867,32.6699867,0.3501274,1.066742135,Wakiso,Central,95
H0951301,0.3501274,32.6699867,32.6699867,0.3501274,1.066742135,Wakiso,Central,95
H0951301,0.3501274,32.6699867,32.6699867,0.3501274,1.066742135,Wakiso,Central,95
H0951401,0.4334388,32.6264915,32.6264915,0.4334388,0.493880207,Wakiso,Central,95
H0960401,0.3759933,32.5358734,32.5358734,0.3759933,2.193014574,Wakiso,Central,96
H0960801,0.3759933,32.5358734,32.5358734,0.3759933,2.193014574,Wakiso,Central,96
H0960901,0.3759933,32.5358734,32.5358734,0.3759933,2.193014574,Wakiso,Central,96
H0961001,0.3759933,32.5358734,32.5358734,0.3759933,2.193014574,Kampala,Central,96
H0961301,0.3759933,32.5358734,32.5358734,0.3759933,2.193014574,Wakiso,Central,96
H0970101,0.2618423,32.5567551,32.5567551,0.2618423,0.46927633,Wakiso,Central,97
H0970101,0.2618423,32.5567551,32.5567551,0.2618423,0.46927633,Wakiso,Central,97
H0970501,0.2618423,32.5567551,32.5567551,0.2618423,0.46927633,Wakiso,Central,97
H0970501,0.2618423,32.5567551,32.5567551,0.2618423,0.46927633,Wakiso,Central,97
H0970601,0.2618423,32.5567551,32.5567551,0.2618423,0.46927633,Wakiso,Central,97
H0970601,0.2618423,32.5567551,32.5567551,0.2618423,0.46927633,Wakiso,Central,97
H0971001,0.2618423,32.5567551,32.5567551,0.2618423,0.46927633,Wakiso,Central,97
H0971001,0.2618423,32.5567551,32.5567551,0.2618423,0.46927633,Wakiso,Central,97
H0990101,0.1287756,32.5185776,32.5185776,0.1287756,0,Wakiso,Central,99
H0990101,0.1287756,32.5185776,32.5185776,0.1287756,0,Wakiso,Central,99
H0990101,0.1287756,32.5185776,32.5185776,0.1287756,0,Wakiso,Central,99
H0990201,0.0393438,32.5403862,32.5403862,0.0393438,1.566916885,Wakiso,Central,99
H0990301,0.0393438,32.5403862,32.5403862,0.0393438,1.566916885,Wakiso,Central,99
H0990601,0.0393438,32.5403862,32.5403862,0.0393438,1.566916885,Wakiso,Central,99
H0990801,0.0393438,32.5403862,32.5403862,0.0393438,1.566916885,Wakiso,Central,99
H0990802,0.0393438,32.5403862,32.5403862,0.0393438,1.566916885,Wakiso,Central,99
H0990901,0.0393438,32.5403862,32.5403862,0.0393438,1.566916885,Wakiso,Central,99
H0990902,0.4301495,32.3403854,32.3403854,0.4301495,4.926829065,Wakiso,Central,99
H0990902,0.4301495,32.3403854,32.3403854,0.4301495,4.926829065,Wakiso,Central,99
H0990902,0.4301495,32.3403854,32.3403854,0.4301495,4.926829065,Wakiso,Central,99
H0991001,0.2358991,32.3601913,32.3601913,0.2358991,0,Wakiso,Central,99
H1000201,0.2656806,32.4627571,32.4627571,0.2656806,0.416896327,Wakiso,Central,100
H1000201,0.2656806,32.4627571,32.4627571,0.2656806,0.416896327,Wakiso,Central,100
H1000201,0.2656806,32.4627571,32.4627571,0.2656806,0.416896327,Wakiso,Central,100
H1000301,0.2656806,32.4627571,32.4627571,0.2656806,0.416896327,Wakiso,Central,100
H1000301,0.2656806,32.4627571,32.4627571,0.2656806,0.416896327,Wakiso,Central,100
H1000301,0.2656806,32.4627571,32.4627571,0.2656806,0.416896327,Wakiso,Central,100
H1000401,0.2656806,32.4627571,32.4627571,0.2656806,0.416896327,Wakiso,Central,100
H1000401,0.2656806,32.4627571,32.4627571,0.2656806,0.416896327,Wakiso,Central,100
H1000401,0.2656806,32.4627571,32.4627571,0.2656806,0.416896327,Wakiso,Central,100
H1000701,0.2656806,32.4627571,32.4627571,0.2656806,0.416896327,Wakiso,Central,100
H1000701,0.2656806,32.4627571,32.4627571,0.2656806,0.416896327,Wakiso,Central,100
H1000701,0.2656806,32.4627571,32.4627571,0.2656806,0.416896327,Wakiso,Central,100
H1000702,0.2656806,32.4627571,32.4627571,0.2656806,0.416896327,Wakiso,Central,100
H1000702,0.2656806,32.4627571,32.4627571,0.2656806,0.416896327,Wakiso,Central,100
H1000702,0.2656806,32.4627571,32.4627571,0.2656806,0.416896327,Wakiso,Central,100
H1000901,0.2656806,32.4627571,32.4627571,0.2656806,0.416896327,Wakiso,Central,100
H1000901,0.2656806,32.4627571,32.4627571,0.2656806,0.416896327,Wakiso,Central,100
H1000901,0.2656806,32.4627571,32.4627571,0.2656806,0.416896327,Wakiso,Central,100
H1001001,0.2656806,32.4627571,32.4627571,0.2656806,0.416896327,Wakiso,Central,100
H1001001,0.2656806,32.4627571,32.4627571,0.2656806,0.416896327,Wakiso,Central,100
H1001001,0.2656806,32.4627571,32.4627571,0.2656806,0.416896327,Wakiso,Central,100
H1001101,0.1849733,32.5627785,32.5627785,0.1849733,0,Wakiso,Central,100
H1020101,0.3260539,32.5104065,32.5104065,0.3260539,0.344919925,Wakiso,Central,102
H1020102,-0.4075879,31.1540947,31.1540947,-0.4075879,14.36450473,Lyantonde,Central,102
H1020501,0.3260539,32.5104065,32.5104065,0.3260539,0.344919925,Wakiso,Central,102
H1020701,0.3260539,32.5104065,32.5104065,0.3260539,0.344919925,Wakiso,Central,102
H1020901,0.3260539,32.5104065,32.5104065,0.3260539,0.344919925,Wakiso,Central,102
H1021001,0.1885433,32.5163422,32.5163422,0.1885433,0.282696676,Wakiso,Central,102
H1021001,0.1885433,32.5163422,32.5163422,0.1885433,0.282696676,Wakiso,Central,102
H1030301,0.3477134,32.6829796,32.6829796,0.3477134,0.180522536,Wakiso,Central,103
H1030301,0.3477134,32.6829796,32.6829796,0.3477134,0.180522536,Wakiso,Central,103
H1030401,0.3705323,32.6910362,32.6910362,0.3705323,2.834548972,Mukono,Central,103
H1030401,0.3705323,32.6910362,32.6910362,0.3705323,2.834548972,Mukono,Central,103
H1030601,0.3477134,32.6829796,32.6829796,0.3477134,0.180522536,Wakiso,Central,103
H1030601,0.3477134,32.6829796,32.6829796,0.3477134,0.180522536,Wakiso,Central,103
H1030901,0.6258381,32.7994118,32.7994118,0.6258381,4.945388796,Wakiso,Central,103
H1030901,0.6258381,32.7994118,32.7994118,0.6258381,4.945388796,Wakiso,Central,103
H1031101,0.3694841,32.7745628,32.7745628,0.3694841,2.653630479,Mukono,Central,103
H1031201,0.3477134,32.6829796,32.6829796,0.3477134,0.180522536,Wakiso,Central,103
H1031201,0.3477134,32.6829796,32.6829796,0.3477134,0.180522536,Wakiso,Central,103
H1070101,0.4314054,33.8126411,33.8126411,0.4314054,0.754592903,Bugiri,Eastern,107
H1070102,0.4314054,33.8126411,33.8126411,0.4314054,0.754592903,Bugiri,Eastern,107
H1070301,0.4314054,33.8126411,33.8126411,0.4314054,0.754592903,Bugiri,Eastern,107
H1070401,0.4314054,33.8126411,33.8126411,0.4314054,0.754592903,Bugiri,Eastern,107
H1070402,0.5046981,33.8682404,33.8682404,0.5046981,0,Bugiri,Eastern,107
H1070402,0.5046981,33.8682404,33.8682404,0.5046981,0,Bugiri,Eastern,107
H1070601,0.4314054,33.8126411,33.8126411,0.4314054,0.754592903,Bugiri,Eastern,107
H1070602,0.4574181,33.6858711,33.6858711,0.4574181,7.339718363,Bugiri,Eastern,107
H1070602,0.4574181,33.6858711,33.6858711,0.4574181,7.339718363,Bugiri,Eastern,107
H1070603,0.4314054,33.8126411,33.8126411,0.4314054,0.754592903,Bugiri,Eastern,107
H1070604,0.4550478,33.7846527,33.7846527,0.4550478,0.003505333,Bugiri,Eastern,107
H1070701,0.4314054,33.8126411,33.8126411,0.4314054,0.754592903,Bugiri,Eastern,107
H1070801,0.4314054,33.8126411,33.8126411,0.4314054,0.754592903,Bugiri,Eastern,107
H1070901,0.4314054,33.8126411,33.8126411,0.4314054,0.754592903,Bugiri,Eastern,107
H1071001,0.6233144,33.6189804,33.6189804,0.6233144,11.88248767,Iganga,Eastern,107
H1071001,0.6233144,33.6189804,33.6189804,0.6233144,11.88248767,Iganga,Eastern,107
H1071003,0.5651754,33.7593155,33.7593155,0.5651754,0.039395643,Bugiri,Eastern,107
H1080101,0.1919235,33.7192307,33.7192307,0.1919235,5.047611452,Busia,Eastern,108
H1080201,0.3135191,33.870636,33.870636,0.3135191,0,Namayingo,Eastern,108
H1080301,0.3135191,33.870636,33.870636,0.3135191,0,Namayingo,Eastern,108
H1080302,0.3135191,33.870636,33.870636,0.3135191,0,Namayingo,Eastern,108
H1080303,0.3135191,33.870636,33.870636,0.3135191,0,Namayingo,Eastern,108
H1080401,0.3135191,33.870636,33.870636,0.3135191,0,Namayingo,Eastern,108
H1080501,0.3135191,33.870636,33.870636,0.3135191,0,Namayingo,Eastern,108
H1080601,0.3135191,33.870636,33.870636,0.3135191,0,Namayingo,Eastern,108
H1080701,0.1919235,33.7192307,33.7192307,0.1919235,5.047611452,Namayingo,Eastern,108
H1080702,0.3135191,33.870636,33.870636,0.3135191,0,Namayingo,Eastern,108
H1080902,0.3135191,33.870636,33.870636,0.3135191,0,Namayingo,Eastern,108
H1090201,0.6449333,33.7126389,33.7126389,0.6449333,2.154211981,Bugiri,Eastern,109
H1090201,0.6449333,33.7126389,33.7126389,0.6449333,2.154211981,Bugiri,Eastern,109
H1090501,0.7115981,33.6848335,33.6848335,0.7115981,6.659527771,Bugiri,Eastern,109
H1090501,0.7115981,33.6848335,33.6848335,0.7115981,6.659527771,Bugiri,Eastern,109
H1090502,0.7115981,33.6848335,33.6848335,0.7115981,6.659527771,Bugiri,Eastern,109
H1090502,0.7115981,33.6848335,33.6848335,0.7115981,6.659527771,Bugiri,Eastern,109
H1090801,0.7115981,33.6848335,33.6848335,0.7115981,6.659527771,Bugiri,Eastern,109
H1090801,0.7115981,33.6848335,33.6848335,0.7115981,6.659527771,Bugiri,Eastern,109
H1090901,0.7115981,33.6848335,33.6848335,0.7115981,6.659527771,Bugiri,Eastern,109
H1090901,0.7115981,33.6848335,33.6848335,0.7115981,6.659527771,Bugiri,Eastern,109
H1090902,0.7115981,33.6848335,33.6848335,0.7115981,6.659527771,Bugiri,Eastern,109
H1090902,0.7115981,33.6848335,33.6848335,0.7115981,6.659527771,Bugiri,Eastern,109
H1090903,0.8405605,33.6872101,33.6872101,0.8405605,4.957991893,Namutumba,Eastern,109
H1090903,0.8405605,33.6872101,33.6872101,0.8405605,4.957991893,Namutumba,Eastern,109
H1090903,0.8405605,33.6872101,33.6872101,0.8405605,4.957991893,Namutumba,Eastern,109
H1090903,0.8405605,33.6872101,33.6872101,0.8405605,4.957991893,Namutumba,Eastern,109
H1090903,0.8405605,33.6872101,33.6872101,0.8405605,4.957991893,Namutumba,Eastern,109
H1090904,0.3782451,33.5693741,33.5693741,0.3782451,13.33580731,Mayuge,Eastern,109
H1100201,0.1039995,33.7830925,33.7830925,0.1039995,2.814809187,Namayingo,Eastern,110
H1100601,0.1039995,33.7830925,33.7830925,0.1039995,2.814809187,Namayingo,Eastern,110
H1100701,0.1039995,33.7830925,33.7830925,0.1039995,2.814809187,Namayingo,Eastern,110
H1101001,0.1039995,33.7830925,33.7830925,0.1039995,2.814809187,Namayingo,Eastern,110
H1101101,0.1039995,33.7830925,33.7830925,0.1039995,2.814809187,Namayingo,Eastern,110
H1101102,0.1039995,33.7830925,33.7830925,0.1039995,2.814809187,Namayingo,Eastern,110
H1140301,0.6159048,33.4700546,33.4700546,0.6159048,0.699722105,Iganga,Eastern,114
H1140302,0.6159048,33.4700546,33.4700546,0.6159048,0.699722105,Iganga,Eastern,114
H1140501,0.6159048,33.4700546,33.4700546,0.6159048,0.699722105,Iganga,Eastern,114
H1140601,0.6159048,33.4700546,33.4700546,0.6159048,0.699722105,Iganga,Eastern,114
H1140901,0.6159048,33.4700546,33.4700546,0.6159048,0.699722105,Iganga,Eastern,114
H1141001,0.6159048,33.4700546,33.4700546,0.6159048,0.699722105,Iganga,Eastern,114
H1141401,0.6159048,33.4700546,33.4700546,0.6159048,0.699722105,Iganga,Eastern,114
H1150101,0.6236973,33.4741478,33.4741478,0.6236973,1.651355012,Iganga,Eastern,115
H1150202,0.6236973,33.4741478,33.4741478,0.6236973,1.651355012,Iganga,Eastern,115
H1150203,0.6236973,33.4741478,33.4741478,0.6236973,1.651355012,Iganga,Eastern,115
H1150501,0.6236973,33.4741478,33.4741478,0.6236973,1.651355012,Iganga,Eastern,115
H1150601,0.6236973,33.4741478,33.4741478,0.6236973,1.651355012,Iganga,Eastern,115
H1150602,0.6236973,33.4741478,33.4741478,0.6236973,1.651355012,Iganga,Eastern,115
H1150701,0.6236973,33.4741478,33.4741478,0.6236973,1.651355012,Iganga,Eastern,115
H1150901,0.6236973,33.4741478,33.4741478,0.6236973,1.651355012,Iganga,Eastern,115
H1151001,0.6236973,33.4741478,33.4741478,0.6236973,1.651355012,Iganga,Eastern,115
H1180101,0.572828,33.4740257,33.4740257,0.572828,4.169514783,Iganga,Eastern,118
H1180401,0.572828,33.4740257,33.4740257,0.572828,4.169514783,Iganga,Eastern,118
H1180501,0.572828,33.4740257,33.4740257,0.572828,4.169514783,Iganga,Eastern,118
H1180601,0.572828,33.4740257,33.4740257,0.572828,4.169514783,Iganga,Eastern,118
H1180701,0.572828,33.4740257,33.4740257,0.572828,4.169514783,Iganga,Eastern,118
H1180801,0.572828,33.4740257,33.4740257,0.572828,4.169514783,Iganga,Eastern,118
H1180901,0.572828,33.4740257,33.4740257,0.572828,4.169514783,Iganga,Eastern,118
H1190101,0.6749828,33.5198975,33.5198975,0.6749828,5.189519601,Iganga,Eastern,119
H1190101,0.6749828,33.5198975,33.5198975,0.6749828,5.189519601,Iganga,Eastern,119
H1190101,0.6749828,33.5198975,33.5198975,0.6749828,5.189519601,Iganga,Eastern,119
H1190101,0.6749828,33.5198975,33.5198975,0.6749828,5.189519601,Iganga,Eastern,119
H1190101,0.6749828,33.5198975,33.5198975,0.6749828,5.189519601,Iganga,Eastern,119
H1190201,0.6749828,33.5198975,33.5198975,0.6749828,5.189519601,Iganga,Eastern,119
H1190201,0.6749828,33.5198975,33.5198975,0.6749828,5.189519601,Iganga,Eastern,119
H1190201,0.6749828,33.5198975,33.5198975,0.6749828,5.189519601,Iganga,Eastern,119
H1190201,0.6749828,33.5198975,33.5198975,0.6749828,5.189519601,Iganga,Eastern,119
H1190201,0.6749828,33.5198975,33.5198975,0.6749828,5.189519601,Iganga,Eastern,119
H1190301,0.6749828,33.5198975,33.5198975,0.6749828,5.189519601,229,Eastern,119
H1190301,0.6749828,33.5198975,33.5198975,0.6749828,5.189519601,229,Eastern,119
H1190301,0.6749828,33.5198975,33.5198975,0.6749828,5.189519601,229,Eastern,119
H1190301,0.6749828,33.5198975,33.5198975,0.6749828,5.189519601,229,Eastern,119
H1190301,0.6749828,33.5198975,33.5198975,0.6749828,5.189519601,229,Eastern,119
H1190302,1.0474883,33.3319397,33.3319397,1.0474883,11.02283167,229,Eastern,119
H1190302,1.0474883,33.3319397,33.3319397,1.0474883,11.02283167,229,Eastern,119
H1190302,1.0474883,33.3319397,33.3319397,1.0474883,11.02283167,229,Eastern,119
H1190302,1.0474883,33.3319397,33.3319397,1.0474883,11.02283167,229,Eastern,119
H1190302,1.0474883,33.3319397,33.3319397,1.0474883,11.02283167,229,Eastern,119
H1190501,0.6749828,33.5198975,33.5198975,0.6749828,5.189519601,Iganga,Eastern,119
H1190501,0.6749828,33.5198975,33.5198975,0.6749828,5.189519601,Iganga,Eastern,119
H1190501,0.6749828,33.5198975,33.5198975,0.6749828,5.189519601,Iganga,Eastern,119
H1190501,0.6749828,33.5198975,33.5198975,0.6749828,5.189519601,Iganga,Eastern,119
H1190501,0.6749828,33.5198975,33.5198975,0.6749828,5.189519601,Iganga,Eastern,119
H1191001,0.6749828,33.5198975,33.5198975,0.6749828,5.189519601,Iganga,Eastern,119
H1191001,0.6749828,33.5198975,33.5198975,0.6749828,5.189519601,Iganga,Eastern,119
H1191001,0.6749828,33.5198975,33.5198975,0.6749828,5.189519601,Iganga,Eastern,119
H1191001,0.6749828,33.5198975,33.5198975,0.6749828,5.189519601,Iganga,Eastern,119
H1191001,0.6749828,33.5198975,33.5198975,0.6749828,5.189519601,Iganga,Eastern,119
H1200101,1.0165653,33.32798,33.32798,1.0165653,12.98906898,229,Eastern,120
H1200101,1.0165653,33.32798,33.32798,1.0165653,12.98906898,229,Eastern,120
H1200101,1.0165653,33.32798,33.32798,1.0165653,12.98906898,229,Eastern,120
H1200101,1.0165653,33.32798,33.32798,1.0165653,12.98906898,229,Eastern,120
H1200101,1.0165653,33.32798,33.32798,1.0165653,12.98906898,229,Eastern,120
H1200301,1.0165653,33.32798,33.32798,1.0165653,12.98906898,229,Eastern,120
H1200301,1.0165653,33.32798,33.32798,1.0165653,12.98906898,229,Eastern,120
H1200301,1.0165653,33.32798,33.32798,1.0165653,12.98906898,229,Eastern,120
H1200301,1.0165653,33.32798,33.32798,1.0165653,12.98906898,229,Eastern,120
H1200301,1.0165653,33.32798,33.32798,1.0165653,12.98906898,229,Eastern,120
H1200302,1.0165653,33.32798,33.32798,1.0165653,12.98906898,229,Eastern,120
H1200302,1.0165653,33.32798,33.32798,1.0165653,12.98906898,229,Eastern,120
H1200302,1.0165653,33.32798,33.32798,1.0165653,12.98906898,229,Eastern,120
H1200302,1.0165653,33.32798,33.32798,1.0165653,12.98906898,229,Eastern,120
H1200302,1.0165653,33.32798,33.32798,1.0165653,12.98906898,229,Eastern,120
H1200501,1.0165653,33.32798,33.32798,1.0165653,12.98906898,229,Eastern,120
H1200501,1.0165653,33.32798,33.32798,1.0165653,12.98906898,229,Eastern,120
H1200501,1.0165653,33.32798,33.32798,1.0165653,12.98906898,229,Eastern,120
H1200501,1.0165653,33.32798,33.32798,1.0165653,12.98906898,229,Eastern,120
H1200501,1.0165653,33.32798,33.32798,1.0165653,12.98906898,229,Eastern,120
H1200701,1.0165653,33.32798,33.32798,1.0165653,12.98906898,229,Eastern,120
H1200701,1.0165653,33.32798,33.32798,1.0165653,12.98906898,229,Eastern,120
H1200701,1.0165653,33.32798,33.32798,1.0165653,12.98906898,229,Eastern,120
H1200701,1.0165653,33.32798,33.32798,1.0165653,12.98906898,229,Eastern,120
H1200701,1.0165653,33.32798,33.32798,1.0165653,12.98906898,229,Eastern,120
H1200801,1.0165653,33.32798,33.32798,1.0165653,12.98906898,229,Eastern,120
H1200801,1.0165653,33.32798,33.32798,1.0165653,12.98906898,229,Eastern,120
H1200801,1.0165653,33.32798,33.32798,1.0165653,12.98906898,229,Eastern,120
H1200801,1.0165653,33.32798,33.32798,1.0165653,12.98906898,229,Eastern,120
H1200801,1.0165653,33.32798,33.32798,1.0165653,12.98906898,229,Eastern,120
H1200803,1.0165653,33.32798,33.32798,1.0165653,12.98906898,229,Eastern,120
H1200803,1.0165653,33.32798,33.32798,1.0165653,12.98906898,229,Eastern,120
H1200803,1.0165653,33.32798,33.32798,1.0165653,12.98906898,229,Eastern,120
H1200803,1.0165653,33.32798,33.32798,1.0165653,12.98906898,229,Eastern,120
H1200803,1.0165653,33.32798,33.32798,1.0165653,12.98906898,229,Eastern,120
H1200805,1.1472346,33.2423058,33.2423058,1.1472346,5.29556369,Buyende,Eastern,120
H1200806,0.6613532,33.1500397,33.1500397,0.6613532,12.31193587,Jinja,Eastern,120
H1201001,1.0165653,33.32798,33.32798,1.0165653,12.98906898,229,Eastern,120
H1201001,1.0165653,33.32798,33.32798,1.0165653,12.98906898,229,Eastern,120
H1201001,1.0165653,33.32798,33.32798,1.0165653,12.98906898,229,Eastern,120
H1201001,1.0165653,33.32798,33.32798,1.0165653,12.98906898,229,Eastern,120
H1201001,1.0165653,33.32798,33.32798,1.0165653,12.98906898,229,Eastern,120
H1201101,1.0165653,33.32798,33.32798,1.0165653,12.98906898,229,Eastern,120
H1201101,1.0165653,33.32798,33.32798,1.0165653,12.98906898,229,Eastern,120
H1201101,1.0165653,33.32798,33.32798,1.0165653,12.98906898,229,Eastern,120
H1201101,1.0165653,33.32798,33.32798,1.0165653,12.98906898,229,Eastern,120
H1201101,1.0165653,33.32798,33.32798,1.0165653,12.98906898,229,Eastern,120
H1230601,0.4324366,33.2406769,33.2406769,0.4324366,0.716035747,Jinja,Eastern,123
H1231001,0.4324366,33.2406769,33.2406769,0.4324366,0.716035747,Jinja,Eastern,123
H1231101,0.4324366,33.2406769,33.2406769,0.4324366,0.716035747,Jinja,Eastern,123
H1240201,0.4854879,33.2385559,33.2385559,0.4854879,3.035691419,Jinja,Eastern,124
H1240401,0.4854879,33.2385559,33.2385559,0.4854879,3.035691419,Jinja,Eastern,124
H1240702,0.4854879,33.2385559,33.2385559,0.4854879,3.035691419,Jinja,Eastern,124
H1240801,0.4854879,33.2385559,33.2385559,0.4854879,3.035691419,Jinja,Eastern,124
H1240901,0.4854879,33.2385559,33.2385559,0.4854879,3.035691419,Jinja,Eastern,124
H1241101,0.4854879,33.2385559,33.2385559,0.4854879,3.035691419,Jinja,Eastern,124
H1250101,0.6257625,33.2887726,33.2887726,0.6257625,15.7831135,Jinja,Eastern,125
H1250201,0.6257625,33.2887726,33.2887726,0.6257625,15.7831135,Jinja,Eastern,125
H1250202,0.6257625,33.2887726,33.2887726,0.6257625,15.7831135,Jinja,Eastern,125
H1250401,0.6257625,33.2887726,33.2887726,0.6257625,15.7831135,Jinja,Eastern,125
H1250501,0.6257625,33.2887726,33.2887726,0.6257625,15.7831135,Jinja,Eastern,125
H1250601,0.6257625,33.2887726,33.2887726,0.6257625,15.7831135,Jinja,Eastern,125
H1250701,0.6257625,33.2887726,33.2887726,0.6257625,15.7831135,Jinja,Eastern,125
H1250901,0.6257625,33.2887726,33.2887726,0.6257625,15.7831135,Jinja,Eastern,125
H1251001,0.6257625,33.2887726,33.2887726,0.6257625,15.7831135,Jinja,Eastern,125
H1251201,0.6257625,33.2887726,33.2887726,0.6257625,15.7831135,Jinja,Eastern,125
H1251202,0.6257625,33.2887726,33.2887726,0.6257625,15.7831135,Jinja,Eastern,125
H1260101,0.5513195,33.1258621,33.1258621,0.5513195,8.455370954,Jinja,Eastern,126
H1260301,0.5513195,33.1258621,33.1258621,0.5513195,8.455370954,Jinja,Eastern,126
H1260401,0.5513195,33.1258621,33.1258621,0.5513195,8.455370954,Jinja,Eastern,126
H1260501,0.5513195,33.1258621,33.1258621,0.5513195,8.455370954,Jinja,Eastern,126
H1260602,0.5513195,33.1258621,33.1258621,0.5513195,8.455370954,Jinja,Eastern,126
H1260701,0.5513195,33.1258621,33.1258621,0.5513195,8.455370954,Jinja,Eastern,126
H1260901,0.5513195,33.1258621,33.1258621,0.5513195,8.455370954,Jinja,Eastern,126
H1261001,0.5513195,33.1258621,33.1258621,0.5513195,8.455370954,Jinja,Eastern,126
H1261101,0.5513195,33.1258621,33.1258621,0.5513195,8.455370954,Jinja,Eastern,126
H1270301,0.5455637,33.0937653,33.0937653,0.5455637,6.307157671,Jinja,Eastern,127
H1270401,0.5455637,33.0937653,33.0937653,0.5455637,6.307157671,Jinja,Eastern,127
H1270501,0.5455637,33.0937653,33.0937653,0.5455637,6.307157671,Jinja,Eastern,127
H1270601,0.5455637,33.0937653,33.0937653,0.5455637,6.307157671,Jinja,Eastern,127
H1270701,0.5455637,33.0937653,33.0937653,0.5455637,6.307157671,Jinja,Eastern,127
H1270801,0.5455637,33.0937653,33.0937653,0.5455637,6.307157671,Jinja,Eastern,127
H1270901,0.5455637,33.0937653,33.0937653,0.5455637,6.307157671,Jinja,Eastern,127
H1270902,0.5455637,33.0937653,33.0937653,0.5455637,6.307157671,Jinja,Eastern,127
H1271001,0.5455637,33.0937653,33.0937653,0.5455637,6.307157671,Jinja,Eastern,127
H1271002,0.3297159,32.5779381,32.5779381,0.3297159,0.666474711,Kampala,Central,127
H1280503,0.9244053,33.1305084,33.1305084,0.9244053,15.62511239,Kamuli,Eastern,128
H1280601,0.9244053,33.1305084,33.1305084,0.9244053,15.62511239,Kamuli,Eastern,128
H1280801,0.9244053,33.1305084,33.1305084,0.9244053,15.62511239,Kamuli,Eastern,128
H1280901,0.9244053,33.1305084,33.1305084,0.9244053,15.62511239,Kamuli,Eastern,128
H1280902,0.9244053,33.1305084,33.1305084,0.9244053,15.62511239,Kamuli,Eastern,128
H1280903,0.9244053,33.1305084,33.1305084,0.9244053,15.62511239,Kamuli,Eastern,128
H1290101,1.2092326,33.047924,33.047924,1.2092326,22.74885328,Buyende,Eastern,129
H1290201,1.2092326,33.047924,33.047924,1.2092326,22.74885328,Buyende,Eastern,129
H1290301,1.2092326,33.047924,33.047924,1.2092326,22.74885328,Buyende,Eastern,129
H1290401,1.2092326,33.047924,33.047924,1.2092326,22.74885328,Buyende,Eastern,129
H1290501,1.2092326,33.047924,33.047924,1.2092326,22.74885328,Buyende,Eastern,129
H1290502,1.2092326,33.047924,33.047924,1.2092326,22.74885328,Buyende,Eastern,129
H1290601,1.2092326,33.047924,33.047924,1.2092326,22.74885328,Buyende,Eastern,129
H1290701,1.2092326,33.047924,33.047924,1.2092326,22.74885328,Buyende,Eastern,129
H1290801,1.2092326,33.047924,33.047924,1.2092326,22.74885328,Buyende,Eastern,129
H1290901,1.2092326,33.047924,33.047924,1.2092326,22.74885328,Buyende,Eastern,129
H1291001,1.2092326,33.047924,33.047924,1.2092326,22.74885328,Buyende,Eastern,129
H1291002,1.2092326,33.047924,33.047924,1.2092326,22.74885328,Buyende,Eastern,129
H1300201,1.2329901,33.3312263,33.3312263,1.2329901,5.404846248,Buyende,Eastern,130
H1300201,1.2329901,33.3312263,33.3312263,1.2329901,5.404846248,Buyende,Eastern,130
H1300201,1.2329901,33.3312263,33.3312263,1.2329901,5.404846248,Buyende,Eastern,130
H1300201,1.2329901,33.3312263,33.3312263,1.2329901,5.404846248,Buyende,Eastern,130
H1300201,1.2329901,33.3312263,33.3312263,1.2329901,5.404846248,Buyende,Eastern,130
H1300301,1.2329901,33.3312263,33.3312263,1.2329901,5.404846248,Buyende,Eastern,130
H1300301,1.2329901,33.3312263,33.3312263,1.2329901,5.404846248,Buyende,Eastern,130
H1300301,1.2329901,33.3312263,33.3312263,1.2329901,5.404846248,Buyende,Eastern,130
H1300301,1.2329901,33.3312263,33.3312263,1.2329901,5.404846248,Buyende,Eastern,130
H1300301,1.2329901,33.3312263,33.3312263,1.2329901,5.404846248,Buyende,Eastern,130
H1300401,1.2329901,33.3312263,33.3312263,1.2329901,5.404846248,Buyende,Eastern,130
H1300401,1.2329901,33.3312263,33.3312263,1.2329901,5.404846248,Buyende,Eastern,130
H1300401,1.2329901,33.3312263,33.3312263,1.2329901,5.404846248,Buyende,Eastern,130
H1300401,1.2329901,33.3312263,33.3312263,1.2329901,5.404846248,Buyende,Eastern,130
H1300401,1.2329901,33.3312263,33.3312263,1.2329901,5.404846248,Buyende,Eastern,130
H1300402,1.2329901,33.3312263,33.3312263,1.2329901,5.404846248,Buyende,Eastern,130
H1300402,1.2329901,33.3312263,33.3312263,1.2329901,5.404846248,Buyende,Eastern,130
H1300402,1.2329901,33.3312263,33.3312263,1.2329901,5.404846248,Buyende,Eastern,130
H1300402,1.2329901,33.3312263,33.3312263,1.2329901,5.404846248,Buyende,Eastern,130
H1300402,1.2329901,33.3312263,33.3312263,1.2329901,5.404846248,Buyende,Eastern,130
H1300601,1.2329901,33.3312263,33.3312263,1.2329901,5.404846248,Buyende,Eastern,130
H1300601,1.2329901,33.3312263,33.3312263,1.2329901,5.404846248,Buyende,Eastern,130
H1300601,1.2329901,33.3312263,33.3312263,1.2329901,5.404846248,Buyende,Eastern,130
H1300601,1.2329901,33.3312263,33.3312263,1.2329901,5.404846248,Buyende,Eastern,130
H1300601,1.2329901,33.3312263,33.3312263,1.2329901,5.404846248,Buyende,Eastern,130
H1300602,1.2329901,33.3312263,33.3312263,1.2329901,5.404846248,Buyende,Eastern,130
H1300602,1.2329901,33.3312263,33.3312263,1.2329901,5.404846248,Buyende,Eastern,130
H1300602,1.2329901,33.3312263,33.3312263,1.2329901,5.404846248,Buyende,Eastern,130
H1300602,1.2329901,33.3312263,33.3312263,1.2329901,5.404846248,Buyende,Eastern,130
H1300602,1.2329901,33.3312263,33.3312263,1.2329901,5.404846248,Buyende,Eastern,130
H1300603,1.2329901,33.3312263,33.3312263,1.2329901,5.404846248,Buyende,Eastern,130
H1300603,1.2329901,33.3312263,33.3312263,1.2329901,5.404846248,Buyende,Eastern,130
H1300603,1.2329901,33.3312263,33.3312263,1.2329901,5.404846248,Buyende,Eastern,130
H1300603,1.2329901,33.3312263,33.3312263,1.2329901,5.404846248,Buyende,Eastern,130
H1300603,1.2329901,33.3312263,33.3312263,1.2329901,5.404846248,Buyende,Eastern,130
H1300604,1.1141543,33.2152367,33.2152367,1.1141543,9.83969397,Buyende,Eastern,130
H1300605,0.9741284,33.1380157,33.1380157,0.9741284,20.13436998,Kamuli,Eastern,130
H1300606,1.1358806,32.9908791,32.9908791,1.1358806,18.83687359,Kamuli,Eastern,130
H1300606,1.1358806,32.9908791,32.9908791,1.1358806,18.83687359,Kamuli,Eastern,130
H1300701,1.2329901,33.3312263,33.3312263,1.2329901,5.404846248,Buyende,Eastern,130
H1300701,1.2329901,33.3312263,33.3312263,1.2329901,5.404846248,Buyende,Eastern,130
H1300701,1.2329901,33.3312263,33.3312263,1.2329901,5.404846248,Buyende,Eastern,130
H1300701,1.2329901,33.3312263,33.3312263,1.2329901,5.404846248,Buyende,Eastern,130
H1300701,1.2329901,33.3312263,33.3312263,1.2329901,5.404846248,Buyende,Eastern,130
H1300801,1.2329901,33.3312263,33.3312263,1.2329901,5.404846248,Buyende,Eastern,130
H1300801,1.2329901,33.3312263,33.3312263,1.2329901,5.404846248,Buyende,Eastern,130
H1300801,1.2329901,33.3312263,33.3312263,1.2329901,5.404846248,Buyende,Eastern,130
H1300801,1.2329901,33.3312263,33.3312263,1.2329901,5.404846248,Buyende,Eastern,130
H1300801,1.2329901,33.3312263,33.3312263,1.2329901,5.404846248,Buyende,Eastern,130
H1300901,1.2329901,33.3312263,33.3312263,1.2329901,5.404846248,Buyende,Eastern,130
H1300901,1.2329901,33.3312263,33.3312263,1.2329901,5.404846248,Buyende,Eastern,130
H1300901,1.2329901,33.3312263,33.3312263,1.2329901,5.404846248,Buyende,Eastern,130
H1300901,1.2329901,33.3312263,33.3312263,1.2329901,5.404846248,Buyende,Eastern,130
H1300901,1.2329901,33.3312263,33.3312263,1.2329901,5.404846248,Buyende,Eastern,130
H1301001,1.2329901,33.3312263,33.3312263,1.2329901,5.404846248,Buyende,Eastern,130
H1301001,1.2329901,33.3312263,33.3312263,1.2329901,5.404846248,Buyende,Eastern,130
H1301001,1.2329901,33.3312263,33.3312263,1.2329901,5.404846248,Buyende,Eastern,130
H1301001,1.2329901,33.3312263,33.3312263,1.2329901,5.404846248,Buyende,Eastern,130
H1301001,1.2329901,33.3312263,33.3312263,1.2329901,5.404846248,Buyende,Eastern,130
H1301002,1.2155875,33.3508873,33.3508873,1.2155875,6.867936352,Buyende,Eastern,130
H1301002,1.2155875,33.3508873,33.3508873,1.2155875,6.867936352,Buyende,Eastern,130
H1301002,1.2155875,33.3508873,33.3508873,1.2155875,6.867936352,Buyende,Eastern,130
H1301002,1.2155875,33.3508873,33.3508873,1.2155875,6.867936352,Buyende,Eastern,130
H1301002,1.2155875,33.3508873,33.3508873,1.2155875,6.867936352,Buyende,Eastern,130
H1310201,1.0601028,33.0102234,33.0102234,1.0601028,21.53039878,Kamuli,Eastern,131
H1310202,1.0601028,33.0102234,33.0102234,1.0601028,21.53039878,Kamuli,Eastern,131
H1310301,1.0601028,33.0102234,33.0102234,1.0601028,21.53039878,Kamuli,Eastern,131
H1310401,1.0601028,33.0102234,33.0102234,1.0601028,21.53039878,Kamuli,Eastern,131
H1310402,1.0601028,33.0102234,33.0102234,1.0601028,21.53039878,Kamuli,Eastern,131
H1310501,1.0601028,33.0102234,33.0102234,1.0601028,21.53039878,Kamuli,Eastern,131
H1310502,1.1041006,33.112381,33.112381,1.1041006,18.77798084,Kamuli,Eastern,131
H1310503,1.0601028,33.0102234,33.0102234,1.0601028,21.53039878,Kamuli,Eastern,131
H1310601,1.0601028,33.0102234,33.0102234,1.0601028,21.53039878,Kamuli,Eastern,131
H1310701,1.0601028,33.0102234,33.0102234,1.0601028,21.53039878,Kamuli,Eastern,131
H1310702,1.0601028,33.0102234,33.0102234,1.0601028,21.53039878,Kamuli,Eastern,131
H1310703,1.0601028,33.0102234,33.0102234,1.0601028,21.53039878,Kamuli,Eastern,131
H1310704,1.0601028,33.0102234,33.0102234,1.0601028,21.53039878,Kamuli,Eastern,131
H1310801,1.0601028,33.0102234,33.0102234,1.0601028,21.53039878,Kamuli,Eastern,131
H1310901,1.0601028,33.0102234,33.0102234,1.0601028,21.53039878,Kamuli,Eastern,131
H1320201,0.9005339,33.1015129,33.1015129,0.9005339,15.70618939,Kamuli,Eastern,132
H1320301,0.9005339,33.1015129,33.1015129,0.9005339,15.70618939,Kamuli,Eastern,132
H1320401,0.9005339,33.1015129,33.1015129,0.9005339,15.70618939,Kamuli,Eastern,132
H1320501,0.9005339,33.1015129,33.1015129,0.9005339,15.70618939,Kamuli,Eastern,132
H1320502,0.7214411,33.0697098,33.0697098,0.7214411,13.27925645,Kamuli,Eastern,132
H1320503,0.9249725,33.3770256,33.3770256,0.9249725,17.37976539,229,Eastern,132
H1320503,0.9249725,33.3770256,33.3770256,0.9249725,17.37976539,229,Eastern,132
H1320503,0.9249725,33.3770256,33.3770256,0.9249725,17.37976539,229,Eastern,132
H1320503,0.9249725,33.3770256,33.3770256,0.9249725,17.37976539,229,Eastern,132
H1320503,0.9249725,33.3770256,33.3770256,0.9249725,17.37976539,229,Eastern,132
H1320601,1.0589464,33.1644974,33.1644974,1.0589464,17.99416933,Buyende,Eastern,132
H1320801,0.9005339,33.1015129,33.1015129,0.9005339,15.70618939,Kamuli,Eastern,132
H1320802,0.9005339,33.1015129,33.1015129,0.9005339,15.70618939,Kamuli,Eastern,132
H1321001,0.9005339,33.1015129,33.1015129,0.9005339,15.70618939,Kamuli,Eastern,132
H1331001,1.0357778,33.3878632,33.3878632,1.0357778,6.261198011,Kaliro,Eastern,133
H1331001,1.0357778,33.3878632,33.3878632,1.0357778,6.261198011,Kaliro,Eastern,133
H1331001,1.0357778,33.3878632,33.3878632,1.0357778,6.261198011,Kaliro,Eastern,133
H1331001,1.0357778,33.3878632,33.3878632,1.0357778,6.261198011,Kaliro,Eastern,133
H1331001,1.0357778,33.3878632,33.3878632,1.0357778,6.261198011,Kaliro,Eastern,133
H1331002,1.0357778,33.3878632,33.3878632,1.0357778,6.261198011,Kaliro,Eastern,133
H1331002,1.0357778,33.3878632,33.3878632,1.0357778,6.261198011,Kaliro,Eastern,133
H1331002,1.0357778,33.3878632,33.3878632,1.0357778,6.261198011,Kaliro,Eastern,133
H1331002,1.0357778,33.3878632,33.3878632,1.0357778,6.261198011,Kaliro,Eastern,133
H1331002,1.0357778,33.3878632,33.3878632,1.0357778,6.261198011,Kaliro,Eastern,133
H1331003,1.0357778,33.3878632,33.3878632,1.0357778,6.261198011,Kaliro,Eastern,133
H1331003,1.0357778,33.3878632,33.3878632,1.0357778,6.261198011,Kaliro,Eastern,133
H1331003,1.0357778,33.3878632,33.3878632,1.0357778,6.261198011,Kaliro,Eastern,133
H1331003,1.0357778,33.3878632,33.3878632,1.0357778,6.261198011,Kaliro,Eastern,133
H1331003,1.0357778,33.3878632,33.3878632,1.0357778,6.261198011,Kaliro,Eastern,133
H1331004,1.0357778,33.3878632,33.3878632,1.0357778,6.261198011,Kaliro,Eastern,133
H1331004,1.0357778,33.3878632,33.3878632,1.0357778,6.261198011,Kaliro,Eastern,133
H1331004,1.0357778,33.3878632,33.3878632,1.0357778,6.261198011,Kaliro,Eastern,133
H1331004,1.0357778,33.3878632,33.3878632,1.0357778,6.261198011,Kaliro,Eastern,133
H1331004,1.0357778,33.3878632,33.3878632,1.0357778,6.261198011,Kaliro,Eastern,133
H1331007,1.249886,33.3502235,33.3502235,1.249886,3.58254081,Buyende,Eastern,133
H1331007,1.249886,33.3502235,33.3502235,1.249886,3.58254081,Buyende,Eastern,133
H1331007,1.249886,33.3502235,33.3502235,1.249886,3.58254081,Buyende,Eastern,133
H1331007,1.249886,33.3502235,33.3502235,1.249886,3.58254081,Buyende,Eastern,133
H1331007,1.249886,33.3502235,33.3502235,1.249886,3.58254081,Buyende,Eastern,133
H1331008,0.6236973,33.4741478,33.4741478,0.6236973,1.651355012,Iganga,Eastern,133
H1331101,1.0357778,33.3878632,33.3878632,1.0357778,6.261198011,Kaliro,Eastern,133
H1331101,1.0357778,33.3878632,33.3878632,1.0357778,6.261198011,Kaliro,Eastern,133
H1331101,1.0357778,33.3878632,33.3878632,1.0357778,6.261198011,Kaliro,Eastern,133
H1331101,1.0357778,33.3878632,33.3878632,1.0357778,6.261198011,Kaliro,Eastern,133
H1331101,1.0357778,33.3878632,33.3878632,1.0357778,6.261198011,Kaliro,Eastern,133
H1400101,1.6636894,33.9678879,33.9678879,1.6636894,4.950043283,Katakwi,Eastern,140
H1400101,1.6636894,33.9678879,33.9678879,1.6636894,4.950043283,Katakwi,Eastern,140
H1400101,1.6636894,33.9678879,33.9678879,1.6636894,4.950043283,Katakwi,Eastern,140
H1400101,1.6636894,33.9678879,33.9678879,1.6636894,4.950043283,Katakwi,Eastern,140
H1400201,0.3130448,32.5691452,32.5691452,0.3130448,1.511275252,Katakwi,Eastern,140
H1400202,1.7014935,33.4421692,33.4421692,1.7014935,5.207414918,Katakwi,Eastern,140
H1400301,1.6636894,33.9678879,33.9678879,1.6636894,4.950043283,Katakwi,Eastern,140
H1400301,1.6636894,33.9678879,33.9678879,1.6636894,4.950043283,Katakwi,Eastern,140
H1400301,1.6636894,33.9678879,33.9678879,1.6636894,4.950043283,Katakwi,Eastern,140
H1400301,1.6636894,33.9678879,33.9678879,1.6636894,4.950043283,Katakwi,Eastern,140
H1400302,1.6636894,33.9678879,33.9678879,1.6636894,4.950043283,Katakwi,Eastern,140
H1400302,1.6636894,33.9678879,33.9678879,1.6636894,4.950043283,Katakwi,Eastern,140
H1400302,1.6636894,33.9678879,33.9678879,1.6636894,4.950043283,Katakwi,Eastern,140
H1400302,1.6636894,33.9678879,33.9678879,1.6636894,4.950043283,Katakwi,Eastern,140
H1400303,1.6636894,33.9678879,33.9678879,1.6636894,4.950043283,Katakwi,Eastern,140
H1400303,1.6636894,33.9678879,33.9678879,1.6636894,4.950043283,Katakwi,Eastern,140
H1400303,1.6636894,33.9678879,33.9678879,1.6636894,4.950043283,Katakwi,Eastern,140
H1400303,1.6636894,33.9678879,33.9678879,1.6636894,4.950043283,Katakwi,Eastern,140
H1400304,1.9045507,33.9549141,33.9549141,1.9045507,4.961386184,Katakwi,Eastern,140
H1400401,1.6636894,33.9678879,33.9678879,1.6636894,4.950043283,Katakwi,Eastern,140
H1400401,1.6636894,33.9678879,33.9678879,1.6636894,4.950043283,Katakwi,Eastern,140
H1400401,1.6636894,33.9678879,33.9678879,1.6636894,4.950043283,Katakwi,Eastern,140
H1400401,1.6636894,33.9678879,33.9678879,1.6636894,4.950043283,Katakwi,Eastern,140
H1400402,1.6636894,33.9678879,33.9678879,1.6636894,4.950043283,Katakwi,Eastern,140
H1400402,1.6636894,33.9678879,33.9678879,1.6636894,4.950043283,Katakwi,Eastern,140
H1400402,1.6636894,33.9678879,33.9678879,1.6636894,4.950043283,Katakwi,Eastern,140
H1400402,1.6636894,33.9678879,33.9678879,1.6636894,4.950043283,Katakwi,Eastern,140
H1400403,1.6636894,33.9678879,33.9678879,1.6636894,4.950043283,Katakwi,Eastern,140
H1400403,1.6636894,33.9678879,33.9678879,1.6636894,4.950043283,Katakwi,Eastern,140
H1400403,1.6636894,33.9678879,33.9678879,1.6636894,4.950043283,Katakwi,Eastern,140
H1400403,1.6636894,33.9678879,33.9678879,1.6636894,4.950043283,Katakwi,Eastern,140
H1400404,1.6636894,33.9678879,33.9678879,1.6636894,4.950043283,Katakwi,Eastern,140
H1400404,1.6636894,33.9678879,33.9678879,1.6636894,4.950043283,Katakwi,Eastern,140
H1400404,1.6636894,33.9678879,33.9678879,1.6636894,4.950043283,Katakwi,Eastern,140
H1400404,1.6636894,33.9678879,33.9678879,1.6636894,4.950043283,Katakwi,Eastern,140
H1400501,1.6636894,33.9678879,33.9678879,1.6636894,4.950043283,Katakwi,Eastern,140
H1400501,1.6636894,33.9678879,33.9678879,1.6636894,4.950043283,Katakwi,Eastern,140
H1400501,1.6636894,33.9678879,33.9678879,1.6636894,4.950043283,Katakwi,Eastern,140
H1400501,1.6636894,33.9678879,33.9678879,1.6636894,4.950043283,Katakwi,Eastern,140
H1400601,1.6636894,33.9678879,33.9678879,1.6636894,4.950043283,Katakwi,Eastern,140
H1400601,1.6636894,33.9678879,33.9678879,1.6636894,4.950043283,Katakwi,Eastern,140
H1400601,1.6636894,33.9678879,33.9678879,1.6636894,4.950043283,Katakwi,Eastern,140
H1400601,1.6636894,33.9678879,33.9678879,1.6636894,4.950043283,Katakwi,Eastern,140
H1400602,1.6906551,33.9805641,33.9805641,1.6906551,2.595869382,Katakwi,Eastern,140
H1400602,1.6906551,33.9805641,33.9805641,1.6906551,2.595869382,Katakwi,Eastern,140
H1400602,1.6906551,33.9805641,33.9805641,1.6906551,2.595869382,Katakwi,Eastern,140
H1400602,1.6906551,33.9805641,33.9805641,1.6906551,2.595869382,Katakwi,Eastern,140
H1400701,1.6636894,33.9678879,33.9678879,1.6636894,4.950043283,Katakwi,Eastern,140
H1400701,1.6636894,33.9678879,33.9678879,1.6636894,4.950043283,Katakwi,Eastern,140
H1400701,1.6636894,33.9678879,33.9678879,1.6636894,4.950043283,Katakwi,Eastern,140
H1400701,1.6636894,33.9678879,33.9678879,1.6636894,4.950043283,Katakwi,Eastern,140
H1400702,1.6636894,33.9678879,33.9678879,1.6636894,4.950043283,Katakwi,Eastern,140
H1400702,1.6636894,33.9678879,33.9678879,1.6636894,4.950043283,Katakwi,Eastern,140
H1400702,1.6636894,33.9678879,33.9678879,1.6636894,4.950043283,Katakwi,Eastern,140
H1400702,1.6636894,33.9678879,33.9678879,1.6636894,4.950043283,Katakwi,Eastern,140
H1400705,1.6001155,33.8545494,33.8545494,1.6001155,1.366448472,Ngora,Eastern,140
H1400801,1.6636894,33.9678879,33.9678879,1.6636894,4.950043283,Katakwi,Eastern,140
H1400801,1.6636894,33.9678879,33.9678879,1.6636894,4.950043283,Katakwi,Eastern,140
H1400801,1.6636894,33.9678879,33.9678879,1.6636894,4.950043283,Katakwi,Eastern,140
H1400801,1.6636894,33.9678879,33.9678879,1.6636894,4.950043283,Katakwi,Eastern,140
H1400802,0.3130448,32.5691452,32.5691452,0.3130448,1.511275252,Katakwi,Eastern,140
H1400901,1.6636894,33.9678879,33.9678879,1.6636894,4.950043283,Katakwi,Eastern,140
H1400901,1.6636894,33.9678879,33.9678879,1.6636894,4.950043283,Katakwi,Eastern,140
H1400901,1.6636894,33.9678879,33.9678879,1.6636894,4.950043283,Katakwi,Eastern,140
H1400901,1.6636894,33.9678879,33.9678879,1.6636894,4.950043283,Katakwi,Eastern,140
H1401001,1.6636894,33.9678879,33.9678879,1.6636894,4.950043283,Katakwi,Eastern,140
H1401001,1.6636894,33.9678879,33.9678879,1.6636894,4.950043283,Katakwi,Eastern,140
H1401001,1.6636894,33.9678879,33.9678879,1.6636894,4.950043283,Katakwi,Eastern,140
H1401001,1.6636894,33.9678879,33.9678879,1.6636894,4.950043283,Katakwi,Eastern,140
H1410101,1.4759964,33.9171677,33.9171677,1.4759964,11.06103183,Kumi,Eastern,141
H1410201,1.4759964,33.9171677,33.9171677,1.4759964,11.06103183,Kumi,Eastern,141
H1410401,1.4372993,33.9287376,33.9287376,1.4372993,12.0009262,Kumi,Eastern,141
H1410402,1.4759964,33.9171677,33.9171677,1.4759964,11.06103183,Kumi,Eastern,141
H1410601,1.4759964,33.9171677,33.9171677,1.4759964,11.06103183,Kumi,Eastern,141
H1410902,1.3571664,34.0448494,34.0448494,1.3571664,16.94112741, Bukedea,Eastern,141
H1410902,1.3571664,34.0448494,34.0448494,1.3571664,16.94112741, Bukedea,Eastern,141
H1410902,1.3571664,34.0448494,34.0448494,1.3571664,16.94112741, Bukedea,Eastern,141
H1410902,1.3571664,34.0448494,34.0448494,1.3571664,16.94112741, Bukedea,Eastern,141
H1410903,1.4759964,33.9171677,33.9171677,1.4759964,11.06103183,Kumi,Eastern,141
H1411101,1.4759964,33.9171677,33.9171677,1.4759964,11.06103183,Kumi,Eastern,141
H1420101,1.1997159,34.1584244,34.1584244,1.1997159,12.82215186, Bukedea,Eastern,142
H1420201,1.1997159,34.1584244,34.1584244,1.1997159,12.82215186, Bukedea,Eastern,142
H1420301,1.1997159,34.1584244,34.1584244,1.1997159,12.82215186, Bukedea,Eastern,142
H1420601,1.1997159,34.1584244,34.1584244,1.1997159,12.82215186, Bukedea,Eastern,142
H1420701,1.1997159,34.1584244,34.1584244,1.1997159,12.82215186, Bukedea,Eastern,142
H1420702,1.2410407,33.9430733,33.9430733,1.2410407,20.62412069, Bukedea,Eastern,142
H1420801,1.1997159,34.1584244,34.1584244,1.1997159,12.82215186, Bukedea,Eastern,142
H1420901,1.1997159,34.1584244,34.1584244,1.1997159,12.82215186, Bukedea,Eastern,142
H1421001,1.1997159,34.1584244,34.1584244,1.1997159,12.82215186, Bukedea,Eastern,142
H1430102,1.3721402,33.9079666,33.9079666,1.3721402,12.79774433,Kumi,Eastern,143
H1430201,1.4455297,34.1710205,34.1710205,1.4455297,2.961728901, Bukedea,Eastern,143
H1430201,1.4455297,34.1710205,34.1710205,1.4455297,2.961728901, Bukedea,Eastern,143
H1430201,1.4455297,34.1710205,34.1710205,1.4455297,2.961728901, Bukedea,Eastern,143
H1430201,1.4455297,34.1710205,34.1710205,1.4455297,2.961728901, Bukedea,Eastern,143
H1430202,1.3721402,33.9079666,33.9079666,1.3721402,12.79774433,Kumi,Eastern,143
H1430203,1.3721402,33.9079666,33.9079666,1.3721402,12.79774433,Kumi,Eastern,143
H1430204,1.4372993,33.9287376,33.9287376,1.4372993,12.0009262,Kumi,Eastern,143
H1430301,1.3721402,33.9079666,33.9079666,1.3721402,12.79774433,Kumi,Eastern,143
H1430401,1.3721402,33.9079666,33.9079666,1.3721402,12.79774433,Kumi,Eastern,143
H1430402,1.3721402,33.9079666,33.9079666,1.3721402,12.79774433,Kumi,Eastern,143
H1430403,1.5135604,33.9847641,33.9847641,1.5135604,7.04811055,Kumi,Eastern,143
H1430403,1.5135604,33.9847641,33.9847641,1.5135604,7.04811055,Kumi,Eastern,143
H1430403,1.5135604,33.9847641,33.9847641,1.5135604,7.04811055,Kumi,Eastern,143
H1430403,1.5135604,33.9847641,33.9847641,1.5135604,7.04811055,Kumi,Eastern,143
H1430404,1.0058903,33.8174667,33.8174667,1.0058903,1.549008067,Kibuku,Eastern,143
H1430404,1.0058903,33.8174667,33.8174667,1.0058903,1.549008067,Kibuku,Eastern,143
H1430404,1.0058903,33.8174667,33.8174667,1.0058903,1.549008067,Kibuku,Eastern,143
H1430404,1.0058903,33.8174667,33.8174667,1.0058903,1.549008067,Kibuku,Eastern,143
H1430404,1.0058903,33.8174667,33.8174667,1.0058903,1.549008067,Kibuku,Eastern,143
H1430501,1.3721402,33.9079666,33.9079666,1.3721402,12.79774433,Kumi,Eastern,143
H1430601,1.3721402,33.9079666,33.9079666,1.3721402,12.79774433,Kumi,Eastern,143
H1430701,1.3721402,33.9079666,33.9079666,1.3721402,12.79774433,Kumi,Eastern,143
H1430801,1.3721402,33.9079666,33.9079666,1.3721402,12.79774433,Kumi,Eastern,143
H1430802,1.3721402,33.9079666,33.9079666,1.3721402,12.79774433,Kumi,Eastern,143
H1430901,1.3721402,33.9079666,33.9079666,1.3721402,12.79774433,Kumi,Eastern,143
H1430902,1.3721402,33.9079666,33.9079666,1.3721402,12.79774433,Kumi,Eastern,143
H1430903,1.3721402,33.9079666,33.9079666,1.3721402,12.79774433,Kumi,Eastern,143
H1430904,1.3721402,33.9079666,33.9079666,1.3721402,12.79774433,Kumi,Eastern,143
H1430905,1.434256,33.849781,33.849781,1.434256,3.526461039,Kumi,Eastern,143
H1430906,1.2917562,33.7343063,33.7343063,1.2917562,7.27980979,Pallisa,Eastern,143
H1431001,1.3721402,33.9079666,33.9079666,1.3721402,12.79774433,Kumi,Eastern,143
H1440101,1.5315843,34.0501137,34.0501137,1.5315843,5.425335281,Kumi,Eastern,144
H1440101,1.5315843,34.0501137,34.0501137,1.5315843,5.425335281,Kumi,Eastern,144
H1440101,1.5315843,34.0501137,34.0501137,1.5315843,5.425335281,Kumi,Eastern,144
H1440101,1.5315843,34.0501137,34.0501137,1.5315843,5.425335281,Kumi,Eastern,144
H1440201,1.5315843,34.0501137,34.0501137,1.5315843,5.425335281,Kumi,Eastern,144
H1440201,1.5315843,34.0501137,34.0501137,1.5315843,5.425335281,Kumi,Eastern,144
H1440201,1.5315843,34.0501137,34.0501137,1.5315843,5.425335281,Kumi,Eastern,144
H1440201,1.5315843,34.0501137,34.0501137,1.5315843,5.425335281,Kumi,Eastern,144
H1440202,1.5315843,34.0501137,34.0501137,1.5315843,5.425335281,Kumi,Eastern,144
H1440202,1.5315843,34.0501137,34.0501137,1.5315843,5.425335281,Kumi,Eastern,144
H1440202,1.5315843,34.0501137,34.0501137,1.5315843,5.425335281,Kumi,Eastern,144
H1440202,1.5315843,34.0501137,34.0501137,1.5315843,5.425335281,Kumi,Eastern,144
H1440301,1.5315843,34.0501137,34.0501137,1.5315843,5.425335281,Kumi,Eastern,144
H1440301,1.5315843,34.0501137,34.0501137,1.5315843,5.425335281,Kumi,Eastern,144
H1440301,1.5315843,34.0501137,34.0501137,1.5315843,5.425335281,Kumi,Eastern,144
H1440301,1.5315843,34.0501137,34.0501137,1.5315843,5.425335281,Kumi,Eastern,144
H1440401,1.5315843,34.0501137,34.0501137,1.5315843,5.425335281,Kumi,Eastern,144
H1440401,1.5315843,34.0501137,34.0501137,1.5315843,5.425335281,Kumi,Eastern,144
H1440401,1.5315843,34.0501137,34.0501137,1.5315843,5.425335281,Kumi,Eastern,144
H1440401,1.5315843,34.0501137,34.0501137,1.5315843,5.425335281,Kumi,Eastern,144
H1440402,1.5315843,34.0501137,34.0501137,1.5315843,5.425335281,Kumi,Eastern,144
H1440402,1.5315843,34.0501137,34.0501137,1.5315843,5.425335281,Kumi,Eastern,144
H1440402,1.5315843,34.0501137,34.0501137,1.5315843,5.425335281,Kumi,Eastern,144
H1440402,1.5315843,34.0501137,34.0501137,1.5315843,5.425335281,Kumi,Eastern,144
H1440403,1.5315843,34.0501137,34.0501137,1.5315843,5.425335281,Kumi,Eastern,144
H1440403,1.5315843,34.0501137,34.0501137,1.5315843,5.425335281,Kumi,Eastern,144
H1440403,1.5315843,34.0501137,34.0501137,1.5315843,5.425335281,Kumi,Eastern,144
H1440403,1.5315843,34.0501137,34.0501137,1.5315843,5.425335281,Kumi,Eastern,144
H1440404,1.5315843,34.0501137,34.0501137,1.5315843,5.425335281,Kumi,Eastern,144
H1440404,1.5315843,34.0501137,34.0501137,1.5315843,5.425335281,Kumi,Eastern,144
H1440404,1.5315843,34.0501137,34.0501137,1.5315843,5.425335281,Kumi,Eastern,144
H1440404,1.5315843,34.0501137,34.0501137,1.5315843,5.425335281,Kumi,Eastern,144
H1440501,1.5315843,34.0501137,34.0501137,1.5315843,5.425335281,Kumi,Eastern,144
H1440501,1.5315843,34.0501137,34.0501137,1.5315843,5.425335281,Kumi,Eastern,144
H1440501,1.5315843,34.0501137,34.0501137,1.5315843,5.425335281,Kumi,Eastern,144
H1440501,1.5315843,34.0501137,34.0501137,1.5315843,5.425335281,Kumi,Eastern,144
H1440601,1.5315843,34.0501137,34.0501137,1.5315843,5.425335281,Kumi,Eastern,144
H1440601,1.5315843,34.0501137,34.0501137,1.5315843,5.425335281,Kumi,Eastern,144
H1440601,1.5315843,34.0501137,34.0501137,1.5315843,5.425335281,Kumi,Eastern,144
H1440601,1.5315843,34.0501137,34.0501137,1.5315843,5.425335281,Kumi,Eastern,144
H1440701,1.5315843,34.0501137,34.0501137,1.5315843,5.425335281,Kumi,Eastern,144
H1440701,1.5315843,34.0501137,34.0501137,1.5315843,5.425335281,Kumi,Eastern,144
H1440701,1.5315843,34.0501137,34.0501137,1.5315843,5.425335281,Kumi,Eastern,144
H1440701,1.5315843,34.0501137,34.0501137,1.5315843,5.425335281,Kumi,Eastern,144
H1440702,1.5315843,34.0501137,34.0501137,1.5315843,5.425335281,Kumi,Eastern,144
H1440702,1.5315843,34.0501137,34.0501137,1.5315843,5.425335281,Kumi,Eastern,144
H1440702,1.5315843,34.0501137,34.0501137,1.5315843,5.425335281,Kumi,Eastern,144
H1440702,1.5315843,34.0501137,34.0501137,1.5315843,5.425335281,Kumi,Eastern,144
H1440801,1.5315843,34.0501137,34.0501137,1.5315843,5.425335281,Kumi,Eastern,144
H1440801,1.5315843,34.0501137,34.0501137,1.5315843,5.425335281,Kumi,Eastern,144
H1440801,1.5315843,34.0501137,34.0501137,1.5315843,5.425335281,Kumi,Eastern,144
H1440801,1.5315843,34.0501137,34.0501137,1.5315843,5.425335281,Kumi,Eastern,144
H1440901,1.5315843,34.0501137,34.0501137,1.5315843,5.425335281,Kumi,Eastern,144
H1440901,1.5315843,34.0501137,34.0501137,1.5315843,5.425335281,Kumi,Eastern,144
H1440901,1.5315843,34.0501137,34.0501137,1.5315843,5.425335281,Kumi,Eastern,144
H1440901,1.5315843,34.0501137,34.0501137,1.5315843,5.425335281,Kumi,Eastern,144
H1441001,1.5315843,34.0501137,34.0501137,1.5315843,5.425335281,Kumi,Eastern,144
H1441001,1.5315843,34.0501137,34.0501137,1.5315843,5.425335281,Kumi,Eastern,144
H1441001,1.5315843,34.0501137,34.0501137,1.5315843,5.425335281,Kumi,Eastern,144
H1441001,1.5315843,34.0501137,34.0501137,1.5315843,5.425335281,Kumi,Eastern,144
H1460101,1.0734538,34.1650391,34.1650391,1.0734538,1.977897823,Mbale,Eastern,146
H1460601,1.0734538,34.1650391,34.1650391,1.0734538,1.977897823,Mbale,Eastern,146
H1461201,1.0734538,34.1650391,34.1650391,1.0734538,1.977897823,Mbale,Eastern,146
H1480101,0.825317,34.2723846,34.2723846,0.825317,2.740984574,Manafwa,Eastern,148
H1480102,0.825317,34.2723846,34.2723846,0.825317,2.740984574,Manafwa,Eastern,148
H1480201,0.825317,34.2723846,34.2723846,0.825317,2.740984574,Manafwa,Eastern,148
H1480301,0.825317,34.2723846,34.2723846,0.825317,2.740984574,Manafwa,Eastern,148
H1480401,0.825317,34.2723846,34.2723846,0.825317,2.740984574,Manafwa,Eastern,148
H1480501,0.825317,34.2723846,34.2723846,0.825317,2.740984574,Manafwa,Eastern,148
H1480701,0.825317,34.2723846,34.2723846,0.825317,2.740984574,Manafwa,Eastern,148
H1480702,0.825317,34.2723846,34.2723846,0.825317,2.740984574,Manafwa,Eastern,148
H1480801,0.825317,34.2723846,34.2723846,0.825317,2.740984574,Manafwa,Eastern,148
H1480802,0.825317,34.2723846,34.2723846,0.825317,2.740984574,Manafwa,Eastern,148
H1480901,0.825317,34.2723846,34.2723846,0.825317,2.740984574,Manafwa,Eastern,148
H1481001,0.825317,34.2723846,34.2723846,0.825317,2.740984574,Manafwa,Eastern,148
H1490201,0.8027084,34.3096466,34.3096466,0.8027084,3.021099636,Manafwa,Eastern,149
H1490301,0.8027084,34.3096466,34.3096466,0.8027084,3.021099636,Manafwa,Eastern,149
H1490302,0.8027084,34.3096466,34.3096466,0.8027084,3.021099636,Manafwa,Eastern,149
H1490401,0.8027084,34.3096466,34.3096466,0.8027084,3.021099636,Manafwa,Eastern,149
H1490601,0.8027084,34.3096466,34.3096466,0.8027084,3.021099636,Manafwa,Eastern,149
H1490602,0.8027084,34.3096466,34.3096466,0.8027084,3.021099636,Manafwa,Eastern,149
H1490701,0.8027084,34.3096466,34.3096466,0.8027084,3.021099636,Manafwa,Eastern,149
H1490801,0.8027084,34.3096466,34.3096466,0.8027084,3.021099636,Manafwa,Eastern,149
H1491001,0.8027084,34.3096466,34.3096466,0.8027084,3.021099636,Manafwa,Eastern,149
H1500201,0.883821,34.3841171,34.3841171,0.883821,0.867589168,Manafwa,Eastern,150
H1500301,0.883821,34.3841171,34.3841171,0.883821,0.867589168,Manafwa,Eastern,150
H1500401,0.883821,34.3841171,34.3841171,0.883821,0.867589168,Manafwa,Eastern,150
H1500501,0.883821,34.3841171,34.3841171,0.883821,0.867589168,Manafwa,Eastern,150
H1500701,0.883821,34.3841171,34.3841171,0.883821,0.867589168,Manafwa,Eastern,150
H1500702,0.8048869,34.3069801,34.3069801,0.8048869,2.736226397,Manafwa,Eastern,150
H1500703,1.0659809,34.1733513,34.1733513,1.0659809,1.345599703,Mbale,Eastern,150
H1500704,1.0659809,34.1733513,34.1733513,1.0659809,1.345599703,Mbale,Eastern,150
H1500801,0.883821,34.3841171,34.3841171,0.883821,0.867589168,Manafwa,Eastern,150
H1500802,0.883821,34.3841171,34.3841171,0.883821,0.867589168,Manafwa,Eastern,150
H1500901,0.883821,34.3841171,34.3841171,0.883821,0.867589168,Manafwa,Eastern,150
H1501001,0.883821,34.3841171,34.3841171,0.883821,0.867589168,Manafwa,Eastern,150
H1510101,0.8086888,34.3362694,34.3362694,0.8086888,1.810922921,Manafwa,Eastern,151
H1510201,0.8086888,34.3362694,34.3362694,0.8086888,1.810922921,Manafwa,Eastern,151
H1510301,0.8086888,34.3362694,34.3362694,0.8086888,1.810922921,Manafwa,Eastern,151
H1510401,0.8086888,34.3362694,34.3362694,0.8086888,1.810922921,Manafwa,Eastern,151
H1510501,0.8086888,34.3362694,34.3362694,0.8086888,1.810922921,Manafwa,Eastern,151
H1510601,0.8086888,34.3362694,34.3362694,0.8086888,1.810922921,Manafwa,Eastern,151
H1510701,0.8086888,34.3362694,34.3362694,0.8086888,1.810922921,Manafwa,Eastern,151
H1510801,0.8086888,34.3362694,34.3362694,0.8086888,1.810922921,Manafwa,Eastern,151
H1510901,0.8086888,34.3362694,34.3362694,0.8086888,1.810922921,Manafwa,Eastern,151
H1510902,0.8086888,34.3362694,34.3362694,0.8086888,1.810922921,Manafwa,Eastern,151
H1510903,0.8781886,34.441494,34.441494,0.8781886,1.748094228,Manafwa,Eastern,151
H1511001,0.8086888,34.3362694,34.3362694,0.8086888,1.810922921,Manafwa,Eastern,151
H1530102,0.8027084,34.3096466,34.3096466,0.8027084,3.021099636,Manafwa,Eastern,153
H1530201,0.8695433,34.3812675,34.3812675,0.8695433,0.742333995,Manafwa,Eastern,153
H1530401,0.8695433,34.3812675,34.3812675,0.8695433,0.742333995,Manafwa,Eastern,153
H1530402,0.8695433,34.3812675,34.3812675,0.8695433,0.742333995,Manafwa,Eastern,153
H1530501,0.8695433,34.3812675,34.3812675,0.8695433,0.742333995,Manafwa,Eastern,153
H1530601,0.8695433,34.3812675,34.3812675,0.8695433,0.742333995,Manafwa,Eastern,153
H1530801,0.8695433,34.3812675,34.3812675,0.8695433,0.742333995,Manafwa,Eastern,153
H1530901,0.8695433,34.3812675,34.3812675,0.8695433,0.742333995,Manafwa,Eastern,153
H1530902,0.8695433,34.3812675,34.3812675,0.8695433,0.742333995,Manafwa,Eastern,153
H1531001,0.8695433,34.3812675,34.3812675,0.8695433,0.742333995,Manafwa,Eastern,153
H1550201,1.0540352,34.3706207,34.3706207,1.0540352,10.11846444,Bududa,Eastern,155
H1550301,1.0540352,34.3706207,34.3706207,1.0540352,10.11846444,Bududa,Eastern,155
H1550401,1.0540352,34.3706207,34.3706207,1.0540352,10.11846444,Bududa,Eastern,155
H1550501,1.0522268,34.1647797,34.1647797,1.0522268,3.095029861,Mbale,Eastern,155
H1550502,1.0134966,34.3168793,34.3168793,1.0134966,7.280373712,Bududa,Eastern,155
H1550601,1.0540352,34.3706207,34.3706207,1.0540352,10.11846444,Bududa,Eastern,155
H1550801,1.0540352,34.3706207,34.3706207,1.0540352,10.11846444,Bududa,Eastern,155
H1550902,1.0540352,34.3706207,34.3706207,1.0540352,10.11846444,Bududa,Eastern,155
H1551001,1.0540352,34.3706207,34.3706207,1.0540352,10.11846444,Bududa,Eastern,155
H1590201,1.2607998,33.7970543,33.7970543,1.2607998,15.04527782,Pallisa,Eastern,159
H1590301,1.2607998,33.7970543,33.7970543,1.2607998,15.04527782,Pallisa,Eastern,159
H1590401,1.2607998,33.7970543,33.7970543,1.2607998,15.04527782,Pallisa,Eastern,159
H1590501,1.2607998,33.7970543,33.7970543,1.2607998,15.04527782,Pallisa,Eastern,159
H1590701,1.2607998,33.7970543,33.7970543,1.2607998,15.04527782,Pallisa,Eastern,159
H1590702,1.1899348,33.7712135,33.7712135,1.1899348,7.233286549,Pallisa,Eastern,159
H1590702,1.1899348,33.7712135,33.7712135,1.1899348,7.233286549,Pallisa,Eastern,159
H1590702,1.1899348,33.7712135,33.7712135,1.1899348,7.233286549,Pallisa,Eastern,159
H1590702,1.1899348,33.7712135,33.7712135,1.1899348,7.233286549,Pallisa,Eastern,159
H1590702,1.1899348,33.7712135,33.7712135,1.1899348,7.233286549,Pallisa,Eastern,159
H1590801,1.2607998,33.7970543,33.7970543,1.2607998,15.04527782,Pallisa,Eastern,159
H1590901,1.2607998,33.7970543,33.7970543,1.2607998,15.04527782,Pallisa,Eastern,159
H1590902,1.2607998,33.7970543,33.7970543,1.2607998,15.04527782,Pallisa,Eastern,159
H1590903,1.2607998,33.7970543,33.7970543,1.2607998,15.04527782,Pallisa,Eastern,159
H1620102,1.5614737,33.3062973,33.3062973,1.5614737,4.303061623,Serere (from soroti),Eastern,162
H1620201,1.5614737,33.3062973,33.3062973,1.5614737,4.303061623,Serere (from soroti),Eastern,162
H1620301,1.5614737,33.3062973,33.3062973,1.5614737,4.303061623,Serere (from soroti),Eastern,162
H1620302,1.5614737,33.3062973,33.3062973,1.5614737,4.303061623,Serere (from soroti),Eastern,162
H1620401,1.5614737,33.3062973,33.3062973,1.5614737,4.303061623,Serere (from soroti),Eastern,162
H1620501,1.5614737,33.3062973,33.3062973,1.5614737,4.303061623,Serere (from soroti),Eastern,162
H1620601,1.5614737,33.3062973,33.3062973,1.5614737,4.303061623,Serere (from soroti),Eastern,162
H1620701,1.5614737,33.3062973,33.3062973,1.5614737,4.303061623,Serere (from soroti),Eastern,162
H1620802,1.52337,33.4044266,33.4044266,1.52337,8.909935488,Soroti,Eastern,162
H1620802,1.52337,33.4044266,33.4044266,1.52337,8.909935488,Soroti,Eastern,162
H1620802,1.52337,33.4044266,33.4044266,1.52337,8.909935488,Soroti,Eastern,162
H1620802,1.52337,33.4044266,33.4044266,1.52337,8.909935488,Soroti,Eastern,162
H1620802,1.52337,33.4044266,33.4044266,1.52337,8.909935488,Soroti,Eastern,162
H1620901,1.5614737,33.3062973,33.3062973,1.5614737,4.303061623,Serere (from soroti),Eastern,162
H1621001,1.5614737,33.3062973,33.3062973,1.5614737,4.303061623,Serere (from soroti),Eastern,162
H1630201,1.5257711,33.5503845,33.5503845,1.5257711,8.286089498,Serere (from soroti),Eastern,163
H1630201,1.5257711,33.5503845,33.5503845,1.5257711,8.286089498,Serere (from soroti),Eastern,163
H1630202,1.5827034,33.6942978,33.6942978,1.5827034,0,Soroti,Eastern,163
H1630202,1.5827034,33.6942978,33.6942978,1.5827034,0,Soroti,Eastern,163
H1630202,1.5827034,33.6942978,33.6942978,1.5827034,0,Soroti,Eastern,163
H1630202,1.5827034,33.6942978,33.6942978,1.5827034,0,Soroti,Eastern,163
H1630203,1.5827034,33.6942978,33.6942978,1.5827034,0,Soroti,Eastern,163
H1630203,1.5827034,33.6942978,33.6942978,1.5827034,0,Soroti,Eastern,163
H1630203,1.5827034,33.6942978,33.6942978,1.5827034,0,Soroti,Eastern,163
H1630203,1.5827034,33.6942978,33.6942978,1.5827034,0,Soroti,Eastern,163
H1630401,1.8428648,33.5744743,33.5744743,1.8428648,14.8200048,Soroti,Eastern,163
H1630501,1.5257711,33.5503845,33.5503845,1.5257711,8.286089498,Serere (from soroti),Eastern,163
H1630501,1.5257711,33.5503845,33.5503845,1.5257711,8.286089498,Serere (from soroti),Eastern,163
H1630502,1.5257711,33.5503845,33.5503845,1.5257711,8.286089498,Serere (from soroti),Eastern,163
H1630502,1.5257711,33.5503845,33.5503845,1.5257711,8.286089498,Serere (from soroti),Eastern,163
H1630503,1.5257711,33.5503845,33.5503845,1.5257711,8.286089498,Serere (from soroti),Eastern,163
H1630503,1.5257711,33.5503845,33.5503845,1.5257711,8.286089498,Serere (from soroti),Eastern,163
H1630601,1.5014571,33.4706116,33.4706116,1.5014571,8.644512551,Serere (from soroti),Eastern,163
H1630601,1.5014571,33.4706116,33.4706116,1.5014571,8.644512551,Serere (from soroti),Eastern,163
H1630601,1.5014571,33.4706116,33.4706116,1.5014571,8.644512551,Serere (from soroti),Eastern,163
H1630601,1.5014571,33.4706116,33.4706116,1.5014571,8.644512551,Serere (from soroti),Eastern,163
H1630601,1.5014571,33.4706116,33.4706116,1.5014571,8.644512551,Serere (from soroti),Eastern,163
H1630701,1.5257711,33.5503845,33.5503845,1.5257711,8.286089498,Serere (from soroti),Eastern,163
H1630701,1.5257711,33.5503845,33.5503845,1.5257711,8.286089498,Serere (from soroti),Eastern,163
H1630801,1.8344336,33.5172081,33.5172081,1.8344336,15.99004153,Soroti,Eastern,163
H1630802,1.7349608,33.4685593,33.4685593,1.7349608,7.832803242,Soroti,Eastern,163
H1631001,1.5257711,33.5503845,33.5503845,1.5257711,8.286089498,Serere (from soroti),Eastern,163
H1631001,1.5257711,33.5503845,33.5503845,1.5257711,8.286089498,Serere (from soroti),Eastern,163
H1640101,1.7409582,33.5833397,33.5833397,1.7409582,3.53350211,Soroti,Eastern,164
H1640201,1.7409582,33.5833397,33.5833397,1.7409582,3.53350211,Soroti,Eastern,164
H1640301,1.7409582,33.5833397,33.5833397,1.7409582,3.53350211,Soroti,Eastern,164
H1640401,1.7409582,33.5833397,33.5833397,1.7409582,3.53350211,Soroti,Eastern,164
H1640501,1.7409582,33.5833397,33.5833397,1.7409582,3.53350211,Soroti,Eastern,164
H1640502,1.7409582,33.5833397,33.5833397,1.7409582,3.53350211,Soroti,Eastern,164
H1640601,1.7409582,33.5833397,33.5833397,1.7409582,3.53350211,Soroti,Eastern,164
H1640701,1.7409582,33.5833397,33.5833397,1.7409582,3.53350211,Soroti,Eastern,164
H1640702,1.7409582,33.5833397,33.5833397,1.7409582,3.53350211,Soroti,Eastern,164
H1640703,1.7409582,33.5833397,33.5833397,1.7409582,3.53350211,Soroti,Eastern,164
H1640801,1.7409582,33.5833397,33.5833397,1.7409582,3.53350211,Soroti,Eastern,164
H1640901,1.7409582,33.5833397,33.5833397,1.7409582,3.53350211,Soroti,Eastern,164
H1640902,1.7409582,33.5833397,33.5833397,1.7409582,3.53350211,Soroti,Eastern,164
H1640903,1.7409582,33.5833397,33.5833397,1.7409582,3.53350211,Soroti,Eastern,164
H1640904,1.7276629,33.5183487,33.5183487,1.7276629,5.140245489,Soroti,Eastern,164
H1641001,1.7409582,33.5833397,33.5833397,1.7409582,3.53350211,Soroti,Eastern,164
H1650101,1.7004138,33.6885223,33.6885223,1.7004138,3.849538931,Soroti,Eastern,165
H1650101,1.7004138,33.6885223,33.6885223,1.7004138,3.849538931,Soroti,Eastern,165
H1650101,1.7004138,33.6885223,33.6885223,1.7004138,3.849538931,Soroti,Eastern,165
H1650101,1.7004138,33.6885223,33.6885223,1.7004138,3.849538931,Soroti,Eastern,165
H1650102,1.7004138,33.6885223,33.6885223,1.7004138,3.849538931,Soroti,Eastern,165
H1650102,1.7004138,33.6885223,33.6885223,1.7004138,3.849538931,Soroti,Eastern,165
H1650102,1.7004138,33.6885223,33.6885223,1.7004138,3.849538931,Soroti,Eastern,165
H1650102,1.7004138,33.6885223,33.6885223,1.7004138,3.849538931,Soroti,Eastern,165
H1650201,1.7004138,33.6885223,33.6885223,1.7004138,3.849538931,Soroti,Eastern,165
H1650201,1.7004138,33.6885223,33.6885223,1.7004138,3.849538931,Soroti,Eastern,165
H1650201,1.7004138,33.6885223,33.6885223,1.7004138,3.849538931,Soroti,Eastern,165
H1650201,1.7004138,33.6885223,33.6885223,1.7004138,3.849538931,Soroti,Eastern,165
H1650301,1.7004138,33.6885223,33.6885223,1.7004138,3.849538931,Soroti,Eastern,165
H1650301,1.7004138,33.6885223,33.6885223,1.7004138,3.849538931,Soroti,Eastern,165
H1650301,1.7004138,33.6885223,33.6885223,1.7004138,3.849538931,Soroti,Eastern,165
H1650301,1.7004138,33.6885223,33.6885223,1.7004138,3.849538931,Soroti,Eastern,165
H1650501,1.7004138,33.6885223,33.6885223,1.7004138,3.849538931,Soroti,Eastern,165
H1650501,1.7004138,33.6885223,33.6885223,1.7004138,3.849538931,Soroti,Eastern,165
H1650501,1.7004138,33.6885223,33.6885223,1.7004138,3.849538931,Soroti,Eastern,165
H1650501,1.7004138,33.6885223,33.6885223,1.7004138,3.849538931,Soroti,Eastern,165
H1650502,1.7004138,33.6885223,33.6885223,1.7004138,3.849538931,Soroti,Eastern,165
H1650502,1.7004138,33.6885223,33.6885223,1.7004138,3.849538931,Soroti,Eastern,165
H1650502,1.7004138,33.6885223,33.6885223,1.7004138,3.849538931,Soroti,Eastern,165
H1650502,1.7004138,33.6885223,33.6885223,1.7004138,3.849538931,Soroti,Eastern,165
H1650503,1.6385862,33.7647285,33.7647285,1.6385862,0,Ngora,Eastern,165
H1650503,1.6385862,33.7647285,33.7647285,1.6385862,0,Ngora,Eastern,165
H1650503,1.6385862,33.7647285,33.7647285,1.6385862,0,Ngora,Eastern,165
H1650503,1.6385862,33.7647285,33.7647285,1.6385862,0,Ngora,Eastern,165
H1650504,1.6933658,33.7153473,33.7153473,1.6933658,0.925061958,Soroti,Eastern,165
H1650504,1.6933658,33.7153473,33.7153473,1.6933658,0.925061958,Soroti,Eastern,165
H1650504,1.6933658,33.7153473,33.7153473,1.6933658,0.925061958,Soroti,Eastern,165
H1650504,1.6933658,33.7153473,33.7153473,1.6933658,0.925061958,Soroti,Eastern,165
H1650505,1.7004138,33.6885223,33.6885223,1.7004138,3.849538931,Soroti,Eastern,165
H1650505,1.7004138,33.6885223,33.6885223,1.7004138,3.849538931,Soroti,Eastern,165
H1650505,1.7004138,33.6885223,33.6885223,1.7004138,3.849538931,Soroti,Eastern,165
H1650505,1.7004138,33.6885223,33.6885223,1.7004138,3.849538931,Soroti,Eastern,165
H1650601,1.7004138,33.6885223,33.6885223,1.7004138,3.849538931,Soroti,Eastern,165
H1650601,1.7004138,33.6885223,33.6885223,1.7004138,3.849538931,Soroti,Eastern,165
H1650601,1.7004138,33.6885223,33.6885223,1.7004138,3.849538931,Soroti,Eastern,165
H1650601,1.7004138,33.6885223,33.6885223,1.7004138,3.849538931,Soroti,Eastern,165
H1650701,1.7004138,33.6885223,33.6885223,1.7004138,3.849538931,Soroti,Eastern,165
H1650701,1.7004138,33.6885223,33.6885223,1.7004138,3.849538931,Soroti,Eastern,165
H1650701,1.7004138,33.6885223,33.6885223,1.7004138,3.849538931,Soroti,Eastern,165
H1650701,1.7004138,33.6885223,33.6885223,1.7004138,3.849538931,Soroti,Eastern,165
H1650702,1.5014571,33.4706116,33.4706116,1.5014571,8.644512551,Serere (from soroti),Eastern,165
H1650702,1.5014571,33.4706116,33.4706116,1.5014571,8.644512551,Serere (from soroti),Eastern,165
H1650702,1.5014571,33.4706116,33.4706116,1.5014571,8.644512551,Serere (from soroti),Eastern,165
H1650702,1.5014571,33.4706116,33.4706116,1.5014571,8.644512551,Serere (from soroti),Eastern,165
H1650702,1.5014571,33.4706116,33.4706116,1.5014571,8.644512551,Serere (from soroti),Eastern,165
H1650801,1.7004138,33.6885223,33.6885223,1.7004138,3.849538931,Soroti,Eastern,165
H1650801,1.7004138,33.6885223,33.6885223,1.7004138,3.849538931,Soroti,Eastern,165
H1650801,1.7004138,33.6885223,33.6885223,1.7004138,3.849538931,Soroti,Eastern,165
H1650801,1.7004138,33.6885223,33.6885223,1.7004138,3.849538931,Soroti,Eastern,165
H1650901,1.7004138,33.6885223,33.6885223,1.7004138,3.849538931,Soroti,Eastern,165
H1650901,1.7004138,33.6885223,33.6885223,1.7004138,3.849538931,Soroti,Eastern,165
H1650901,1.7004138,33.6885223,33.6885223,1.7004138,3.849538931,Soroti,Eastern,165
H1650901,1.7004138,33.6885223,33.6885223,1.7004138,3.849538931,Soroti,Eastern,165
H1651001,1.7004138,33.6885223,33.6885223,1.7004138,3.849538931,Soroti,Eastern,165
H1651001,1.7004138,33.6885223,33.6885223,1.7004138,3.849538931,Soroti,Eastern,165
H1651001,1.7004138,33.6885223,33.6885223,1.7004138,3.849538931,Soroti,Eastern,165
H1651001,1.7004138,33.6885223,33.6885223,1.7004138,3.849538931,Soroti,Eastern,165
H1660401,0.7111179,34.1736374,34.1736374,0.7111179,1.279962821,Tororo,Eastern,166
H1660402,0.6445523,34.2682495,34.2682495,0.6445523,0.733176177,Tororo,Eastern,166
H1660601,0.7111179,34.1736374,34.1736374,0.7111179,1.279962821,Tororo,Eastern,166
H1660602,0.7111179,34.1736374,34.1736374,0.7111179,1.279962821,Tororo,Eastern,166
H1660701,0.7111179,34.1736374,34.1736374,0.7111179,1.279962821,Tororo,Eastern,166
H1660901,0.7111179,34.1736374,34.1736374,0.7111179,1.279962821,Tororo,Eastern,166
H1661101,0.7111179,34.1736374,34.1736374,0.7111179,1.279962821,Tororo,Eastern,166
H1670101,1.0185233,34.0729485,34.0729485,1.0185233,0,Butaleja,Eastern,167
H1670101,1.0185233,34.0729485,34.0729485,1.0185233,0,Butaleja,Eastern,167
H1670101,1.0185233,34.0729485,34.0729485,1.0185233,0,Butaleja,Eastern,167
H1670101,1.0185233,34.0729485,34.0729485,1.0185233,0,Butaleja,Eastern,167
H1670101,1.0185233,34.0729485,34.0729485,1.0185233,0,Butaleja,Eastern,167
H1670201,1.0185233,34.0729485,34.0729485,1.0185233,0,Butaleja,Eastern,167
H1670201,1.0185233,34.0729485,34.0729485,1.0185233,0,Butaleja,Eastern,167
H1670201,1.0185233,34.0729485,34.0729485,1.0185233,0,Butaleja,Eastern,167
H1670201,1.0185233,34.0729485,34.0729485,1.0185233,0,Butaleja,Eastern,167
H1670201,1.0185233,34.0729485,34.0729485,1.0185233,0,Butaleja,Eastern,167
H1670202,0.9210791,34.0229645,34.0229645,0.9210791,0.855833333,Butaleja,Eastern,167
H1670301,1.0185233,34.0729485,34.0729485,1.0185233,0,Butaleja,Eastern,167
H1670301,1.0185233,34.0729485,34.0729485,1.0185233,0,Butaleja,Eastern,167
H1670301,1.0185233,34.0729485,34.0729485,1.0185233,0,Butaleja,Eastern,167
H1670301,1.0185233,34.0729485,34.0729485,1.0185233,0,Butaleja,Eastern,167
H1670301,1.0185233,34.0729485,34.0729485,1.0185233,0,Butaleja,Eastern,167
H1670302,1.0185233,34.0729485,34.0729485,1.0185233,0,Butaleja,Eastern,167
H1670302,1.0185233,34.0729485,34.0729485,1.0185233,0,Butaleja,Eastern,167
H1670302,1.0185233,34.0729485,34.0729485,1.0185233,0,Butaleja,Eastern,167
H1670302,1.0185233,34.0729485,34.0729485,1.0185233,0,Butaleja,Eastern,167
H1670302,1.0185233,34.0729485,34.0729485,1.0185233,0,Butaleja,Eastern,167
H1670401,1.0185233,34.0729485,34.0729485,1.0185233,0,Butaleja,Eastern,167
H1670401,1.0185233,34.0729485,34.0729485,1.0185233,0,Butaleja,Eastern,167
H1670401,1.0185233,34.0729485,34.0729485,1.0185233,0,Butaleja,Eastern,167
H1670401,1.0185233,34.0729485,34.0729485,1.0185233,0,Butaleja,Eastern,167
H1670401,1.0185233,34.0729485,34.0729485,1.0185233,0,Butaleja,Eastern,167
H1670402,1.0185233,34.0729485,34.0729485,1.0185233,0,Butaleja,Eastern,167
H1670402,1.0185233,34.0729485,34.0729485,1.0185233,0,Butaleja,Eastern,167
H1670402,1.0185233,34.0729485,34.0729485,1.0185233,0,Butaleja,Eastern,167
H1670402,1.0185233,34.0729485,34.0729485,1.0185233,0,Butaleja,Eastern,167
H1670402,1.0185233,34.0729485,34.0729485,1.0185233,0,Butaleja,Eastern,167
H1670501,1.0185233,34.0729485,34.0729485,1.0185233,0,Butaleja,Eastern,167
H1670501,1.0185233,34.0729485,34.0729485,1.0185233,0,Butaleja,Eastern,167
H1670501,1.0185233,34.0729485,34.0729485,1.0185233,0,Butaleja,Eastern,167
H1670501,1.0185233,34.0729485,34.0729485,1.0185233,0,Butaleja,Eastern,167
H1670501,1.0185233,34.0729485,34.0729485,1.0185233,0,Butaleja,Eastern,167
H1670701,1.0185233,34.0729485,34.0729485,1.0185233,0,Butaleja,Eastern,167
H1670701,1.0185233,34.0729485,34.0729485,1.0185233,0,Butaleja,Eastern,167
H1670701,1.0185233,34.0729485,34.0729485,1.0185233,0,Butaleja,Eastern,167
H1670701,1.0185233,34.0729485,34.0729485,1.0185233,0,Butaleja,Eastern,167
H1670701,1.0185233,34.0729485,34.0729485,1.0185233,0,Butaleja,Eastern,167
H1670801,1.0185233,34.0729485,34.0729485,1.0185233,0,Butaleja,Eastern,167
H1670801,1.0185233,34.0729485,34.0729485,1.0185233,0,Butaleja,Eastern,167
H1670801,1.0185233,34.0729485,34.0729485,1.0185233,0,Butaleja,Eastern,167
H1670801,1.0185233,34.0729485,34.0729485,1.0185233,0,Butaleja,Eastern,167
H1670801,1.0185233,34.0729485,34.0729485,1.0185233,0,Butaleja,Eastern,167
H1670901,1.0185233,34.0729485,34.0729485,1.0185233,0,Butaleja,Eastern,167
H1670901,1.0185233,34.0729485,34.0729485,1.0185233,0,Butaleja,Eastern,167
H1670901,1.0185233,34.0729485,34.0729485,1.0185233,0,Butaleja,Eastern,167
H1670901,1.0185233,34.0729485,34.0729485,1.0185233,0,Butaleja,Eastern,167
H1670901,1.0185233,34.0729485,34.0729485,1.0185233,0,Butaleja,Eastern,167
H1671001,1.0185233,34.0729485,34.0729485,1.0185233,0,Butaleja,Eastern,167
H1671001,1.0185233,34.0729485,34.0729485,1.0185233,0,Butaleja,Eastern,167
H1671001,1.0185233,34.0729485,34.0729485,1.0185233,0,Butaleja,Eastern,167
H1671001,1.0185233,34.0729485,34.0729485,1.0185233,0,Butaleja,Eastern,167
H1671001,1.0185233,34.0729485,34.0729485,1.0185233,0,Butaleja,Eastern,167
H1680201,0.8194293,34.0940742,34.0940742,0.8194293,5.379630564,Tororo,Eastern,168
H1680301,0.8194293,34.0940742,34.0940742,0.8194293,5.379630564,Tororo,Eastern,168
H1680401,0.8194293,34.0940742,34.0940742,0.8194293,5.379630564,Tororo,Eastern,168
H1680402,0.8194293,34.0940742,34.0940742,0.8194293,5.379630564,Tororo,Eastern,168
H1680601,0.8194293,34.0940742,34.0940742,0.8194293,5.379630564,Tororo,Eastern,168
H1680602,0.8194293,34.0940742,34.0940742,0.8194293,5.379630564,Tororo,Eastern,168
H1680701,0.8194293,34.0940742,34.0940742,0.8194293,5.379630564,Tororo,Eastern,168
H1680801,0.6445523,34.2682495,34.2682495,0.6445523,0.733176177,Tororo,Eastern,168
H1680902,0.8194293,34.0940742,34.0940742,0.8194293,5.379630564,Tororo,Eastern,168
H1680903,0.6489651,33.1930656,33.1930656,0.6489651,15.79153032,Jinja,Eastern,168
H1681002,0.8194293,34.0940742,34.0940742,0.8194293,5.379630564,Tororo,Eastern,168
H1700201,0.6961347,34.002964,34.002964,0.6961347,4.255150424,Tororo,Eastern,170
H1700202,0.6961347,34.002964,34.002964,0.6961347,4.255150424,Tororo,Eastern,170
H1700301,0.6961347,34.002964,34.002964,0.6961347,4.255150424,Tororo,Eastern,170
H1700501,0.8102623,34.0203285,34.0203285,0.8102623,8.428204712,Tororo,Eastern,170
H1700601,0.6961347,34.002964,34.002964,0.6961347,4.255150424,Tororo,Eastern,170
H1700701,0.6961347,34.002964,34.002964,0.6961347,4.255150424,Tororo,Eastern,170
H1700702,0.6961347,34.002964,34.002964,0.6961347,4.255150424,Tororo,Eastern,170
H1700703,0.6654612,34.0817413,34.0817413,0.6654612,0.815748279,Tororo,Eastern,170
H1700801,0.6961347,34.002964,34.002964,0.6961347,4.255150424,Tororo,Eastern,170
H1700901,0.6961347,34.002964,34.002964,0.6961347,4.255150424,Tororo,Eastern,170
H1700902,0.6961347,34.002964,34.002964,0.6961347,4.255150424,Kampala,Eastern,170
H1701001,0.6961347,34.002964,34.002964,0.6961347,4.255150424,Tororo,Eastern,170
H1710201,0.6961347,34.002964,34.002964,0.6961347,4.255150424,Tororo,Eastern,171
H1710301,0.6962423,34.1093864,34.1093864,0.6962423,3.699861971,Tororo,Eastern,171
H1710501,0.7411086,34.1622047,34.1622047,0.7411086,4.671861668,Tororo,Eastern,171
H1710701,0.6962423,34.1093864,34.1093864,0.6962423,3.699861971,Tororo,Eastern,171
H1710801,0.6962423,34.1093864,34.1093864,0.6962423,3.699861971,Tororo,Eastern,171
H1710901,0.6962423,34.1093864,34.1093864,0.6962423,3.699861971,Tororo,Eastern,171
H1720101,0.2060762,33.5935974,33.5935974,0.2060762,2.802081332,Mayuge,Eastern,172
H1720201,0.5132243,33.4177094,33.4177094,0.5132243,3.875822763,Mayuge,Eastern,172
H1720202,0.5132243,33.4177094,33.4177094,0.5132243,3.875822763,Mayuge,Eastern,172
H1720301,0.5132243,33.4177094,33.4177094,0.5132243,3.875822763,Mayuge,Eastern,172
H1720501,0.5132243,33.4177094,33.4177094,0.5132243,3.875822763,Mayuge,Eastern,172
H1720601,0.5132243,33.4177094,33.4177094,0.5132243,3.875822763,Mayuge,Eastern,172
H1720701,0.5132243,33.4177094,33.4177094,0.5132243,3.875822763,Mayuge,Eastern,172
H1720702,0.4324366,33.2406769,33.2406769,0.4324366,0.716035747,Jinja,Eastern,172
H1720802,0.8203946,33.4923973,33.4923973,0.8203946,5.677393448,Iganga,Eastern,172
H1720802,0.8203946,33.4923973,33.4923973,0.8203946,5.677393448,Iganga,Eastern,172
H1720802,0.8203946,33.4923973,33.4923973,0.8203946,5.677393448,Iganga,Eastern,172
H1720802,0.8203946,33.4923973,33.4923973,0.8203946,5.677393448,Iganga,Eastern,172
H1720802,0.8203946,33.4923973,33.4923973,0.8203946,5.677393448,Iganga,Eastern,172
H1721001,0.5132243,33.4177094,33.4177094,0.5132243,3.875822763,Mayuge,Eastern,172
H1730101,0.4237035,33.6121712,33.6121712,0.4237035,14.94045029,Mayuge,Eastern,173
H1730101,0.4237035,33.6121712,33.6121712,0.4237035,14.94045029,Mayuge,Eastern,173
H1730801,0.4237035,33.6121712,33.6121712,0.4237035,14.94045029,Mayuge,Eastern,173
H1730801,0.4237035,33.6121712,33.6121712,0.4237035,14.94045029,Mayuge,Eastern,173
H1730802,0.4237035,33.6121712,33.6121712,0.4237035,14.94045029,Mayuge,Eastern,173
H1730802,0.4237035,33.6121712,33.6121712,0.4237035,14.94045029,Mayuge,Eastern,173
H1731001,0.4237035,33.6121712,33.6121712,0.4237035,14.94045029,Mayuge,Eastern,173
H1731001,0.4237035,33.6121712,33.6121712,0.4237035,14.94045029,Mayuge,Eastern,173
H1740101,1.2457378,34.2635727,34.2635727,1.2457378,0.541192484,Sironko,Eastern,174
H1740301,1.2457378,34.2635727,34.2635727,1.2457378,0.541192484,Sironko,Eastern,174
H1740401,1.2457378,34.2635727,34.2635727,1.2457378,0.541192484,Sironko,Eastern,174
H1740501,1.2457378,34.2635727,34.2635727,1.2457378,0.541192484,Sironko,Eastern,174
H1740601,1.2457378,34.2635727,34.2635727,1.2457378,0.541192484,Sironko,Eastern,174
H1740801,1.2014366,34.204258,34.204258,1.2014366,8.16549818,Sironko,Eastern,174
H1740901,1.2457378,34.2635727,34.2635727,1.2457378,0.541192484,Sironko,Eastern,174
H1750201,1.2184237,34.2704315,34.2704315,1.2184237,2.5518672,Sironko,Eastern,175
H1750301,1.2184237,34.2704315,34.2704315,1.2184237,2.5518672,Sironko,Eastern,175
H1750401,1.2184237,34.2704315,34.2704315,1.2184237,2.5518672,Sironko,Eastern,175
H1750601,1.2184237,34.2704315,34.2704315,1.2184237,2.5518672,Sironko,Eastern,175
H1750701,1.2184237,34.2704315,34.2704315,1.2184237,2.5518672,Sironko,Eastern,175
H1750801,1.2184237,34.2704315,34.2704315,1.2184237,2.5518672,Sironko,Eastern,175
H1750901,1.2184237,34.2704315,34.2704315,1.2184237,2.5518672,Sironko,Eastern,175
H1751101,1.2184237,34.2704315,34.2704315,1.2184237,2.5518672,Sironko,Eastern,175
H1751102,1.2184237,34.2704315,34.2704315,1.2184237,2.5518672,Sironko,Eastern,175
H1751103,1.2184237,34.2704315,34.2704315,1.2184237,2.5518672,Sironko,Eastern,175
H1760101,1.1516554,34.2615891,34.2615891,1.1516554,1.917881011,Sironko,Eastern,176
H1760102,1.1516554,34.2615891,34.2615891,1.1516554,1.917881011,Sironko,Eastern,176
H1760201,1.1516554,34.2615891,34.2615891,1.1516554,1.917881011,Sironko,Eastern,176
H1760401,1.1516554,34.2615891,34.2615891,1.1516554,1.917881011,Sironko,Eastern,176
H1760501,1.1516554,34.2615891,34.2615891,1.1516554,1.917881011,Sironko,Eastern,176
H1760601,1.1516554,34.2615891,34.2615891,1.1516554,1.917881011,Sironko,Eastern,176
H1760801,1.1516554,34.2615891,34.2615891,1.1516554,1.917881011,Sironko,Eastern,176
H1760802,1.1516554,34.2615891,34.2615891,1.1516554,1.917881011,Sironko,Eastern,176
H1760901,1.1516554,34.2615891,34.2615891,1.1516554,1.917881011,Sironko,Eastern,176
H1761001,1.1516554,34.2615891,34.2615891,1.1516554,1.917881011,Sironko,Eastern,176
H1770101,1.2760985,34.3719063,34.3719063,1.2760985,12.11745778,Bulambuli,Eastern,177
H1770301,1.2760985,34.3719063,34.3719063,1.2760985,12.11745778,Bulambuli,Eastern,177
H1770401,1.2760985,34.3719063,34.3719063,1.2760985,12.11745778,Bulambuli,Eastern,177
H1770501,1.2760985,34.3719063,34.3719063,1.2760985,12.11745778,Tororo,Eastern,177
H1770801,1.2760985,34.3719063,34.3719063,1.2760985,12.11745778,Bulambuli,Eastern,177
H1770802,1.2760985,34.3719063,34.3719063,1.2760985,12.11745778,Bulambuli,Eastern,177
H1770901,1.2760985,34.3719063,34.3719063,1.2760985,12.11745778,Bulambuli,Eastern,177
H1771001,1.2760985,34.3719063,34.3719063,1.2760985,12.11745778,Bulambuli,Eastern,177
H1800101,2.1548195,32.6993866,32.6993866,2.1548195,0.838411005,Kole,Northern,180
H1800102,2.1548195,32.6993866,32.6993866,2.1548195,0.838411005,Kole,Northern,180
H1800501,1.9787139,32.5296211,32.5296211,1.9787139,1.336755326,Apac,Northern,180
H1800502,1.9787139,32.5296211,32.5296211,1.9787139,1.336755326,Apac,Northern,180
H1800503,2.2441838,32.8969917,32.8969917,2.2441838,1.936310445,Lira,Northern,180
H1800701,1.9787139,32.5296211,32.5296211,1.9787139,1.336755326,Apac,Northern,180
H1801001,2.1176836,32.5353012,32.5353012,2.1176836,0.703664469,Apac,Northern,180
H1801101,2.3108108,32.673645,32.673645,2.3108108,0,Kole,Northern,180
H1801201,1.9929863,32.7175598,32.7175598,1.9929863,0.755751086,Apac,Northern,180
H1801301,1.9787139,32.5296211,32.5296211,1.9787139,1.336755326,Apac,Northern,180
H1810201,2.4307332,32.7466316,32.7466316,2.4307332,0,Kole,Northern,181
H1810301,2.4307332,32.7466316,32.7466316,2.4307332,0,Kole,Northern,181
H1810302,1.8556087,32.4794197,32.4794197,1.8556087,13.52742279,Apac,Northern,181
H1810303,2.5328183,32.9238014,32.9238014,2.5328183,17.67509108,Lira,Northern,181
H1810304,2.4307332,32.7466316,32.7466316,2.4307332,0,Kole,Northern,181
H1810401,2.4307332,32.7466316,32.7466316,2.4307332,0,Kole,Northern,181
H1810402,2.4307332,32.7466316,32.7466316,2.4307332,0,Kole,Northern,181
H1810403,2.4307332,32.7466316,32.7466316,2.4307332,0,Kole,Northern,181
H1810404,2.4307332,32.7466316,32.7466316,2.4307332,0,Kole,Northern,181
H1810501,2.4307332,32.7466316,32.7466316,2.4307332,0,Kole,Northern,181
H1810601,2.4307332,32.7466316,32.7466316,2.4307332,0,Kole,Northern,181
H1810701,2.4307332,32.7466316,32.7466316,2.4307332,0,Kole,Northern,181
H1810901,2.4307332,32.7466316,32.7466316,2.4307332,0,Kole,Northern,181
H1811001,2.4307332,32.7466316,32.7466316,2.4307332,0,Kole,Northern,181
H1820101,2.4294598,32.8906021,32.8906021,2.4294598,10.24607892,Kole,Northern,182
H1820201,2.4294598,32.8906021,32.8906021,2.4294598,10.24607892,Pader,Northern,182
H1820202,2.4294598,32.8906021,32.8906021,2.4294598,10.24607892,Lira,Northern,182
H1820203,2.6047065,32.8625717,32.8625717,2.6047065,13.85103611,Lira,Northern,182
H1820204,2.6047065,32.8625717,32.8625717,2.6047065,13.85103611,Lira,Northern,182
H1820205,2.6047065,32.8625717,32.8625717,2.6047065,13.85103611,Lira,Northern,182
H1820206,2.7022588,32.8363762,32.8363762,2.7022588,11.37558837,Pader,Northern,182
H1820301,2.4294598,32.8906021,32.8906021,2.4294598,10.24607892,Kole,Northern,182
H1820401,2.4294598,32.8906021,32.8906021,2.4294598,10.24607892,Kole,Northern,182
H1820402,2.3764124,32.9479065,32.9479065,2.3764124,8.783918002,Lira,Northern,182
H1820501,2.4294598,32.8906021,32.8906021,2.4294598,10.24607892,Kole,Northern,182
H1820502,2.4294598,32.8906021,32.8906021,2.4294598,10.24607892,Kole,Northern,182
H1820601,2.4294598,32.8906021,32.8906021,2.4294598,10.24607892,Kole,Northern,182
H1820602,2.4504788,33.0184326,33.0184326,2.4504788,19.16348126,Lira,Northern,182
H1820701,2.4294598,32.8906021,32.8906021,2.4294598,10.24607892,Kole,Northern,182
H1820702,2.5452571,32.8538322,32.8538322,2.5452571,14.46832705,Lira,Northern,182
H1820703,2.4294598,32.8906021,32.8906021,2.4294598,10.24607892,Kole,Northern,182
H1820801,2.4294598,32.8906021,32.8906021,2.4294598,10.24607892,Kole,Northern,182
H1820802,2.4368117,32.8021278,32.8021278,2.4368117,2.814008703,Kole,Northern,182
H1820901,2.4294598,32.8906021,32.8906021,2.4294598,10.24607892,Kole,Northern,182
H1820902,2.4294598,32.8906021,32.8906021,2.4294598,10.24607892,Kole,Northern,182
H1821001,2.5425191,32.8874397,32.8874397,2.5425191,16.84395831,Lira,Northern,182
H1821002,2.4294598,32.8906021,32.8906021,2.4294598,10.24607892,Kole,Northern,182
H1821004,2.2757282,32.9039154,32.9039154,2.2757282,0.095132833,Lira,Northern,182
H1821005,2.2562501,32.8728981,32.8728981,2.2562501,0.648085581,Lira,Northern,182
H1830101,2.4246013,32.8516922,32.8516922,2.4246013,6.734414348,Kole,Northern,183
H1830102,2.4246013,32.8516922,32.8516922,2.4246013,6.734414348,Kole,Northern,183
H1830103,2.4246013,32.8516922,32.8516922,2.4246013,6.734414348,Kole,Northern,183
H1830104,2.5503242,32.6186676,32.6186676,2.5503242,1.426639948,Oyam,Northern,183
H1830104,2.5503242,32.6186676,32.6186676,2.5503242,1.426639948,Oyam,Northern,183
H1830104,2.5503242,32.6186676,32.6186676,2.5503242,1.426639948,Oyam,Northern,183
H1830106,2.4079931,32.8768158,32.8768158,2.4079931,7.431370381,Kole,Northern,183
H1830107,2.4079931,32.8768158,32.8768158,2.4079931,7.431370381,Lira,Northern,183
H1830108,2.5503242,32.6186676,32.6186676,2.5503242,1.426639948,Oyam,Northern,183
H1830108,2.5503242,32.6186676,32.6186676,2.5503242,1.426639948,Oyam,Northern,183
H1830108,2.5503242,32.6186676,32.6186676,2.5503242,1.426639948,Oyam,Northern,183
H1830201,2.4246013,32.8516922,32.8516922,2.4246013,6.734414348,Kole,Northern,183
H1830301,2.4246013,32.8516922,32.8516922,2.4246013,6.734414348,Kole,Northern,183
H1830501,2.4246013,32.8516922,32.8516922,2.4246013,6.734414348,Kole,Northern,183
H1830601,2.4246013,32.8516922,32.8516922,2.4246013,6.734414348,Kole,Northern,183
H1830602,2.3681753,32.9088287,32.9088287,2.3681753,6.336286419,Kole,Northern,183
H1830701,2.4246013,32.8516922,32.8516922,2.4246013,6.734414348,Kole,Northern,183
H1830801,2.4246013,32.8516922,32.8516922,2.4246013,6.734414348,Kole,Northern,183
H1830901,2.4246013,32.8516922,32.8516922,2.4246013,6.734414348,Kole,Northern,183
H1831101,2.4246013,32.8516922,32.8516922,2.4246013,6.734414348,Kole,Northern,183
H1860101,1.8348341,32.3841743,32.3841743,1.8348341,5.453437211,Apac,Northern,186
H1860102,1.8348341,32.3841743,32.3841743,1.8348341,5.453437211,Apac,Northern,186
H1860103,1.8674783,32.7966499,32.7966499,1.8674783,17.17463233,Apac,Northern,186
H1860104,1.8674783,32.7966499,32.7966499,1.8674783,17.17463233,Apac,Northern,186
H1860105,0.2581364,32.5653229,32.5653229,0.2581364,0.180170784,Wakiso,Central,186
H1860201,1.8348341,32.3841743,32.3841743,1.8348341,5.453437211,Apac,Northern,186
H1860301,1.8348341,32.3841743,32.3841743,1.8348341,5.453437211,Apac,Northern,186
H1860302,1.8348341,32.3841743,32.3841743,1.8348341,5.453437211,Apac,Northern,186
H1860401,1.8348341,32.3841743,32.3841743,1.8348341,5.453437211,Apac,Northern,186
H1860501,1.8348341,32.3841743,32.3841743,1.8348341,5.453437211,Apac,Northern,186
H1860601,1.8348341,32.3841743,32.3841743,1.8348341,5.453437211,Apac,Northern,186
H1860701,1.8348341,32.3841743,32.3841743,1.8348341,5.453437211,Apac,Northern,186
H1860801,1.8348341,32.3841743,32.3841743,1.8348341,5.453437211,Apac,Northern,186
H1860901,1.8348341,32.3841743,32.3841743,1.8348341,5.453437211,Apac,Northern,186
H1861001,1.8348341,32.3841743,32.3841743,1.8348341,5.453437211,Apac,Northern,186
H1870801,1.871495,32.8641815,32.8641815,1.871495,21.80411578,Apac,Northern,187
H1871201,2.0334122,32.8325844,32.8325844,2.0334122,13.59295622,Apac,Northern,187
H1880101,2.3525007,32.2547607,32.2547607,2.3525007,6.110035054,Oyam,Northern,188
H1880102,2.3525007,32.2547607,32.2547607,2.3525007,6.110035054,Oyam,Northern,188
H1880201,2.3525007,32.2547607,32.2547607,2.3525007,6.110035054,Oyam,Northern,188
H1880301,2.3525007,32.2547607,32.2547607,2.3525007,6.110035054,Oyam,Northern,188
H1880401,2.3525007,32.2547607,32.2547607,2.3525007,6.110035054,Oyam,Northern,188
H1880402,2.3525007,32.2547607,32.2547607,2.3525007,6.110035054,Oyam,Northern,188
H1880501,2.3525007,32.2547607,32.2547607,2.3525007,6.110035054,Oyam,Northern,188
H1880502,2.6289608,33.3735428,33.3735428,2.6289608,14.37226167,Agago,Northern,188
H1880601,2.3525007,32.2547607,32.2547607,2.3525007,6.110035054,Oyam,Northern,188
H1880602,2.3525007,32.2547607,32.2547607,2.3525007,6.110035054,Oyam,Northern,188
H1880603,2.4490595,32.3977242,32.3977242,2.4490595,2.027755366,Oyam,Northern,188
H1880604,2.3856871,32.3310547,32.3310547,2.3856871,1.692709445,Oyam,Northern,188
H1880605,2.4611089,32.551609,32.551609,2.4611089,0,Oyam,Northern,188
H1880605,2.4611089,32.551609,32.551609,2.4611089,0,Oyam,Northern,188
H1880605,2.4611089,32.551609,32.551609,2.4611089,0,Oyam,Northern,188
H1880701,2.3525007,32.2547607,32.2547607,2.3525007,6.110035054,Oyam,Northern,188
H1880702,2.3149445,32.8314171,32.8314171,2.3149445,0,Lira,Northern,188
H1880801,2.3525007,32.2547607,32.2547607,2.3525007,6.110035054,Oyam,Northern,188
H1880803,2.2907655,32.284481,32.284481,2.2907655,8.666574283,Oyam,Northern,188
H1880901,2.4131689,33.5293045,33.5293045,2.4131689,15.14894771,Otuke,Northern,188
H1880902,2.3525007,32.2547607,32.2547607,2.3525007,6.110035054,Oyam,Northern,188
H1880903,1.86561,32.0623627,32.0623627,1.86561,22.99841597,Otuke,Northern,188
H1881001,2.3525007,32.2547607,32.2547607,2.3525007,6.110035054,Oyam,Northern,188
H1890201,2.3648579,32.6032753,32.6032753,2.3648579,4.248071553,Oyam,Northern,189
H1890401,2.3648579,32.6032753,32.6032753,2.3648579,4.248071553,Oyam,Northern,189
H1890501,2.3648579,32.6032753,32.6032753,2.3648579,4.248071553,Oyam,Northern,189
H1890601,2.3648579,32.6032753,32.6032753,2.3648579,4.248071553,Oyam,Northern,189
H1890701,2.3648579,32.6032753,32.6032753,2.3648579,4.248071553,Oyam,Northern,189
H1890801,2.1921613,32.2582321,32.2582321,2.1921613,10.7776399,Oyam,Western,189
H1890901,2.3648579,32.6032753,32.6032753,2.3648579,4.248071553,Oyam,Northern,189
H1890902,2.3648579,32.6032753,32.6032753,2.3648579,4.248071553,Oyam,Northern,189
H1891001,2.3648579,32.6032753,32.6032753,2.3648579,4.248071553,Oyam,Northern,189
H1900101,2.4503045,32.458847,32.458847,2.4503045,2.088466449,Oyam,Northern,190
H1900102,2.4976516,32.5025482,32.5025482,2.4976516,0.193379647,Oyam,Northern,190
H1900102,2.4976516,32.5025482,32.5025482,2.4976516,0.193379647,Oyam,Northern,190
H1900102,2.4976516,32.5025482,32.5025482,2.4976516,0.193379647,Oyam,Northern,190
H1900201,2.2979364,32.4508324,32.4508324,2.2979364,1.956895213,Oyam,Northern,190
H1900401,2.2979364,32.4508324,32.4508324,2.2979364,1.956895213,Oyam,Northern,190
H1900402,2.2979364,32.4508324,32.4508324,2.2979364,1.956895213,Oyam,Northern,190
H1900501,2.2979364,32.4508324,32.4508324,2.2979364,1.956895213,Oyam,Northern,190
H1900601,2.2979364,32.4508324,32.4508324,2.2979364,1.956895213,Oyam,Northern,190
H1900701,2.2979364,32.4508324,32.4508324,2.2979364,1.956895213,Oyam,Northern,190
H1900702,2.1343858,32.3260841,32.3260841,2.1343858,4.805434618,Oyam,Northern,190
H1900702,2.1343858,32.3260841,32.3260841,2.1343858,4.805434618,Oyam,Northern,190
H1900801,2.2979364,32.4508324,32.4508324,2.2979364,1.956895213,Oyam,Northern,190
H1900802,2.4464111,32.2825775,32.2825775,2.4464111,3.367206028,Oyam,Northern,190
H1900803,2.2489316,32.413456,32.413456,2.2489316,2.130285342,Oyam,Northern,190
H1900804,2.2979364,32.4508324,32.4508324,2.2979364,1.956895213,Oyam,Northern,190
H1900805,2.2979364,32.4508324,32.4508324,2.2979364,1.956895213,Oyam,Northern,190
H1900901,2.2979364,32.4508324,32.4508324,2.2979364,1.956895213,Oyam,Northern,190
H1901001,2.2979364,32.4508324,32.4508324,2.2979364,1.956895213,Oyam,Northern,190
H1910101,2.152029,32.5299225,32.5299225,2.152029,0.335285197,Oyam,Northern,191
H1910201,2.152029,32.5299225,32.5299225,2.152029,0.335285197,Oyam,Northern,191
H1910301,2.152029,32.5299225,32.5299225,2.152029,0.335285197,Oyam,Northern,191
H1910401,2.152029,32.5299225,32.5299225,2.152029,0.335285197,Oyam,Northern,191
H1910501,2.152029,32.5299225,32.5299225,2.152029,0.335285197,Oyam,Northern,191
H1910601,2.152029,32.5299225,32.5299225,2.152029,0.335285197,Oyam,Northern,191
H1910701,2.152029,32.5299225,32.5299225,2.152029,0.335285197,Oyam,Northern,191
H1910702,2.152029,32.5299225,32.5299225,2.152029,0.335285197,Oyam,Northern,191
H1910703,1.8964285,32.6634521,32.6634521,1.8964285,10.99794855,Apac,Northern,191
H1910801,,,,,,Oyam,Northern,191
H1910802,2.152029,32.5299225,32.5299225,2.152029,0.335285197,Oyam,Northern,191
H1910803,2.152029,32.5299225,32.5299225,2.152029,0.335285197,Oyam,Northern,191
H1910901,2.152029,32.5299225,32.5299225,2.152029,0.335285197,Oyam,Northern,191
H1920101,2.2190371,32.7554932,32.7554932,2.2190371,1.621029075,Kole,Northern,192
H1920301,1.9053348,32.371994,32.371994,1.9053348,4.890822084,Apac,Northern,192
H1920401,1.9053348,32.371994,32.371994,1.9053348,4.890822084,Apac,Northern,192
H1920402,1.9053348,32.371994,32.371994,1.9053348,4.890822084,Apac,Northern,192
H1920501,1.9053348,32.371994,32.371994,1.9053348,4.890822084,Apac,Northern,192
H1920503,1.9053348,32.371994,32.371994,1.9053348,4.890822084,Apac,Northern,192
H1920701,1.9053348,32.371994,32.371994,1.9053348,4.890822084,Apac,Northern,192
H1920801,1.746609,32.1670837,32.1670837,1.746609,15.58416365,Apac,Northern,192
H1921001,1.9053348,32.371994,32.371994,1.9053348,4.890822084,Apac,Northern,192
H1921101,1.9053348,32.371994,32.371994,1.9053348,4.890822084,Apac,Northern,192
H1921201,1.9053348,32.371994,32.371994,1.9053348,4.890822084,Apac,Northern,192
H1921202,1.9053348,32.371994,32.371994,1.9053348,4.890822084,Apac,Northern,192
H1921203,2.2441838,32.8969917,32.8969917,2.2441838,1.936310445,Lira,Northern,192
H1940101,3.4031179,30.9614372,30.9614372,3.4031179,12.93534704,Koboko,Northern,194
H1940201,3.4206393,31.0325165,31.0325165,3.4206393,18.7282157,Koboko,Northern,194
H1940202,3.4206393,31.0325165,31.0325165,3.4206393,18.7282157,Koboko,Northern,194
H1940203,3.4031179,30.9614372,30.9614372,3.4031179,12.93534704,Koboko,Northern,194
H1940401,3.3769774,31.0188389,31.0188389,3.3769774,16.05011534,Koboko,Northern,194
H1940601,3.4031179,30.9614372,30.9614372,3.4031179,12.93534704,Koboko,Northern,194
H1940701,3.4031179,30.9614372,30.9614372,3.4031179,12.93534704,Koboko,Northern,194
H1940901,3.4031179,30.9614372,30.9614372,3.4031179,12.93534704,Koboko,Northern,194
H1940902,3.4031179,30.9614372,30.9614372,3.4031179,12.93534704,Koboko,Northern,194
H1950101,3.0922935,30.8891029,30.8891029,3.0922935,18.43754556,Arua,Northern,195
H1950201,3.0922935,30.8891029,30.8891029,3.0922935,18.43754556,Arua,Northern,195
H1950401,3.0922935,30.8891029,30.8891029,3.0922935,18.43754556,Arua,Northern,195
H1950402,3.0922935,30.8891029,30.8891029,3.0922935,18.43754556,Arua,Northern,195
H1950501,3.0922935,30.8891029,30.8891029,3.0922935,18.43754556,Arua,Northern,195
H1950601,3.0922935,30.8891029,30.8891029,3.0922935,18.43754556,Arua,Northern,195
H1950602,3.0375443,31.3115234,31.3115234,3.0375443,14.15899875,Arua,Northern,195
H1950701,3.0922935,30.8891029,30.8891029,3.0922935,18.43754556,Arua,Northern,195
H1950801,3.0922935,30.8891029,30.8891029,3.0922935,18.43754556,Arua,Northern,195
H1950901,3.0922935,30.8891029,30.8891029,3.0922935,18.43754556,Arua,Northern,195
H1951001,3.0922935,30.8891029,30.8891029,3.0922935,18.43754556,Arua,Northern,195
H1960201,3.0657134,30.9412231,30.9412231,3.0657134,12.96771819,Arua,Northern,196
H1960301,3.0657134,30.9412231,30.9412231,3.0657134,12.96771819,Arua,Northern,196
H1960302,3.4326801,30.988905,30.988905,3.4326801,13.826254,Koboko,Northern,196
H1960401,3.0657134,30.9412231,30.9412231,3.0657134,12.96771819,Nebbi,Northern,196
H1960501,3.0657134,30.9412231,30.9412231,3.0657134,12.96771819,Arua,Northern,196
H1960702,3.0657134,30.9412231,30.9412231,3.0657134,12.96771819,Arua,Northern,196
H1960801,3.0657134,30.9412231,30.9412231,3.0657134,12.96771819,Arua,Northern,196
H1960802,3.0657134,30.9412231,30.9412231,3.0657134,12.96771819,Arua,Northern,196
H1960901,3.0657134,30.9412231,30.9412231,3.0657134,12.96771819,Arua,Northern,196
H1961001,3.0657134,30.9412231,30.9412231,3.0657134,12.96771819,Arua,Northern,196
H1970201,3.4425278,30.9456558,30.9456558,3.4425278,9.126118005,Koboko,Northern,197
H1970203,3.4425278,30.9456558,30.9456558,3.4425278,9.126118005,Koboko,Northern,197
H1970204,3.4425278,30.9456558,30.9456558,3.4425278,9.126118005,Koboko,Northern,197
H1970205,3.6260469,30.9990673,30.9990673,3.6260469,15.82242058,Koboko,Northern,197
H1970301,3.4425278,30.9456558,30.9456558,3.4425278,9.126118005,Koboko,Northern,197
H1970401,3.4425278,30.9456558,30.9456558,3.4425278,9.126118005,Koboko,Northern,197
H1970403,3.4425278,30.9456558,30.9456558,3.4425278,9.126118005,Koboko,Northern,197
H1970501,3.4425278,30.9456558,30.9456558,3.4425278,9.126118005,Koboko,Northern,197
H1970701,3.4425278,30.9456558,30.9456558,3.4425278,9.126118005,Koboko,Northern,197
H1970801,3.4425278,30.9456558,30.9456558,3.4425278,9.126118005,Koboko,Northern,197
H1970901,3.4425278,30.9456558,30.9456558,3.4425278,9.126118005,Koboko,Northern,197
H1971001,3.4425278,30.9456558,30.9456558,3.4425278,9.126118005,Koboko,Northern,197
H1971002,3.4425278,30.9456558,30.9456558,3.4425278,9.126118005,Koboko,Northern,197
H1971101,3.4425278,30.9456558,30.9456558,3.4425278,9.126118005,Koboko,Northern,197
H1971102,3.5649493,30.9344368,30.9344368,3.5649493,6.044708625,Koboko,Northern,197
H1971103,3.4425278,30.9456558,30.9456558,3.4425278,9.126118005,Koboko,Northern,197
H2000201,3.2772923,30.9756203,30.9756203,3.2772923,8.983497185,Maracha,Northern,200
H2000301,3.2772923,30.9756203,30.9756203,3.2772923,8.983497185,Maracha,Northern,200
H2000401,3.2772923,30.9756203,30.9756203,3.2772923,8.983497185,Maracha,Northern,200
H2000501,3.2772923,30.9756203,30.9756203,3.2772923,8.983497185,Maracha,Northern,200
H2000502,3.3433654,30.9135914,30.9135914,3.3433654,4.458596727,Maracha,Northern,200
H2000503,3.2772923,30.9756203,30.9756203,3.2772923,8.983497185,Maracha,Northern,200
H2000701,3.2772923,30.9756203,30.9756203,3.2772923,8.983497185,Maracha,Northern,200
H2000901,3.2772923,30.9756203,30.9756203,3.2772923,8.983497185,Maracha,Northern,200
H2001002,3.1723707,30.908165,30.908165,3.1723707,12.33918617,Maracha,Northern,200
H2001003,0.3297159,32.5779381,32.5779381,0.3297159,0.666474711,Kampala,Central,200
H2001101,3.2772923,30.9756203,30.9756203,3.2772923,8.983497185,Maracha,Northern,200
H2020101,3.140986,30.9678135,30.9678135,3.140986,17.79777532,Arua,Northern,202
H2020201,3.0389371,31.1524143,31.1524143,3.0389371,20.0757465,Arua,Northern,202
H2020202,3.1693478,31.054184,31.054184,3.1693478,21.95674125,Arua,Northern,202
H2020301,3.0389371,31.1524143,31.1524143,3.0389371,20.0757465,Arua,Northern,202
H2020302,3.2257452,31.0221996,31.0221996,3.2257452,15.69148017,Maracha,Northern,202
H2020401,3.0389371,31.1524143,31.1524143,3.0389371,20.0757465,Arua,Northern,202
H2020402,3.0389371,31.1524143,31.1524143,3.0389371,20.0757465,Arua,Northern,202
H2020501,3.0273032,30.9030724,30.9030724,3.0273032,11.3966371,Arua,Northern,202
H2020601,3.0389371,31.1524143,31.1524143,3.0389371,20.0757465,Arua,Northern,202
H2020602,3.0713661,30.9412327,30.9412327,3.0713661,13.53780657,Arua,Northern,202
H2020701,3.0389371,31.1524143,31.1524143,3.0389371,20.0757465,Arua,Northern,202
H2020702,3.2112713,31.011837,31.011837,3.2112713,15.48425805,Arua,Northern,202
H2020801,3.0389371,31.1524143,31.1524143,3.0389371,20.0757465,Arua,Northern,202
H2020901,3.0389371,31.1524143,31.1524143,3.0389371,20.0757465,Arua,Northern,202
H2021001,3.0389371,31.1524143,31.1524143,3.0389371,20.0757465,Arua,Northern,202
H2021002,3.0389371,31.1524143,31.1524143,3.0389371,20.0757465,Arua,Northern,202
H2021003,3.0507591,31.3659592,31.3659592,3.0507591,11.71027431,Arua,Northern,202
H2030101,3.2516556,31.1983891,31.1983891,3.2516556,19.87437252,Arua,Northern,203
H2030201,3.2444522,31.1587162,31.1587162,3.2444522,23.49923566,Arua,Northern,203
H2030301,3.2444522,31.1587162,31.1587162,3.2444522,23.49923566,Arua,Northern,203
H2030401,3.2444522,31.1587162,31.1587162,3.2444522,23.49923566,Arua,Northern,203
H2030501,3.2444522,31.1587162,31.1587162,3.2444522,23.49923566,Arua,Northern,203
H2030601,3.2444522,31.1587162,31.1587162,3.2444522,23.49923566,Arua,Northern,203
H2030701,3.2444522,31.1587162,31.1587162,3.2444522,23.49923566,Arua,Northern,203
H2031001,3.2444522,31.1587162,31.1587162,3.2444522,23.49923566,Arua,Northern,203
H2031002,3.3414207,31.1059971,31.1059971,3.3414207,24.04542535,Arua,Northern,203
H2040101,2.7413754,30.9613152,30.9613152,2.7413754,21.67445455,Arua,Northern,204
H2040102,2.9907444,31.0705433,31.0705433,2.9907444,9.581908639,Arua,Northern,204
H2040201,2.7413754,30.9613152,30.9613152,2.7413754,21.67445455,Arua,Northern,204
H2040301,2.7205894,30.8337517,30.8337517,2.7205894,23.34957824,Arua,Northern,204
H2040302,2.7522149,30.8813648,30.8813648,2.7522149,19.13073841,Arua,Northern,204
H2040401,2.7413754,30.9613152,30.9613152,2.7413754,21.67445455,Arua,Northern,204
H2040601,2.7413754,30.9613152,30.9613152,2.7413754,21.67445455,Arua,Northern,204
H2040602,2.9004138,30.9470577,30.9470577,2.9004138,5.665834273,Arua,Northern,204
H2040701,2.7413754,30.9613152,30.9613152,2.7413754,21.67445455,Arua,Northern,204
H2040801,2.7413754,30.9613152,30.9613152,2.7413754,21.67445455,Arua,Northern,204
H2040901,2.7413754,30.9613152,30.9613152,2.7413754,21.67445455,Arua,Northern,204
H2040902,2.7413754,30.9613152,30.9613152,2.7413754,21.67445455,Arua,Northern,204
H2040903,2.967828,30.8928032,30.8928032,2.967828,4.720570242,Arua,Northern,204
H2041101,2.7413754,30.9613152,30.9613152,2.7413754,21.67445455,Arua,Northern,204
H2050201,2.7660515,32.2511444,32.2511444,2.7660515,4.076374048,Gulu,Northern,205
H2050301,2.7695153,32.2951393,32.2951393,2.7695153,0.66044753,Gulu,Northern,205
H2050401,2.7695153,32.2951393,32.2951393,2.7695153,0.66044753,Gulu,Northern,205
H2050501,2.7695153,32.2951393,32.2951393,2.7695153,0.66044753,Gulu,Northern,205
H2050701,2.7695153,32.2951393,32.2951393,2.7695153,0.66044753,Gulu,Northern,205
H2050702,2.0422652,32.5195961,32.5195961,2.0422652,3.526337792,Apac,Northern,205
H2050702,2.0422652,32.5195961,32.5195961,2.0422652,3.526337792,Apac,Northern,205
H2050801,2.9493377,32.3944321,32.3944321,2.9493377,18.61211232,Gulu,Northern,205
H2050901,2.7695153,32.2951393,32.2951393,2.7695153,0.66044753,Gulu,Northern,205
H2051001,2.7695153,32.2951393,32.2951393,2.7695153,0.66044753,Gulu,Northern,205
H2060201,2.7619646,32.3320618,32.3320618,2.7619646,0.324997167,Gulu,Northern,206
H2060301,2.7619646,32.3320618,32.3320618,2.7619646,0.324997167,Gulu,Northern,206
H2060302,2.7619646,32.3320618,32.3320618,2.7619646,0.324997167,Gulu,Northern,206
H2060303,2.7619646,32.3320618,32.3320618,2.7619646,0.324997167,Gulu,Northern,206
H2060401,2.7619646,32.3320618,32.3320618,2.7619646,0.324997167,Gulu,Northern,206
H2060601,2.7619646,32.3320618,32.3320618,2.7619646,0.324997167,Gulu,Northern,206
H2060602,2.7619646,32.3320618,32.3320618,2.7619646,0.324997167,Gulu,Northern,206
H2060701,2.7845991,32.6586876,32.6586876,2.7845991,14.17866284,Pader,Northern,206
H2060801,2.7619646,32.3320618,32.3320618,2.7619646,0.324997167,Gulu,Northern,206
H2060902,2.7619646,32.3320618,32.3320618,2.7619646,0.324997167,Gulu,Northern,206
H2061003,2.9476149,32.2698441,32.2698441,2.9476149,17.1314266,Gulu,Northern,206
H2061004,3.0258038,31.9128494,31.9128494,3.0258038,47.57362306,Amuru,Northern,206
H2061005,3.0258038,31.9128494,31.9128494,3.0258038,47.57362306,Amuru,Northern,206
H2061006,3.0258038,31.9128494,31.9128494,3.0258038,47.57362306,Amuru,Northern,206
H2061102,2.7619646,32.3320618,32.3320618,2.7619646,0.324997167,Gulu,Northern,206
H2080101,2.8187466,32.2802124,32.2802124,2.8187466,2.915512624,Gulu,Northern,208
H2080201,2.8187466,32.2802124,32.2802124,2.8187466,2.915512624,Gulu,Northern,208
H2080301,2.9807546,32.3118439,32.3118439,2.9807546,19.98238847,Gulu,Northern,208
H2080401,2.8187466,32.2802124,32.2802124,2.8187466,2.915512624,Gulu,Northern,208
H2080501,2.8187466,32.2802124,32.2802124,2.8187466,2.915512624,Gulu,Northern,208
H2080502,2.8187466,32.2802124,32.2802124,2.8187466,2.915512624,Gulu,Northern,208
H2080503,2.8187466,32.2802124,32.2802124,2.8187466,2.915512624,Gulu,Northern,208
H2080601,2.7563903,32.3177681,32.3177681,2.7563903,0.475693425,Gulu,Northern,208
H2080701,2.8757215,32.3775597,32.3775597,2.8757215,10.63632227,Gulu,Northern,208
H2080702,2.8358147,32.3521919,32.3521919,2.8358147,5.551804092,Gulu,Northern,208
H2080901,2.8187466,32.2802124,32.2802124,2.8187466,2.915512624,Gulu,Northern,208
H2081001,2.8187466,32.2802124,32.2802124,2.8187466,2.915512624,Gulu,Northern,208
H2081101,2.8187466,32.2802124,32.2802124,2.8187466,2.915512624,Gulu,Northern,208
H2081102,2.8187466,32.2802124,32.2802124,2.8187466,2.915512624,Gulu,Northern,208
H2081103,2.9176812,32.3141785,32.3141785,2.9176812,13.00577014,Gulu,Northern,208
H2081104,2.8187466,32.2802124,32.2802124,2.8187466,2.915512624,Gulu,Northern,208
H2090201,2.5053058,32.3839073,32.3839073,2.5053058,5.754326238,Gulu,Northern,209
H2090302,2.5053058,32.3839073,32.3839073,2.5053058,5.754326238,Gulu,Northern,209
H2090401,2.5053058,32.3839073,32.3839073,2.5053058,5.754326238,Gulu,Northern,209
H2090501,2.5053058,32.3839073,32.3839073,2.5053058,5.754326238,Gulu,Northern,209
H2090502,2.5053058,32.3839073,32.3839073,2.5053058,5.754326238,Gulu,Northern,209
H2090601,2.5053058,32.3839073,32.3839073,2.5053058,5.754326238,Gulu,Northern,209
H2090603,2.5423877,32.3276978,32.3276978,2.5423877,12.94844817,Gulu,Northern,209
H2090701,2.5053058,32.3839073,32.3839073,2.5053058,5.754326238,Gulu,Northern,209
H2090801,2.5053058,32.3839073,32.3839073,2.5053058,5.754326238,Gulu,Northern,209
H2090803,2.5225825,32.2600441,32.2600441,2.5225825,12.15127941,Nwoya,Northern,209
H2090901,2.5053058,32.3839073,32.3839073,2.5053058,5.754326238,Gulu,Northern,209
H2091001,2.550729,32.2691383,32.2691383,2.550729,14.97132759,Gulu,Northern,209
H2110101,3.3647542,33.0603523,33.0603523,3.3647542,8.29125185,Kitgum,Northern,211
H2110201,3.3091571,32.873867,32.873867,3.3091571,0.822931992,Kitgum,Northern,211
H2110202,2.9921191,32.7246628,32.7246628,2.9921191,1.190694551,Pader,Northern,211
H2110301,3.3229167,33.0009918,33.0009918,3.3229167,1.193645379,Kitgum,Northern,211
H2110501,3.3091571,32.873867,32.873867,3.3091571,0.822931992,Kitgum,Northern,211
H2110601,3.382663,33.0708694,33.0708694,3.382663,10.51812209,Kitgum,Northern,211
H2110801,3.4325264,32.7281151,32.7281151,3.4325264,21.25194167,Lamwo,Northern,211
H2110901,3.3091571,32.873867,32.873867,3.3091571,0.822931992,Kitgum,Northern,211
H2111001,3.3091571,32.873867,32.873867,3.3091571,0.822931992,Kitgum,Northern,211
H2140101,3.6067822,34.126358,34.126358,3.6067822,44.65793422, Kaabong,Northern,214
H2140102,3.6067822,34.126358,34.126358,3.6067822,44.65793422, Kaabong,Northern,214
H2140201,3.6067822,34.126358,34.126358,3.6067822,44.65793422, Kaabong,Northern,214
H2140301,3.6067822,34.126358,34.126358,3.6067822,44.65793422, Kaabong,Northern,214
H2140401,3.6067822,34.126358,34.126358,3.6067822,44.65793422, Kaabong,Northern,214
H2140501,3.6067822,34.126358,34.126358,3.6067822,44.65793422, Kaabong,Northern,214
H2140502,3.7948225,34.0235367,34.0235367,3.7948225,31.98973927, Kaabong,Northern,214
H2140601,3.6067822,34.126358,34.126358,3.6067822,44.65793422, Kaabong,Northern,214
H2140701,3.6067822,34.126358,34.126358,3.6067822,44.65793422, Kaabong,Northern,214
H2140801,3.6067822,34.126358,34.126358,3.6067822,44.65793422, Kaabong,Northern,214
H2140901,3.6067822,34.126358,34.126358,3.6067822,44.65793422, Kaabong,Northern,214
H2140902,3.6714618,34.0048409,34.0048409,3.6714618,29.76644165, Kaabong,Northern,214
H2141001,3.6067822,34.126358,34.126358,3.6067822,44.65793422, Kaabong,Northern,214
H2150101,3.5175991,34.1603584,34.1603584,3.5175991,51.88348016, Kaabong,Northern,215
H2150301,3.5175991,34.1603584,34.1603584,3.5175991,51.88348016, Kaabong,Northern,215
H2150501,3.5175991,34.1603584,34.1603584,3.5175991,51.88348016, Kaabong,Northern,215
H2150601,3.5175991,34.1603584,34.1603584,3.5175991,51.88348016, Kaabong,Northern,215
H2150701,3.5175991,34.1603584,34.1603584,3.5175991,51.88348016, Kaabong,Northern,215
H2150901,3.5973067,34.1936951,34.1936951,3.5973067,52.12214039, Kaabong,Northern,215
H2151001,3.5175991,34.1603584,34.1603584,3.5175991,51.88348016, Kaabong,Northern,215
H2160101,3.038332,34.1470222,34.1470222,3.038332,76.72749324,Kotido,Northern,216
H2160201,3.038332,34.1470222,34.1470222,3.038332,76.72749324,Kotido,Northern,216
H2160202,3.038332,34.1470222,34.1470222,3.038332,76.72749324,Kotido,Northern,216
H2160301,3.038332,34.1470222,34.1470222,3.038332,76.72749324,Kotido,Northern,216
H2160801,3.038332,34.1470222,34.1470222,3.038332,76.72749324,Kotido,Northern,216
H2160802,3.038332,34.1470222,34.1470222,3.038332,76.72749324,Kotido,Northern,216
H2160901,3.038332,34.1470222,34.1470222,3.038332,76.72749324,Kotido,Northern,216
H2161001,3.038332,34.1470222,34.1470222,3.038332,76.72749324,Kotido,Northern,216
H2161002,3.038332,34.1470222,34.1470222,3.038332,76.72749324,Kotido,Northern,216
H2161201,3.038332,34.1470222,34.1470222,3.038332,76.72749324,Kotido,Northern,216
H2170101,3.0865486,34.1376534,34.1376534,3.0865486,79.2185406,Kotido,Northern,217
H2170301,3.0354571,34.0450592,34.0450592,3.0354571,67.74875261,Kotido,Northern,217
H2170501,3.0354571,34.0450592,34.0450592,3.0354571,67.74875261,Kotido,Northern,217
H2170602,3.0354571,34.0450592,34.0450592,3.0354571,67.74875261,Kotido,Northern,217
H2170801,3.0354571,34.0450592,34.0450592,3.0354571,67.74875261,Kotido,Northern,217
H2170802,3.0354571,34.0450592,34.0450592,3.0354571,67.74875261,Kotido,Northern,217
H2170803,3.0486901,33.9889755,33.9889755,3.0486901,64.31804215,Kotido,Eastern,217
H2171001,3.0354571,34.0450592,34.0450592,3.0354571,67.74875261,Kotido,Northern,217
H2171101,3.0354571,34.0450592,34.0450592,3.0354571,67.74875261,Kotido,Northern,217
H2200101,2.2165098,32.8898048,32.8898048,2.2165098,2.257229666,Lira,Northern,220
H2200201,2.2165098,32.8898048,32.8898048,2.2165098,2.257229666,Lira,Northern,220
H2200301,2.2165098,32.8898048,32.8898048,2.2165098,2.257229666,Lira,Northern,220
H2200401,2.5273814,33.2008896,33.2008896,2.5273814,26.60776187,Otuke,Northern,220
H2200403,2.2165098,32.8898048,32.8898048,2.2165098,2.257229666,Lira,Northern,220
H2200404,2.5214634,33.2035675,33.2035675,2.5214634,27.24191655,Otuke,Northern,220
H2200405,2.2165098,32.8898048,32.8898048,2.2165098,2.257229666,Lira,Northern,220
H2200406,2.2165098,32.8898048,32.8898048,2.2165098,2.257229666,Lira,Northern,220
H2200601,2.6374037,33.2704544,33.2704544,2.6374037,15.54389459,Agago,Northern,220
H2201401,2.2165098,32.8898048,32.8898048,2.2165098,2.257229666,Lira,Northern,220
H2210101,1.9823594,33.0550919,33.0550919,1.9823594,33.42981682,Dokolo,Northern,221
H2210102,1.9823594,33.0550919,33.0550919,1.9823594,33.42981682,Dokolo,Northern,221
H2210103,1.9922259,32.804718,32.804718,1.9922259,10.0215304,Apac,Northern,221
H2210202,1.9823594,33.0550919,33.0550919,1.9823594,33.42981682,Dokolo,Northern,221
H2210301,2.0394483,32.9520988,32.9520988,2.0394483,21.82420607,Dokolo,Northern,221
H2210601,1.9730235,32.8666801,32.8666801,1.9730235,17.13381675,Dokolo,Northern,221
H2210901,1.9823594,33.0550919,33.0550919,1.9823594,33.42981682,Dokolo,Northern,221
H2211001,2.3119683,33.0099907,33.0099907,2.3119683,8.229235089,Lira,Northern,221
H2211002,2.330128,33.039772,33.039772,2.330128,11.94959972,Lira,Northern,221
H2211003,2.3119683,33.0099907,33.0099907,2.3119683,8.229235089,Alebtong,Northern,221
H2211004,2.3119683,33.0099907,33.0099907,2.3119683,8.229235089,Alebtong,Northern,221
H2211005,2.3238599,33.0019455,33.0019455,2.3238599,7.761199601,Lira,Northern,221
H2211006,2.330128,33.039772,33.039772,2.330128,11.94959972,Lira,Northern,221
H2211007,2.330128,33.039772,33.039772,2.330128,11.94959972,Lira,Northern,221
H2230101,2.2116356,32.8734207,32.8734207,2.2116356,1.137336798,Lira,Northern,223
H2230201,1.7795825,33.0395241,33.0395241,1.7795825,37.20334978,Dokolo,Northern,223
H2230301,1.7795825,33.0395241,33.0395241,1.7795825,37.20334978,Dokolo,Northern,223
H2230302,1.7795825,33.0395241,33.0395241,1.7795825,37.20334978,Dokolo,Northern,223
H2230304,1.5679104,32.7719154,32.7719154,1.5679104,27.46938624,Amolator,Northern,223
H2230501,1.7795825,33.0395241,33.0395241,1.7795825,37.20334978,Dokolo,Northern,223
H2230601,1.7795825,33.0395241,33.0395241,1.7795825,37.20334978,Kaberamaido,Northern,223
H2230701,1.7795825,33.0395241,33.0395241,1.7795825,37.20334978,Dokolo,Northern,223
H2230702,1.7795825,33.0395241,33.0395241,1.7795825,37.20334978,Dokolo,Northern,223
H2230801,1.7795825,33.0395241,33.0395241,1.7795825,37.20334978,Dokolo,Northern,223
H2230901,1.7795825,33.0395241,33.0395241,1.7795825,37.20334978,Dokolo,Northern,223
H2230902,1.6124921,32.7579765,32.7579765,1.6124921,32.2816391,Amolator,Northern,223
H2230903,1.7795825,33.0395241,33.0395241,1.7795825,37.20334978,Dokolo,Northern,223
H2231001,1.7795825,33.0395241,33.0395241,1.7795825,37.20334978,Dokolo,Northern,223
H2231002,1.7795825,33.0395241,33.0395241,1.7795825,37.20334978,Dokolo,Northern,223
H2231003,1.7674285,32.6173325,32.6173325,1.7674285,23.55636251,Apac,Northern,223
H2240101,2.5860641,32.6980057,32.6980057,2.5860641,10.66521903,Oyam,Northern,224
H2240101,2.5860641,32.6980057,32.6980057,2.5860641,10.66521903,Oyam,Northern,224
H2240101,2.5860641,32.6980057,32.6980057,2.5860641,10.66521903,Oyam,Northern,224
H2240102,2.5860641,32.6980057,32.6980057,2.5860641,10.66521903,Oyam,Northern,224
H2240102,2.5860641,32.6980057,32.6980057,2.5860641,10.66521903,Oyam,Northern,224
H2240102,2.5860641,32.6980057,32.6980057,2.5860641,10.66521903,Oyam,Northern,224
H2240103,2.5860641,32.6980057,32.6980057,2.5860641,10.66521903,Oyam,Northern,224
H2240103,2.5860641,32.6980057,32.6980057,2.5860641,10.66521903,Oyam,Northern,224
H2240103,2.5860641,32.6980057,32.6980057,2.5860641,10.66521903,Oyam,Northern,224
H2240402,2.5264106,32.8385468,32.8385468,2.5264106,11.78033477,Lira,Northern,224
H2240601,2.3280036,33.2625542,33.2625542,2.3280036,32.6527841,Alebtong,Northern,224
H2240701,2.3161631,32.9403534,32.9403534,2.3161631,2.079664094,Lira,Northern,224
H2240702,2.3161631,32.9403534,32.9403534,2.3161631,2.079664094,Lira,Northern,224
H2240801,2.3161631,32.9403534,32.9403534,2.3161631,2.079664094,Lira,Northern,224
H2240901,2.3161631,32.9403534,32.9403534,2.3161631,2.079664094,Lira,Northern,224
H2241001,2.3161631,32.9403534,32.9403534,2.3161631,2.079664094,Lira,Northern,224
H2250101,1.7952126,32.8992271,32.8992271,1.7952126,30.48471504,Amolator,Northern,225
H2250201,1.7952126,32.8992271,32.8992271,1.7952126,30.48471504,Amolator,Northern,225
H2250202,1.7952126,32.8992271,32.8992271,1.7952126,30.48471504,Amolator,Northern,225
H2250301,1.7952126,32.8992271,32.8992271,1.7952126,30.48471504,Amolator,Northern,225
H2250302,1.7952126,32.8992271,32.8992271,1.7952126,30.48471504,Amolator,Northern,225
H2250303,1.558025,32.8486557,32.8486557,1.558025,27.95827758,Amolator,Northern,225
H2250401,1.7952126,32.8992271,32.8992271,1.7952126,30.48471504,Amolator,Northern,225
H2250501,1.7952126,32.8992271,32.8992271,1.7952126,30.48471504,Amolator,Northern,225
H2250601,1.7952126,32.8992271,32.8992271,1.7952126,30.48471504,Amolator,Northern,225
H2250701,1.7952126,32.8992271,32.8992271,1.7952126,30.48471504,Amolator,Northern,225
H2250901,1.7952126,32.8992271,32.8992271,1.7952126,30.48471504,Amolator,Northern,225
H2251001,1.7952126,32.8992271,32.8992271,1.7952126,30.48471504,Amolator,Northern,225
H2280201,2.4086375,33.0646172,33.0646172,2.4086375,18.75064591,Alebtong,Northern,228
H2280301,2.4086375,33.0646172,33.0646172,2.4086375,18.75064591,Alebtong,Northern,228
H2280501,2.4271593,33.0419388,33.0419388,2.4271593,18.46396528,Alebtong,Northern,228
H2280502,2.4271593,33.0419388,33.0419388,2.4271593,18.46396528,Alebtong,Northern,228
H2280601,2.4086375,33.0646172,33.0646172,2.4086375,18.75064591,Alebtong,Northern,228
H2280701,2.4345629,33.0632095,33.0632095,2.4345629,20.63403791,Alebtong,Northern,228
H2310101,2.3111358,32.9849129,32.9849129,2.3111358,5.501325626,Lira,Northern,231
H2310201,2.3111358,32.9849129,32.9849129,2.3111358,5.501325626,Lira,Northern,231
H2310301,2.3111358,32.9849129,32.9849129,2.3111358,5.501325626,Lira,Northern,231
H2310302,2.3088403,32.9210167,32.9210167,2.3088403,0.952775485,Lira,Northern,231
H2310302,2.3088403,32.9210167,32.9210167,2.3088403,0.952775485,Lira,Northern,231
H2310401,2.3111358,32.9849129,32.9849129,2.3111358,5.501325626,Lira,Northern,231
H2310402,2.3111358,32.9849129,32.9849129,2.3111358,5.501325626,Lira,Northern,231
H2310403,2.2331328,33.0576706,33.0576706,2.2331328,14.47126568,Lira,Northern,231
H2310501,2.3111358,32.9849129,32.9849129,2.3111358,5.501325626,Lira,Northern,231
H2310601,2.3111358,32.9849129,32.9849129,2.3111358,5.501325626,Lira,Northern,231
H2310701,2.3111358,32.9849129,32.9849129,2.3111358,5.501325626,Lira,Northern,231
H2310801,2.3111358,32.9849129,32.9849129,2.3111358,5.501325626,Lira,Northern,231
H2310901,2.3111358,32.9849129,32.9849129,2.3111358,5.501325626,Lira,Northern,231
H2310902,2.3111358,32.9849129,32.9849129,2.3111358,5.501325626,Lira,Northern,231
H2310903,2.2374845,32.9107971,32.9107971,2.2374845,2.698683674,Lira,Northern,231
H2310904,2.3111358,32.9849129,32.9849129,2.3111358,5.501325626,Lira,Northern,231
H2311001,2.3111358,32.9849129,32.9849129,2.3111358,5.501325626,Lira,Northern,231
H2330301,2.3736808,34.5011063,34.5011063,2.3736808,24.57478488,Napak,Northern,233
H2330302,2.1529324,34.3467255,34.3467255,2.1529324,53.16549318,Napak,Northern,233
H2330302,2.1529324,34.3467255,34.3467255,2.1529324,53.16549318,Napak,Northern,233
H2330302,2.1529324,34.3467255,34.3467255,2.1529324,53.16549318,Napak,Northern,233
H2330302,2.1529324,34.3467255,34.3467255,2.1529324,53.16549318,Napak,Northern,233
H2330401,2.3736808,34.5011063,34.5011063,2.3736808,24.57478488,Napak,Northern,233
H2330701,2.3736808,34.5011063,34.5011063,2.3736808,24.57478488,Napak,Northern,233
H2330801,2.3736808,34.5011063,34.5011063,2.3736808,24.57478488,Napak,Northern,233
H2331001,2.3736808,34.5011063,34.5011063,2.3736808,24.57478488,Napak,Northern,233
H2340101,2.5662422,34.64048,34.64048,2.5662422,3.247791747,Moroto,Northern,234
H2340201,2.5662422,34.64048,34.64048,2.5662422,3.247791747,Moroto,Northern,234
H2340401,2.5662422,34.64048,34.64048,2.5662422,3.247791747,Moroto,Northern,234
H2340501,2.5662422,34.64048,34.64048,2.5662422,3.247791747,Moroto,Northern,234
H2340601,2.5662422,34.64048,34.64048,2.5662422,3.247791747,Moroto,Northern,234
H2340701,2.5662422,34.64048,34.64048,2.5662422,3.247791747,Moroto,Northern,234
H2340702,2.5662422,34.64048,34.64048,2.5662422,3.247791747,Moroto,Northern,234
H2340801,2.5662422,34.64048,34.64048,2.5662422,3.247791747,Moroto,Northern,234
H2341101,2.5662422,34.64048,34.64048,2.5662422,3.247791747,Moroto,Northern,234
H2341201,2.5662422,34.64048,34.64048,2.5662422,3.247791747,Moroto,Northern,234
H2350301,3.2814968,31.5641327,31.5641327,3.2814968,25.99336577,Moyo,Northern,235
H2350302,3.2814968,31.5641327,31.5641327,3.2814968,25.99336577,Moyo,Northern,235
H2350303,3.2814968,31.5641327,31.5641327,3.2814968,25.99336577,Moyo,Northern,235
H2350401,3.2814968,31.5641327,31.5641327,3.2814968,25.99336577,Moyo,Northern,235
H2350501,3.2814968,31.5641327,31.5641327,3.2814968,25.99336577,Moyo,Northern,235
H2350601,3.2814968,31.5641327,31.5641327,3.2814968,25.99336577,Moyo,Northern,235
H2350602,3.2814968,31.5641327,31.5641327,3.2814968,25.99336577,Moyo,Northern,235
H2350701,3.2814968,31.5641327,31.5641327,3.2814968,25.99336577,Moyo,Northern,235
H2350801,3.2814968,31.5641327,31.5641327,3.2814968,25.99336577,Moyo,Northern,235
H2350902,2.7737896,32.3019066,32.3019066,2.7737896,1.279432485,Gulu,Northern,235
H2350903,3.1938756,32.8506355,32.8506355,3.1938756,11.54219602,Kitgum,Northern,235
H2351001,3.2814968,31.5641327,31.5641327,3.2814968,25.99336577,Moyo,Northern,235
H2351002,3.2814968,31.5641327,31.5641327,3.2814968,25.99336577,Moyo,Northern,235
H2351301,3.6925673,31.7316666,31.7316666,3.6925673,19.82106204,Moyo,Northern,235
H2360101,3.52507,31.7135048,31.7135048,3.52507,2.69242014,Moyo,Northern,236
H2360103,3.4622121,31.9275017,31.9275017,3.4622121,16.10420187,Adjumani,Northern,236
H2360401,3.52507,31.7135048,31.7135048,3.52507,2.69242014,Moyo,Northern,236
H2360501,3.52507,31.7135048,31.7135048,3.52507,2.69242014,Moyo,Northern,236
H2360601,3.52507,31.7135048,31.7135048,3.52507,2.69242014,Moyo,Northern,236
H2360701,3.52507,31.7135048,31.7135048,3.52507,2.69242014,Moyo,Northern,236
H2360702,3.52507,31.7135048,31.7135048,3.52507,2.69242014,Moyo,Northern,236
H2360703,3.4442008,31.7378864,31.7378864,3.4442008,9.517147953,Moyo,Northern,236
H2360704,3.6680887,31.7156181,31.7156181,3.6680887,16.8106371,Moyo,Northern,236
H2360705,3.52507,31.7135048,31.7135048,3.52507,2.69242014,Moyo,Northern,236
H2360801,3.52507,31.7135048,31.7135048,3.52507,2.69242014,Moyo,Northern,236
H2361001,3.52507,31.7135048,31.7135048,3.52507,2.69242014,Moyo,Northern,236
H2370101,2.3550103,30.9007454,30.9007454,2.3550103,6.148557362,Zombo,Northern,237
H2370102,2.58109,30.9663353,30.9663353,2.58109,13.38975729,Zombo,Northern,237
H2370102,2.58109,30.9663353,30.9663353,2.58109,13.38975729,Zombo,Northern,237
H2370201,2.4723835,31.0622044,31.0622044,2.4723835,11.24096141,Nebbi,Northern,237
H2370301,2.4723835,31.0622044,31.0622044,2.4723835,11.24096141,Nebbi,Northern,237
H2370501,3.4123681,31.4089947,31.4089947,3.4123681,27.8957044,Nebbi,Northern,237
H2370701,2.4723835,31.0622044,31.0622044,2.4723835,11.24096141,Nebbi,Northern,237
H2370801,2.4092603,31.0408821,31.0408821,2.4092603,10.31481279,Nebbi,Northern,237
H2370802,2.4723835,31.0622044,31.0622044,2.4723835,11.24096141,Nebbi,Northern,237
H2370803,0.366758,32.5923805,32.5923805,0.366758,0.952029362,Kampala,Central,237
H2370901,2.4723835,31.0622044,31.0622044,2.4723835,11.24096141,Nebbi,Northern,237
H2370902,2.4723835,31.0622044,31.0622044,2.4723835,11.24096141,Nebbi,Northern,237
H2371001,2.4897056,30.9312458,30.9312458,2.4897056,3.121306529,Zombo,Northern,237
H2371001,2.4897056,30.9312458,30.9312458,2.4897056,3.121306529,Zombo,Northern,237
H2371002,2.4723835,31.0622044,31.0622044,2.4723835,11.24096141,Nebbi,Northern,237
H2380101,2.4169772,30.986454,30.986454,2.4169772,5.327202034,Zombo,Northern,238
H2380102,2.4169772,30.986454,30.986454,2.4169772,5.327202034,Zombo,Northern,238
H2380401,2.5698812,30.9131451,30.9131451,2.5698812,10.42068102,Zombo,Northern,238
H2380401,2.5698812,30.9131451,30.9131451,2.5698812,10.42068102,Zombo,Northern,238
H2380601,2.4169772,30.986454,30.986454,2.4169772,5.327202034,Zombo,Northern,238
H2380602,2.4169772,30.986454,30.986454,2.4169772,5.327202034,Zombo,Northern,238
H2381001,2.4169772,30.986454,30.986454,2.4169772,5.327202034,Zombo,Northern,238
H2381101,2.4169772,30.986454,30.986454,2.4169772,5.327202034,Zombo,Northern,238
H2381201,2.4169772,30.986454,30.986454,2.4169772,5.327202034,Zombo,Northern,238
H2381301,2.4169772,30.986454,30.986454,2.4169772,5.327202034,Zombo,Northern,238
H2390101,2.3568976,31.4175453,31.4175453,2.3568976,9.587834277,Nebbi,Northern,239
H2390201,2.3568976,31.4175453,31.4175453,2.3568976,9.587834277,Nebbi,Northern,239
H2390301,2.3568976,31.4175453,31.4175453,2.3568976,9.587834277,Nebbi,Northern,239
H2390302,2.3568976,31.4175453,31.4175453,2.3568976,9.587834277,Nebbi,Northern,239
H2390401,2.3568976,31.4175453,31.4175453,2.3568976,9.587834277,Nebbi,Northern,239
H2390501,2.3568976,31.4175453,31.4175453,2.3568976,9.587834277,Nebbi,Northern,239
H2390502,2.7387462,31.3358822,31.3358822,2.7387462,6.821023967,Nebbi,Northern,239
H2390601,2.3568976,31.4175453,31.4175453,2.3568976,9.587834277,Nebbi,Northern,239
H2390702,2.3568976,31.4175453,31.4175453,2.3568976,9.587834277,Nebbi,Northern,239
H2390901,2.3568976,31.4175453,31.4175453,2.3568976,9.587834277,Nebbi,Northern,239
H2390902,2.3568976,31.4175453,31.4175453,2.3568976,9.587834277,Nebbi,Northern,239
H2390903,2.3568976,31.4175453,31.4175453,2.3568976,9.587834277,Nebbi,Northern,239
H2420101,2.5136268,30.8818951,30.8818951,2.5136268,3.556839685,Zombo,Northern,242
H2420101,2.5136268,30.8818951,30.8818951,2.5136268,3.556839685,Zombo,Northern,242
H2420201,2.5136268,30.8818951,30.8818951,2.5136268,3.556839685,Zombo,Northern,242
H2420201,2.5136268,30.8818951,30.8818951,2.5136268,3.556839685,Zombo,Northern,242
H2420301,2.5136268,30.8818951,30.8818951,2.5136268,3.556839685,Zombo,Northern,242
H2420301,2.5136268,30.8818951,30.8818951,2.5136268,3.556839685,Zombo,Northern,242
H2420302,2.5136268,30.8818951,30.8818951,2.5136268,3.556839685,Zombo,Northern,242
H2420302,2.5136268,30.8818951,30.8818951,2.5136268,3.556839685,Zombo,Northern,242
H2420401,2.5136268,30.8818951,30.8818951,2.5136268,3.556839685,Zombo,Northern,242
H2420401,2.5136268,30.8818951,30.8818951,2.5136268,3.556839685,Zombo,Northern,242
H2420501,2.58109,30.9663353,30.9663353,2.58109,13.38975729,Zombo,Northern,242
H2420501,2.58109,30.9663353,30.9663353,2.58109,13.38975729,Zombo,Northern,242
H2420502,2.58109,30.9663353,30.9663353,2.58109,13.38975729,Zombo,Northern,242
H2420502,2.58109,30.9663353,30.9663353,2.58109,13.38975729,Zombo,Northern,242
H2420601,2.5136268,30.8818951,30.8818951,2.5136268,3.556839685,Zombo,Northern,242
H2420601,2.5136268,30.8818951,30.8818951,2.5136268,3.556839685,Zombo,Northern,242
H2420701,2.5136268,30.8818951,30.8818951,2.5136268,3.556839685,Zombo,Northern,242
H2420701,2.5136268,30.8818951,30.8818951,2.5136268,3.556839685,Zombo,Northern,242
H2420801,2.5136268,30.8818951,30.8818951,2.5136268,3.556839685,Zombo,Northern,242
H2420801,2.5136268,30.8818951,30.8818951,2.5136268,3.556839685,Zombo,Northern,242
H2420901,2.5136268,30.8818951,30.8818951,2.5136268,3.556839685,Zombo,Northern,242
H2420901,2.5136268,30.8818951,30.8818951,2.5136268,3.556839685,Zombo,Northern,242
H2420902,2.2992623,31.1971169,31.1971169,2.2992623,18.08126021,Zombo,Northern,242
H2421001,2.5136268,30.8818951,30.8818951,2.5136268,3.556839685,Zombo,Northern,242
H2421001,2.5136268,30.8818951,30.8818951,2.5136268,3.556839685,Zombo,Northern,242
H2421002,2.5887964,30.9906254,30.9906254,2.5887964,14.73549533,Zombo,Northern,242
H2440101,2.4944882,31.09231,31.09231,2.4944882,15.02189951,Nebbi,Northern,244
H2440102,2.4944882,31.09231,31.09231,2.4944882,15.02189951,Nebbi,Northern,244
H2440104,2.3948066,31.1267452,31.1267452,2.3948066,19.62069226,Nebbi,Northern,244
H2440301,2.4944882,31.09231,31.09231,2.4944882,15.02189951,Nebbi,Northern,244
H2440302,2.4944882,31.09231,31.09231,2.4944882,15.02189951,Nebbi,Northern,244
H2440701,2.4944882,31.09231,31.09231,2.4944882,15.02189951,Nebbi,Northern,244
H2440702,2.6737969,31.402401,31.402401,2.6737969,4.687274704,Nebbi,Northern,244
H2440801,2.4944882,31.09231,31.09231,2.4944882,15.02189951,Nebbi,Northern,244
H2440802,2.3953679,31.1002979,31.1002979,2.3953679,16.88187236,Nebbi,Northern,244
H2440803,2.4580765,31.478054,31.478054,2.4580765,1.913294462,Nebbi,Northern,244
H2440901,2.4944882,31.09231,31.09231,2.4944882,15.02189951,Nebbi,Northern,244
H2441001,2.4944882,31.09231,31.09231,2.4944882,15.02189951,Nebbi,Northern,244
H2441101,2.4944882,31.09231,31.09231,2.4944882,15.02189951,Nebbi,Northern,244
H2450202,1.8455892,34.7231598,34.7231598,1.8455892,46.40073498,Nakapiripirit,Northern,245
H2450202,1.8455892,34.7231598,34.7231598,1.8455892,46.40073498,Nakapiripirit,Northern,245
H2450202,1.8455892,34.7231598,34.7231598,1.8455892,46.40073498,Nakapiripirit,Northern,245
H2450202,1.8455892,34.7231598,34.7231598,1.8455892,46.40073498,Nakapiripirit,Northern,245
H2450501,1.8455892,34.7231598,34.7231598,1.8455892,46.40073498,Nakapiripirit,Northern,245
H2450501,1.8455892,34.7231598,34.7231598,1.8455892,46.40073498,Nakapiripirit,Northern,245
H2450501,1.8455892,34.7231598,34.7231598,1.8455892,46.40073498,Nakapiripirit,Northern,245
H2450501,1.8455892,34.7231598,34.7231598,1.8455892,46.40073498,Nakapiripirit,Northern,245
H2450601,1.8455892,34.7231598,34.7231598,1.8455892,46.40073498,Nakapiripirit,Northern,245
H2450601,1.8455892,34.7231598,34.7231598,1.8455892,46.40073498,Nakapiripirit,Northern,245
H2450601,1.8455892,34.7231598,34.7231598,1.8455892,46.40073498,Nakapiripirit,Northern,245
H2450601,1.8455892,34.7231598,34.7231598,1.8455892,46.40073498,Nakapiripirit,Northern,245
H2450602,1.8455892,34.7231598,34.7231598,1.8455892,46.40073498,Nakapiripirit,Northern,245
H2450602,1.8455892,34.7231598,34.7231598,1.8455892,46.40073498,Nakapiripirit,Northern,245
H2450602,1.8455892,34.7231598,34.7231598,1.8455892,46.40073498,Nakapiripirit,Northern,245
H2450602,1.8455892,34.7231598,34.7231598,1.8455892,46.40073498,Nakapiripirit,Northern,245
H2450901,1.8455892,34.7231598,34.7231598,1.8455892,46.40073498,Nakapiripirit,Northern,245
H2450901,1.8455892,34.7231598,34.7231598,1.8455892,46.40073498,Nakapiripirit,Northern,245
H2450901,1.8455892,34.7231598,34.7231598,1.8455892,46.40073498,Nakapiripirit,Northern,245
H2450901,1.8455892,34.7231598,34.7231598,1.8455892,46.40073498,Nakapiripirit,Northern,245
H2451001,1.8455892,34.7231598,34.7231598,1.8455892,46.40073498,Nakapiripirit,Northern,245
H2451001,1.8455892,34.7231598,34.7231598,1.8455892,46.40073498,Nakapiripirit,Northern,245
H2451001,1.8455892,34.7231598,34.7231598,1.8455892,46.40073498,Nakapiripirit,Northern,245
H2451001,1.8455892,34.7231598,34.7231598,1.8455892,46.40073498,Nakapiripirit,Northern,245
H2451003,1.8455892,34.7231598,34.7231598,1.8455892,46.40073498,Nakapiripirit,Northern,245
H2451003,1.8455892,34.7231598,34.7231598,1.8455892,46.40073498,Nakapiripirit,Northern,245
H2451003,1.8455892,34.7231598,34.7231598,1.8455892,46.40073498,Nakapiripirit,Northern,245
H2451003,1.8455892,34.7231598,34.7231598,1.8455892,46.40073498,Nakapiripirit,Northern,245
H2451101,1.8455892,34.7231598,34.7231598,1.8455892,46.40073498,Nakapiripirit,Northern,245
H2451101,1.8455892,34.7231598,34.7231598,1.8455892,46.40073498,Nakapiripirit,Northern,245
H2451101,1.8455892,34.7231598,34.7231598,1.8455892,46.40073498,Nakapiripirit,Northern,245
H2451101,1.8455892,34.7231598,34.7231598,1.8455892,46.40073498,Nakapiripirit,Northern,245
H2451201,1.8455892,34.7231598,34.7231598,1.8455892,46.40073498,Nakapiripirit,Northern,245
H2451201,1.8455892,34.7231598,34.7231598,1.8455892,46.40073498,Nakapiripirit,Northern,245
H2451201,1.8455892,34.7231598,34.7231598,1.8455892,46.40073498,Nakapiripirit,Northern,245
H2451201,1.8455892,34.7231598,34.7231598,1.8455892,46.40073498,Nakapiripirit,Northern,245
H2460101,2.3574443,34.586277,34.586277,2.3574443,20.9087471,Nakapiripirit,Northern,246
H2460301,2.3574443,34.586277,34.586277,2.3574443,20.9087471,Nakapiripirit,Northern,246
H2460302,2.3574443,34.586277,34.586277,2.3574443,20.9087471,Nakapiripirit,Northern,246
H2460401,2.3574443,34.586277,34.586277,2.3574443,20.9087471,Nakapiripirit,Northern,246
H2460501,2.3574443,34.586277,34.586277,2.3574443,20.9087471,Nakapiripirit,Northern,246
H2460701,2.3574443,34.586277,34.586277,2.3574443,20.9087471,Nakapiripirit,Northern,246
H2460801,2.3574443,34.586277,34.586277,2.3574443,20.9087471,Nakapiripirit,Northern,246
H2461001,2.3574443,34.586277,34.586277,2.3574443,20.9087471,Nakapiripirit,Northern,246
H2461002,2.3574443,34.586277,34.586277,2.3574443,20.9087471,Nakapiripirit,Northern,246
H2480101,3.6393709,31.1420918,31.1420918,3.6393709,30.24775849,Yumbe,Northern,248
H2480201,3.5742617,31.1324863,31.1324863,3.5742617,27.1029521,Yumbe,Northern,248
H2480202,3.4174073,31.1809616,31.1809616,3.4174073,34.02233349,Yumbe,Northern,248
H2480301,3.5742617,31.1324863,31.1324863,3.5742617,27.1029521,Yumbe,Northern,248
H2480302,3.4908829,31.0069103,31.0069103,3.4908829,13.40907782,Koboko,Northern,248
H2480401,3.5742617,31.1324863,31.1324863,3.5742617,27.1029521,Yumbe,Northern,248
H2480501,3.5742617,31.1324863,31.1324863,3.5742617,27.1029521,Yumbe,Northern,248
H2480601,3.5742617,31.1324863,31.1324863,3.5742617,27.1029521,Yumbe,Northern,248
H2480801,3.5742617,31.1324863,31.1324863,3.5742617,27.1029521,Yumbe,Northern,248
H2480901,3.5742617,31.1324863,31.1324863,3.5742617,27.1029521,Yumbe,Northern,248
H2481101,3.5742617,31.1324863,31.1324863,3.5742617,27.1029521,Yumbe,Northern,248
H2500101,3.251354,31.4043541,31.4043541,3.251354,10.75296804,Yumbe,Northern,250
H2500201,3.251354,31.4043541,31.4043541,3.251354,10.75296804,Yumbe,Northern,250
H2500301,3.5059168,31.273365,31.273365,3.5059168,38.80832436,Yumbe,Northern,250
H2500401,3.251354,31.4043541,31.4043541,3.251354,10.75296804,Yumbe,Northern,250
H2500501,3.251354,31.4043541,31.4043541,3.251354,10.75296804,Yumbe,Northern,250
H2500601,3.251354,31.4043541,31.4043541,3.251354,10.75296804,Yumbe,Northern,250
H2500901,3.251354,31.4043541,31.4043541,3.251354,10.75296804,Yumbe,Northern,250
H2501101,3.251354,31.4043541,31.4043541,3.251354,10.75296804,Yumbe,Northern,250
H2520103,0.7851438,30.2475071,30.2475071,0.7851438,0.789010673,ntoroko,Western,252
H2520201,0.65354,30.2756348,30.2756348,0.65354,0.58769937,ntoroko,Western,252
H2520301,0.7851438,30.2475071,30.2475071,0.7851438,0.789010673,ntoroko,Western,252
H2520401,0.7851438,30.2475071,30.2475071,0.7851438,0.789010673,ntoroko,Western,252
H2520402,0.7851438,30.2475071,30.2475071,0.7851438,0.789010673,ntoroko,Western,252
H2520801,0.7851438,30.2475071,30.2475071,0.7851438,0.789010673,ntoroko,Western,252
H2521002,0.7851438,30.2475071,30.2475071,0.7851438,0.789010673,ntoroko,Western,252
H2540101,-0.3039795,30.3784962,30.3784962,-0.3039795,9.367637925,Buhweju,Western,254
H2540201,-0.3039795,30.3784962,30.3784962,-0.3039795,9.367637925,Buhweju,Western,254
H2540202,-0.3039795,30.3784962,30.3784962,-0.3039795,9.367637925,Buhweju,Western,254
H2540302,-0.2998849,30.36236,30.36236,-0.2998849,7.52384011,Buhweju,Western,254
H2540303,-0.3039795,30.3784962,30.3784962,-0.3039795,9.367637925,Buhweju,Western,254
H2540401,-0.3039795,30.3784962,30.3784962,-0.3039795,9.367637925,Buhweju,Western,254
H2540601,-0.3039795,30.3784962,30.3784962,-0.3039795,9.367637925,Buhweju,Western,254
H2540701,-0.3039795,30.3784962,30.3784962,-0.3039795,9.367637925,Buhweju,Western,254
H2540801,-0.409392,30.5671196,30.5671196,-0.409392,0.740550914,Mbarara,Western,254
H2540901,-0.3039795,30.3784962,30.3784962,-0.3039795,9.367637925,Buhweju,Western,254
H2540902,-0.3039795,30.3784962,30.3784962,-0.3039795,9.367637925,Buhweju,Western,254
H2540903,-0.3796305,30.3712425,30.3712425,-0.3796305,13.99485559,Buhweju,Western,254
H2541001,-0.3039795,30.3784962,30.3784962,-0.3039795,9.367637925,Buhweju,Western,254
H2560101,-0.5497967,30.067522,30.067522,-0.5497967,4.404722094,Bushenyi,Western,256
H2560201,-0.5497967,30.067522,30.067522,-0.5497967,4.404722094,Bushenyi,Western,256
H2560701,-0.5497967,30.067522,30.067522,-0.5497967,4.404722094,Bushenyi,Western,256
H2560801,-0.5497967,30.067522,30.067522,-0.5497967,4.404722094,Bushenyi,Western,256
H2560901,-0.5497967,30.067522,30.067522,-0.5497967,4.404722094,Bushenyi,Western,256
H2560903,-0.6034936,29.9941101,29.9941101,-0.6034936,11.90240712,Mitooma,Western,256
H2560904,-0.5005338,30.0392551,30.0392551,-0.5005338,10.55202892,Mitooma,Western,256
H2560905,-0.5497967,30.067522,30.067522,-0.5497967,4.404722094,Bushenyi,Western,256
H2560907,-0.5483586,30.2224903,30.2224903,-0.5483586,4.51046139,Bushenyi,Western,256
H2560907,-0.5483586,30.2224903,30.2224903,-0.5483586,4.51046139,Bushenyi,Western,256
H2561001,-0.5497967,30.067522,30.067522,-0.5497967,4.404722094,Bushenyi,Western,256
H2561002,0.3710303,32.3418274,32.3418274,0.3710303,0.423510475,Mpigi,Central,256
H2561002,0.3710303,32.3418274,32.3418274,0.3710303,0.423510475,Mpigi,Central,256
H2561003,-0.5497967,30.067522,30.067522,-0.5497967,4.404722094,Bushenyi,Western,256
H2561004,-0.5497967,30.067522,30.067522,-0.5497967,4.404722094,Bushenyi,Western,256
H2561005,-0.5497967,30.067522,30.067522,-0.5497967,4.404722094,Bushenyi,Western,256
H2561006,-0.5497967,30.067522,30.067522,-0.5497967,4.404722094,Bushenyi,Western,256
H2570101,-0.5537735,30.3036919,30.3036919,-0.5537735,1.656623502,Bushenyi,Western,257
H2570202,-0.5537735,30.3036919,30.3036919,-0.5537735,1.656623502,Bushenyi,Western,257
H2570301,0.3130448,32.5691452,32.5691452,0.3130448,1.511275252,Mbarara,Western,257
H2570302,-0.4894304,30.4876595,30.4876595,-0.4894304,5.462298293,Bushenyi,Western,257
H2570401,-0.5537735,30.3036919,30.3036919,-0.5537735,1.656623502,Bushenyi,Western,257
H2570501,-0.5537735,30.3036919,30.3036919,-0.5537735,1.656623502,Bushenyi,Western,257
H2570502,-0.5537735,30.3036919,30.3036919,-0.5537735,1.656623502,Bushenyi,Western,257
H2570601,-0.5537735,30.3036919,30.3036919,-0.5537735,1.656623502,Bushenyi,Western,257
H2570603,0.2601738,32.4133987,32.4133987,0.2601738,0,Mpigi,Central,257
H2570603,0.2601738,32.4133987,32.4133987,0.2601738,0,Mpigi,Central,257
H2570604,0.3200716,32.5550461,32.5550461,0.3200716,0.584465993,Kampala,Central,257
H2570701,-0.5537735,30.3036919,30.3036919,-0.5537735,1.656623502,Bushenyi,Western,257
H2570801,-0.5537735,30.3036919,30.3036919,-0.5537735,1.656623502,Bushenyi,Western,257
H2570901,-0.5537735,30.3036919,30.3036919,-0.5537735,1.656623502,Bushenyi,Western,257
H2590101,-0.0021,30.3066235,30.3066235,-0.0021,3.888143241,Kamwenge,Western,259
H2590201,-0.5673648,30.4266243,30.4266243,-0.5673648,1.424950338,Sheema,Western,259
H2590302,-0.5673648,30.4266243,30.4266243,-0.5673648,1.424950338,Sheema,Western,259
H2590303,-0.7405461,30.2422962,30.2422962,-0.7405461,10.11489397,Sheema,Western,259
H2590304,-0.8098622,30.3598213,30.3598213,-0.8098622,3.769309858,Ntugamo,Western,259
H2590401,-0.5673648,30.4266243,30.4266243,-0.5673648,1.424950338,Sheema,Western,259
H2590402,-0.5673648,30.4266243,30.4266243,-0.5673648,1.424950338,Sheema,Western,259
H2590501,-0.5673648,30.4266243,30.4266243,-0.5673648,1.424950338,Sheema,Western,259
H2590601,-0.5673648,30.4266243,30.4266243,-0.5673648,1.424950338,Sheema,Western,259
H2590701,-0.5673648,30.4266243,30.4266243,-0.5673648,1.424950338,Sheema,Western,259
H2590702,-0.6003286,30.6659412,30.6659412,-0.6003286,4.795994266,Sheema,Western,259
H2590703,-0.0818644,31.0619335,31.0619335,-0.0818644,33.42613387,Kiruhura,Western,259
H2590801,-0.5673648,30.4266243,30.4266243,-0.5673648,1.424950338,Sheema,Western,259
H2590901,-0.5673648,30.4266243,30.4266243,-0.5673648,1.424950338,Sheema,Western,259
H2591001,-0.8562821,30.7982254,30.7982254,-0.8562821,3.575340182,Mbarara,Western,259
H2591002,-0.5673648,30.4266243,30.4266243,-0.5673648,1.424950338,Sheema,Western,259
H2591003,-0.5844219,30.3773327,30.3773327,-0.5844219,1.412679832,Sheema,Western,259
H2591003,-0.5844219,30.3773327,30.3773327,-0.5844219,1.412679832,Sheema,Western,259
H2600801,1.4456429,31.3347626,31.3347626,1.4456429,10.41365041,Hoima,Western,260
H2600901,1.4456429,31.3347626,31.3347626,1.4456429,10.41365041,Hoima,Western,260
H2600902,1.4456429,31.3347626,31.3347626,1.4456429,10.41365041,Hoima,Western,260
H2600903,1.4456429,31.3347626,31.3347626,1.4456429,10.41365041,Hoima,Western,260
H2600905,1.4989529,31.2354698,31.2354698,1.4989529,18.34399119,Hoima,Western,260
H2600906,1.4456429,31.3347626,31.3347626,1.4456429,10.41365041,Hoima,Western,260
H2601001,1.4456429,31.3347626,31.3347626,1.4456429,10.41365041,Hoima,Western,260
H2601201,1.4456429,31.3347626,31.3347626,1.4456429,10.41365041,Hoima,Western,260
H2610201,1.3618708,31.4513874,31.4513874,1.3618708,4.160334573,Hoima,Western,261
H2610601,1.3618708,31.4513874,31.4513874,1.3618708,4.160334573,Hoima,Western,261
H2610602,1.3618708,31.4513874,31.4513874,1.3618708,4.160334573,Hoima,Western,261
H2610702,1.3618708,31.4513874,31.4513874,1.3618708,4.160334573,Hoima,Western,261
H2610801,1.3618708,31.4513874,31.4513874,1.3618708,4.160334573,Hoima,Western,261
H2610901,1.4448414,31.3961239,31.3961239,1.4448414,3.659431924,Hoima,Western,261
H2611001,1.3618708,31.4513874,31.4513874,1.3618708,4.160334573,Hoima,Western,261
H2611101,1.3618708,31.4513874,31.4513874,1.3618708,4.160334573,Hoima,Western,261
H2611102,1.3618708,31.4513874,31.4513874,1.3618708,4.160334573,Hoima,Western,261
H2611103,1.3291627,31.3771324,31.3771324,1.3291627,6.57420527,Hoima,Western,261
H2620101,1.4746522,31.3388939,31.3388939,1.4746522,10.77284214,Hoima,Western,262
H2620104,1.4746522,31.3388939,31.3388939,1.4746522,10.77284214,Hoima,Western,262
H2620105,1.2924614,31.4212856,31.4212856,1.2924614,2.014349205,Hoima,Western,262
H2620106,1.2924614,31.4212856,31.4212856,1.2924614,2.014349205,Hoima,Western,262
H2620107,1.5953257,31.377367,31.377367,1.5953257,10.1162538,Hoima,Western,262
H2620201,1.4746522,31.3388939,31.3388939,1.4746522,10.77284214,Hoima,Western,262
H2620301,1.4746522,31.3388939,31.3388939,1.4746522,10.77284214,Hoima,Western,262
H2620302,1.4746522,31.3388939,31.3388939,1.4746522,10.77284214,Hoima,Western,262
H2620303,1.5225989,31.2508202,31.2508202,1.5225989,18.6780172,Hoima,Western,262
H2620304,1.4746522,31.3388939,31.3388939,1.4746522,10.77284214,Hoima,Western,262
H2620401,1.4746522,31.3388939,31.3388939,1.4746522,10.77284214,Hoima,Western,262
H2620501,1.4746522,31.3388939,31.3388939,1.4746522,10.77284214,Hoima,Western,262
H2620601,1.4746522,31.3388939,31.3388939,1.4746522,10.77284214,Hoima,Western,262
H2620602,1.4746522,31.3388939,31.3388939,1.4746522,10.77284214,Hoima,Western,262
H2620603,1.4975598,31.3848896,31.3848896,1.4975598,8.272721789,Hoima,Western,262
H2620701,1.4746522,31.3388939,31.3388939,1.4746522,10.77284214,Hoima,Western,262
H2620801,1.4746522,31.3388939,31.3388939,1.4746522,10.77284214,Hoima,Western,262
H2620901,1.4746522,31.3388939,31.3388939,1.4746522,10.77284214,Hoima,Western,262
H2620902,1.4746522,31.3388939,31.3388939,1.4746522,10.77284214,Hoima,Western,262
H2620903,1.4746522,31.3388939,31.3388939,1.4746522,10.77284214,Hoima,Western,262
H2620904,1.4746522,31.3388939,31.3388939,1.4746522,10.77284214,Hoima,Western,262
H2620905,1.4746522,31.3388939,31.3388939,1.4746522,10.77284214,Hoima,Western,262
H2620906,1.4746522,31.3388939,31.3388939,1.4746522,10.77284214,Hoima,Western,262
H2620907,0.9003529,30.6556854,30.6556854,0.9003529,19.88962063,Kibaale,Western,262
H2620907,0.9003529,30.6556854,30.6556854,0.9003529,19.88962063,Kibaale,Western,262
H2621001,1.4746522,31.3388939,31.3388939,1.4746522,10.77284214,Hoima,Western,262
H2630201,1.4419575,31.1554031,31.1554031,1.4419575,17.31574636,Hoima,Western,263
H2630401,1.4419575,31.1554031,31.1554031,1.4419575,17.31574636,Hoima,Western,263
H2630501,1.4419575,31.1554031,31.1554031,1.4419575,17.31574636,Hoima,Western,263
H2630502,1.4419575,31.1554031,31.1554031,1.4419575,17.31574636,Hoima,Western,263
H2630601,1.4419575,31.1554031,31.1554031,1.4419575,17.31574636,Hoima,Western,263
H2630701,1.4419575,31.1554031,31.1554031,1.4419575,17.31574636,Hoima,Western,263
H2630801,1.4419575,31.1554031,31.1554031,1.4419575,17.31574636,Hoima,Western,263
H2630901,1.4419575,31.1554031,31.1554031,1.4419575,17.31574636,Hoima,Western,263
H2640201,1.2560827,30.8103256,30.8103256,1.2560827,7.973645404,Hoima,Western,264
H2640501,1.2560827,30.8103256,30.8103256,1.2560827,7.973645404,Hoima,Western,264
H2640502,1.2560827,30.8103256,30.8103256,1.2560827,7.973645404,Hoima,Western,264
H2640601,1.2560827,30.8103256,30.8103256,1.2560827,7.973645404,Hoima,Western,264
H2640602,1.2560827,30.8103256,30.8103256,1.2560827,7.973645404,Hoima,Western,264
H2640603,1.2560827,30.8103256,30.8103256,1.2560827,7.973645404,Kibaale,Western,264
H2640701,1.2560827,30.8103256,30.8103256,1.2560827,7.973645404,Hoima,Western,264
H2641001,1.4456429,31.3347626,31.3347626,1.4456429,10.41365041,Hoima,Western,264
H2641101,1.2560827,30.8103256,30.8103256,1.2560827,7.973645404,Hoima,Western,264
H2641103,1.2560827,30.8103256,30.8103256,1.2560827,7.973645404,Hoima,Western,264
H2641104,1.3613,31.4506245,31.4506245,1.3613,4.182120613,Hoima,Western,264
H2641601,1.4456429,31.3347626,31.3347626,1.4456429,10.41365041,Hoima,Western,264
H2650101,-1.2414297,29.9611664,29.9611664,-1.2414297,2.789187299,Kabale,Western,265
H2650201,-1.2414297,29.9611664,29.9611664,-1.2414297,2.789187299,Kabale,Western,265
H2650202,-1.1301343,29.8643894,29.8643894,-1.1301343,9.939122338,Kabale,Western,265
H2650301,-1.2414297,29.9611664,29.9611664,-1.2414297,2.789187299,Kabale,Western,265
H2650501,-1.2414297,29.9611664,29.9611664,-1.2414297,2.789187299,Kabale,Western,265
H2650601,-1.2414297,29.9611664,29.9611664,-1.2414297,2.789187299,Kabale,Western,265
H2650701,-0.6003286,30.6659412,30.6659412,-0.6003286,4.795994266,Mbarara,Western,265
H2650901,-1.2414297,29.9611664,29.9611664,-1.2414297,2.789187299,Kabale,Western,265
H2651101,-1.2414297,29.9611664,29.9611664,-1.2414297,2.789187299,Kabale,Western,265
H2651102,-1.2414297,29.9611664,29.9611664,-1.2414297,2.789187299,Kabale,Western,265
H2660201,-1.2552155,30.0568199,30.0568199,-1.2552155,7.337635329,Kabale,Western,266
H2660301,-1.2552155,30.0568199,30.0568199,-1.2552155,7.337635329,Kabale,Western,266
H2660302,-1.2552155,30.0568199,30.0568199,-1.2552155,7.337635329,Kabale,Western,266
H2660303,-1.2552155,30.0568199,30.0568199,-1.2552155,7.337635329,Kabale,Western,266
H2660401,-1.2552155,30.0568199,30.0568199,-1.2552155,7.337635329,Kabale,Western,266
H2660501,-1.2552155,30.0568199,30.0568199,-1.2552155,7.337635329,Kabale,Western,266
H2660701,-1.2552155,30.0568199,30.0568199,-1.2552155,7.337635329,Kabale,Western,266
H2660801,-1.2552155,30.0568199,30.0568199,-1.2552155,7.337635329,Kabale,Western,266
H2660901,-1.2552155,30.0568199,30.0568199,-1.2552155,7.337635329,Kabale,Western,266
H2661001,-1.2552155,30.0568199,30.0568199,-1.2552155,7.337635329,Kabale,Western,266
H2700401,0.6407987,30.3012829,30.3012829,0.6407987,1.916332682,Kabarole,Western,270
H2700501,0.6407987,30.3012829,30.3012829,0.6407987,1.916332682,Kabarole,Western,270
H2700601,0.6407987,30.3012829,30.3012829,0.6407987,1.916332682,Kabarole,Western,270
H2700602,0.3231871,32.8257179,32.8257179,0.3231871,4.689808368,Wakiso,Central,270
H2700603,0.6407987,30.3012829,30.3012829,0.6407987,1.916332682,Kabarole,Western,270
H2700701,0.6407987,30.3012829,30.3012829,0.6407987,1.916332682,Kabarole,Western,270
H2700801,0.6407987,30.3012829,30.3012829,0.6407987,1.916332682,Kabarole,Western,270
H2710201,0.6269143,30.2771187,30.2771187,0.6269143,1.703944063,Kabarole,Western,271
H2710202,0.5785517,30.1612015,30.1612015,0.5785517,6.880247207,Kabarole,Western,271
H2710301,0.6269143,30.2771187,30.2771187,0.6269143,1.703944063,Kabarole,Western,271
H2710604,0.6269143,30.2771187,30.2771187,0.6269143,1.703944063,Kabarole,Western,271
H2710701,0.6269143,30.2771187,30.2771187,0.6269143,1.703944063,Kabarole,Western,271
H2710801,0.6269143,30.2771187,30.2771187,0.6269143,1.703944063,Kabarole,Western,271
H2711001,0.6269143,30.2771187,30.2771187,0.6269143,1.703944063,Kabarole,Western,271
H2740101,0.5785517,30.1612015,30.1612015,0.5785517,6.880247207,Kabarole,Western,274
H2740201,0.5785517,30.1612015,30.1612015,0.5785517,6.880247207,Kabarole,Western,274
H2740202,0.5785517,30.1612015,30.1612015,0.5785517,6.880247207,Kabarole,Western,274
H2740401,0.5785517,30.1612015,30.1612015,0.5785517,6.880247207,Kabarole,Western,274
H2740402,0.5785517,30.1612015,30.1612015,0.5785517,6.880247207,Kabarole,Western,274
H2740601,0.5785517,30.1612015,30.1612015,0.5785517,6.880247207,Kabarole,Western,274
H2740901,0.5785517,30.1612015,30.1612015,0.5785517,6.880247207,Kabarole,Western,274
H2741001,0.5785517,30.1612015,30.1612015,0.5785517,6.880247207,Kabarole,Western,274
H2780101,0.3582147,30.0851936,30.0851936,0.3582147,12.45451182,Kasese,Western,278
H2780301,0.3582147,30.0851936,30.0851936,0.3582147,12.45451182,Kasese,Western,278
H2780302,0.3582147,30.0851936,30.0851936,0.3582147,12.45451182,Kasese,Western,278
H2780303,0.3582147,30.0851936,30.0851936,0.3582147,12.45451182,Kasese,Western,278
H2780401,0.3582147,30.0851936,30.0851936,0.3582147,12.45451182,Kasese,Western,278
H2780501,0.3582147,30.0851936,30.0851936,0.3582147,12.45451182,Kasese,Western,278
H2780502,0.3582147,30.0851936,30.0851936,0.3582147,12.45451182,Kasese,Western,278
H2780601,0.3582147,30.0851936,30.0851936,0.3582147,12.45451182,Kasese,Western,278
H2780602,0.3582147,30.0851936,30.0851936,0.3582147,12.45451182,Kasese,Western,278
H2780701,0.3582147,30.0851936,30.0851936,0.3582147,12.45451182,Kasese,Western,278
H2780801,0.3582147,30.0851936,30.0851936,0.3582147,12.45451182,Kasese,Western,278
H2780802,0.3582147,30.0851936,30.0851936,0.3582147,12.45451182,Kasese,Western,278
H2781001,0.3582147,30.0851936,30.0851936,0.3582147,12.45451182,Kasese,Western,278
H2790101,0.0584138,29.9493351,29.9493351,0.0584138,1.719108319,Kasese,Western,279
H2790102,0.0584138,29.9493351,29.9493351,0.0584138,1.719108319,Kasese,Western,279
H2790103,0.0584138,29.9493351,29.9493351,0.0584138,1.719108319,Kasese,Western,279
H2790201,0.0584138,29.9493351,29.9493351,0.0584138,1.719108319,Kasese,Western,279
H2790301,0.0584138,29.9493351,29.9493351,0.0584138,1.719108319,Kasese,Western,279
H2790401,0.0584138,29.9493351,29.9493351,0.0584138,1.719108319,Kasese,Western,279
H2790501,0.0584138,29.9493351,29.9493351,0.0584138,1.719108319,Kasese,Western,279
H2790601,0.1873983,30.0871658,30.0871658,0.1873983,0.863784903,Kasese,Western,279
H2790701,0.0584138,29.9493351,29.9493351,0.0584138,1.719108319,Kasese,Western,279
H2790801,0.0584138,29.9493351,29.9493351,0.0584138,1.719108319,Kasese,Western,279
H2790802,0.0584138,29.9493351,29.9493351,0.0584138,1.719108319,Kasese,Western,279
H2790901,0.0584138,29.9493351,29.9493351,0.0584138,1.719108319,Kasese,Western,279
H2790902,0.0584138,29.9493351,29.9493351,0.0584138,1.719108319,Kasese,Western,279
H2800301,0.9400792,30.8119183,30.8119183,0.9400792,11.67510257,Kibaale,Western,280
H2800301,0.9400792,30.8119183,30.8119183,0.9400792,11.67510257,Kibaale,Western,280
H2800601,0.9400792,30.8119183,30.8119183,0.9400792,11.67510257,Kibaale,Western,280
H2800601,0.9400792,30.8119183,30.8119183,0.9400792,11.67510257,Kibaale,Western,280
H2810201,1.0207185,31.1242161,31.1242161,1.0207185,13.7994196,Kibaale,Western,281
H2810201,1.0207185,31.1242161,31.1242161,1.0207185,13.7994196,Kibaale,Western,281
H2810401,1.0207185,31.1242161,31.1242161,1.0207185,13.7994196,Kibaale,Western,281
H2810401,1.0207185,31.1242161,31.1242161,1.0207185,13.7994196,Kibaale,Western,281
H2810501,1.0207185,31.1242161,31.1242161,1.0207185,13.7994196,Kibaale,Western,281
H2810501,1.0207185,31.1242161,31.1242161,1.0207185,13.7994196,Kibaale,Western,281
H2810601,1.0207185,31.1242161,31.1242161,1.0207185,13.7994196,Kibaale,Western,281
H2810601,1.0207185,31.1242161,31.1242161,1.0207185,13.7994196,Kibaale,Western,281
H2810701,1.0207185,31.1242161,31.1242161,1.0207185,13.7994196,Kibaale,Western,281
H2810701,1.0207185,31.1242161,31.1242161,1.0207185,13.7994196,Kibaale,Western,281
H2810702,0.9586838,31.0445957,31.0445957,0.9586838,19.20342638,Kibaale,Western,281
H2810702,0.9586838,31.0445957,31.0445957,0.9586838,19.20342638,Kibaale,Western,281
H2810801,1.0207185,31.1242161,31.1242161,1.0207185,13.7994196,Kibaale,Western,281
H2810801,1.0207185,31.1242161,31.1242161,1.0207185,13.7994196,Kibaale,Western,281
H2810802,0.9291625,31.1403008,31.1403008,0.9291625,12.15414436,Kibaale,Western,281
H2810802,0.9291625,31.1403008,31.1403008,0.9291625,12.15414436,Kibaale,Western,281
H2810901,1.0207185,31.1242161,31.1242161,1.0207185,13.7994196,Kibaale,Western,281
H2810901,1.0207185,31.1242161,31.1242161,1.0207185,13.7994196,Kibaale,Western,281
H2810902,1.0207185,31.1242161,31.1242161,1.0207185,13.7994196,Kibaale,Western,281
H2810902,1.0207185,31.1242161,31.1242161,1.0207185,13.7994196,Kibaale,Western,281
H2810903,1.1205126,31.2089348,31.2089348,1.1205126,6.769676958,Kibaale,Western,281
H2810903,1.1205126,31.2089348,31.2089348,1.1205126,6.769676958,Kibaale,Western,281
H2810903,1.1205126,31.2089348,31.2089348,1.1205126,6.769676958,Kibaale,Western,281
H2811001,1.0207185,31.1242161,31.1242161,1.0207185,13.7994196,Kibaale,Western,281
H2811001,1.0207185,31.1242161,31.1242161,1.0207185,13.7994196,Kibaale,Western,281
H2820201,0.8872359,30.6932125,30.6932125,0.8872359,15.48451064,Kibaale,Western,282
H2820201,0.8872359,30.6932125,30.6932125,0.8872359,15.48451064,Kibaale,Western,282
H2820501,0.8872359,30.6932125,30.6932125,0.8872359,15.48451064,Kibaale,Western,282
H2820501,0.8872359,30.6932125,30.6932125,0.8872359,15.48451064,Kibaale,Western,282
H2820602,0.8872359,30.6932125,30.6932125,0.8872359,15.48451064,Kibaale,Western,282
H2820602,0.8872359,30.6932125,30.6932125,0.8872359,15.48451064,Kibaale,Western,282
H2820605,0.8872359,30.6932125,30.6932125,0.8872359,15.48451064,Kibaale,Western,282
H2820605,0.8872359,30.6932125,30.6932125,0.8872359,15.48451064,Kibaale,Western,282
H2820701,0.8872359,30.6932125,30.6932125,0.8872359,15.48451064,Kibaale,Western,282
H2820701,0.8872359,30.6932125,30.6932125,0.8872359,15.48451064,Kibaale,Western,282
H2820901,0.8872359,30.6932125,30.6932125,0.8872359,15.48451064,Kibaale,Western,282
H2820901,0.8872359,30.6932125,30.6932125,0.8872359,15.48451064,Kibaale,Western,282
H2820902,0.8872359,30.6932125,30.6932125,0.8872359,15.48451064,Kibaale,Western,282
H2820902,0.8872359,30.6932125,30.6932125,0.8872359,15.48451064,Kibaale,Western,282
H2820904,0.0458636,29.7339859,29.7339859,0.0458636,1.55945329,Kasese,Western,282
H2821001,0.8872359,30.6932125,30.6932125,0.8872359,15.48451064,Kibaale,Western,282
H2821001,0.8872359,30.6932125,30.6932125,0.8872359,15.48451064,Kibaale,Western,282
H2821002,0.8872359,30.6932125,30.6932125,0.8872359,15.48451064,Kibaale,Western,282
H2821002,0.8872359,30.6932125,30.6932125,0.8872359,15.48451064,Kibaale,Western,282
H2821101,0.963021,30.6752872,30.6752872,0.963021,16.95822882,Kibaale,Western,282
H2831001,0.9734336,30.7155113,30.7155113,0.9734336,16.75522847,Kibaale,Western,283
H2831002,0.9734336,30.7155113,30.7155113,0.9734336,16.75522847,Kibaale,Western,283
H2850101,-1.1506003,29.6728382,29.6728382,-1.1506003,8.29223434,Kisoro,Western,285
H2850201,-1.1506003,29.6728382,29.6728382,-1.1506003,8.29223434,Kisoro,Western,285
H2850301,-1.1506003,29.6728382,29.6728382,-1.1506003,8.29223434,Kisoro,Western,285
H2850401,-1.1506003,29.6728382,29.6728382,-1.1506003,8.29223434,Kisoro,Western,285
H2850501,-1.1506003,29.6728382,29.6728382,-1.1506003,8.29223434,Kisoro,Western,285
H2850503,-1.1506003,29.6728382,29.6728382,-1.1506003,8.29223434,Kisoro,Western,285
H2850504,-1.1137875,29.6895123,29.6895123,-1.1137875,3.894375313,Kisoro,Western,285
H2850505,-1.1506003,29.6728382,29.6728382,-1.1506003,8.29223434,Kisoro,Western,285
H2850602,-1.1506003,29.6728382,29.6728382,-1.1506003,8.29223434,Kisoro,Western,285
H2850801,-1.1506003,29.6728382,29.6728382,-1.1506003,8.29223434,Kisoro,Western,285
H2850902,-1.1506003,29.6728382,29.6728382,-1.1506003,8.29223434,Kisoro,Western,285
H2851001,-1.1506003,29.6728382,29.6728382,-1.1506003,8.29223434,Kisoro,Western,285
H2851101,-1.1506003,29.6728382,29.6728382,-1.1506003,8.29223434,Kisoro,Western,285
H2851102,0.0883881,32.476429,32.476429,0.0883881,0.343018436,Wakiso,Central,285
H2870201,1.6943171,31.7118549,31.7118549,1.6943171,10.47109474,Masindi,Western,287
H2870301,1.6943171,31.7118549,31.7118549,1.6943171,10.47109474,Masindi,Western,287
H2870601,1.6943171,31.7118549,31.7118549,1.6943171,10.47109474,Masindi,Western,287
H2870901,1.6943171,31.7118549,31.7118549,1.6943171,10.47109474,Masindi,Western,287
H2870902,1.6943171,31.7118549,31.7118549,1.6943171,10.47109474,Masindi,Western,287
H2871001,1.6943171,31.7118549,31.7118549,1.6943171,10.47109474,Masindi,Western,287
H2880301,1.6943171,31.7118549,31.7118549,1.6943171,10.47109474,Masindi,Western,288
H2880501,1.6260251,31.5849762,31.5849762,1.6260251,8.618338734,Masindi,Western,288
H2880701,1.6260251,31.5849762,31.5849762,1.6260251,8.618338734,Masindi,Western,288
H2881001,1.6260251,31.5849762,31.5849762,1.6260251,8.618338734,Masindi,Western,288
H2900201,1.7466522,31.6700687,31.6700687,1.7466522,16.06115735,Masindi,Western,290
H2900301,1.7466522,31.6700687,31.6700687,1.7466522,16.06115735,Masindi,Western,290
H2900501,1.7466522,31.6700687,31.6700687,1.7466522,16.06115735,Masindi,Western,290
H2900502,1.7466522,31.6700687,31.6700687,1.7466522,16.06115735,Masindi,Western,290
H2900601,1.7466522,31.6700687,31.6700687,1.7466522,16.06115735,Masindi,Western,290
H2920201,-0.608761,30.6722298,30.6722298,-0.608761,4.822233841,Mbarara,Western,292
H2920301,0.1609295,32.5529327,32.5529327,0.1609295,0.459724224,Wakiso,Central,292
H2920501,-0.608761,30.6722298,30.6722298,-0.608761,4.822233841,Mbarara,Western,292
H2920701,0.3246907,32.5485802,32.5485802,0.3246907,0.974401968,Kampala,Central,292
H2920802,-0.608761,30.6722298,30.6722298,-0.608761,4.822233841,Mbarara,Western,292
H2920803,-0.608761,30.6722298,30.6722298,-0.608761,4.822233841,Mbarara,Western,292
H2920804,-0.6677516,30.4221497,30.4221497,-0.6677516,4.314491512,Mbarara,Western,292
H2920901,-0.608761,30.6722298,30.6722298,-0.608761,4.822233841,Mbarara,Western,292
H2921001,-0.608761,30.6722298,30.6722298,-0.608761,4.822233841,Mbarara,Western,292
H2940101,-0.132563,30.4788208,30.4788208,-0.132563,1.842891747,Ibanda,Western,294
H2940201,-0.132563,30.4788208,30.4788208,-0.132563,1.842891747,Ibanda,Western,294
H2940301,-0.132563,30.4788208,30.4788208,-0.132563,1.842891747,Ibanda,Western,294
H2940302,-0.132563,30.4788208,30.4788208,-0.132563,1.842891747,Ibanda,Western,294
H2940401,-0.132563,30.4788208,30.4788208,-0.132563,1.842891747,Ibanda,Western,294
H2940502,0.3016549,32.6005478,32.6005478,0.3016549,0.479143689,Kampala,Central,294
H2940601,-0.132563,30.4788208,30.4788208,-0.132563,1.842891747,Ibanda,Western,294
H2940701,-0.132563,30.4788208,30.4788208,-0.132563,1.842891747,Ibanda,Western,294
H2940801,-0.132563,30.4788208,30.4788208,-0.132563,1.842891747,Ibanda,Western,294
H2940802,-0.1547722,30.400938,30.400938,-0.1547722,7.574654149,Kamwenge,Western,294
H2941001,-0.132563,30.4788208,30.4788208,-0.132563,1.842891747,Ibanda,Western,294
H2950101,-0.9256019,30.7941589,30.7941589,-0.9256019,2.409537504,Isingiro,Western,295
H2950201,-0.9256019,30.7941589,30.7941589,-0.9256019,2.409537504,Isingiro,Western,295
H2950301,-0.9256019,30.7941589,30.7941589,-0.9256019,2.409537504,Isingiro,Western,295
H2950401,-0.9256019,30.7941589,30.7941589,-0.9256019,2.409537504,Isingiro,Western,295
H2950501,-0.9256019,30.7941589,30.7941589,-0.9256019,2.409537504,Isingiro,Western,295
H2950502,-0.9256019,30.7941589,30.7941589,-0.9256019,2.409537504,Isingiro,Western,295
H2950503,-0.9256019,30.7941589,30.7941589,-0.9256019,2.409537504,Isingiro,Western,295
H2950701,-0.9256019,30.7941589,30.7941589,-0.9256019,2.409537504,Isingiro,Western,295
H2950801,-0.9256019,30.7941589,30.7941589,-0.9256019,2.409537504,Isingiro,Western,295
H2950901,-0.9256019,30.7941589,30.7941589,-0.9256019,2.409537504,Isingiro,Western,295
H2951101,-0.9256019,30.7941589,30.7941589,-0.9256019,2.409537504,Isingiro,Western,295
H2960201,0.0148298,30.5203266,30.5203266,0.0148298,7.822638736,Ibanda,Western,296
H2960202,0.0034283,30.4390011,30.4390011,0.0034283,4.641538241,Ibanda,Western,296
H2960203,-0.0483831,30.7542286,30.7542286,-0.0483831,19.41810586,Kiruhura,Western,296
H2960301,0.0148298,30.5203266,30.5203266,0.0148298,7.822638736,Ibanda,Western,296
H2960302,-0.0272282,30.3484936,30.3484936,-0.0272282,1.895064888,Kamwenge,Western,296
H2960401,0.0148298,30.5203266,30.5203266,0.0148298,7.822638736,Ibanda,Western,296
H2960402,0.0148298,30.5203266,30.5203266,0.0148298,7.822638736,Kiruhura,Western,296
H2960403,0.0148298,30.5203266,30.5203266,0.0148298,7.822638736,Ibanda,Western,296
H2960601,0.0148298,30.5203266,30.5203266,0.0148298,7.822638736,Ibanda,Western,296
H2960701,0.0148298,30.5203266,30.5203266,0.0148298,7.822638736,Ibanda,Western,296
H2960801,0.0148298,30.5203266,30.5203266,0.0148298,7.822638736,Ibanda,Western,296
H2960802,0.0148298,30.5203266,30.5203266,0.0148298,7.822638736,Ibanda,Western,296
H2960901,0.0148298,30.5203266,30.5203266,0.0148298,7.822638736,Ibanda,Western,296
H2960902,0.0148298,30.5203266,30.5203266,0.0148298,7.822638736,Ibanda,Western,296
H2961001,0.080801,30.4895535,30.4895535,0.080801,12.97023753,Ibanda,Western,296
H2961101,0.0148298,30.5203266,30.5203266,0.0148298,7.822638736,Ibanda,Western,296
H2970101,-0.2273964,30.4021683,30.4021683,-0.2273964,4.747219965,Ibanda,Western,297
H2970201,-0.2273964,30.4021683,30.4021683,-0.2273964,4.747219965,Ibanda,Western,297
H2970202,-0.2273964,30.4021683,30.4021683,-0.2273964,4.747219965,Ibanda,Western,297
H2970203,-0.1136839,30.5934906,30.5934906,-0.1136839,2.684998777,Kiruhura,Western,297
H2970301,-0.2273964,30.4021683,30.4021683,-0.2273964,4.747219965,Ibanda,Western,297
H2970401,-0.2273964,30.4021683,30.4021683,-0.2273964,4.747219965,Ibanda,Western,297
H2970501,-0.2273964,30.4021683,30.4021683,-0.2273964,4.747219965,Ibanda,Western,297
H2970601,-0.2273964,30.4021683,30.4021683,-0.2273964,4.747219965,Ibanda,Western,297
H2970602,-0.2273964,30.4021683,30.4021683,-0.2273964,4.747219965,Ibanda,Western,297
H2970603,-0.2273964,30.4021683,30.4021683,-0.2273964,4.747219965,Ibanda,Western,297
H2970701,-0.2273964,30.4021683,30.4021683,-0.2273964,4.747219965,Ibanda,Western,297
H2970702,-0.2273964,30.4021683,30.4021683,-0.2273964,4.747219965,Ibanda,Western,297
H2970703,-0.2927671,30.3835125,30.3835125,-0.2927671,8.825631797,Buhweju,Western,297
H2970801,-0.2273964,30.4021683,30.4021683,-0.2273964,4.747219965,Ibanda,Western,297
H2970901,-0.2273964,30.4021683,30.4021683,-0.2273964,4.747219965,Ibanda,Western,297
H2970902,-0.2273964,30.4021683,30.4021683,-0.2273964,4.747219965,Ibanda,Western,297
H2970903,-0.2273964,30.4021683,30.4021683,-0.2273964,4.747219965,Ibanda,Western,297
H2971001,-0.2273964,30.4021683,30.4021683,-0.2273964,4.747219965,Ibanda,Western,297
H2971002,-0.132563,30.4788208,30.4788208,-0.132563,1.842891747,Ibanda,Western,297
H2971003,-0.2273964,30.4021683,30.4021683,-0.2273964,4.747219965,Ibanda,Western,297
H2980101,-0.7572464,30.8071995,30.8071995,-0.7572464,1.176220574,Isingiro,Western,298
H2980201,-0.7572464,30.8071995,30.8071995,-0.7572464,1.176220574,Isingiro,Western,298
H2980301,-0.7572464,30.8071995,30.8071995,-0.7572464,1.176220574,Isingiro,Western,298
H2980302,-0.5903861,30.535183,30.535183,-0.5903861,2.064295703,Mbarara,Western,298
H2980501,-0.7572464,30.8071995,30.8071995,-0.7572464,1.176220574,Isingiro,Western,298
H2980601,-0.7572464,30.8071995,30.8071995,-0.7572464,1.176220574,Isingiro,Western,298
H2980701,-0.7572464,30.8071995,30.8071995,-0.7572464,1.176220574,Isingiro,Western,298
H2980702,-0.608761,30.6722298,30.6722298,-0.608761,4.822233841,Isingiro,Western,298
H2980901,-0.7572464,30.8071995,30.8071995,-0.7572464,1.176220574,Isingiro,Western,298
H2981001,-0.7572464,30.8071995,30.8071995,-0.7572464,1.176220574,Isingiro,Western,298
H2981002,-0.6034936,29.9941101,29.9941101,-0.6034936,11.90240712,Mitooma,Western,298
H2981003,-0.6168857,30.6898422,30.6898422,-0.6168857,6.323461165,Mbarara,Western,298
H2981004,-0.6007046,30.7431602,30.7431602,-0.6007046,12.47508657,Mbarara,Western,298
H2990101,-0.8552951,30.6595821,30.6595821,-0.8552951,2.073221212,Isingiro,Western,299
H2990201,-0.8552951,30.6595821,30.6595821,-0.8552951,2.073221212,Isingiro,Western,299
H2990202,-0.8552951,30.6595821,30.6595821,-0.8552951,2.073221212,Isingiro,Western,299
H2990205,-0.8552951,30.6595821,30.6595821,-0.8552951,2.073221212,Mbarara,Western,299
H2990207,0.2204633,32.5891571,32.5891571,0.2204633,0.573110425,Kampala,Central,299
H2990208,-0.8552951,30.6595821,30.6595821,-0.8552951,2.073221212,Isingiro,Western,299
H2990301,-0.8552951,30.6595821,30.6595821,-0.8552951,2.073221212,Isingiro,Western,299
H2990303,-0.5670359,30.7006493,30.7006493,-0.5670359,10.13153073,Isingiro,Western,299
H2990401,-0.8552951,30.6595821,30.6595821,-0.8552951,2.073221212,Isingiro,Western,299
H2990501,-0.8552951,30.6595821,30.6595821,-0.8552951,2.073221212,Isingiro,Western,299
H2990601,-0.8552951,30.6595821,30.6595821,-0.8552951,2.073221212,Isingiro,Western,299
H2990603,-0.8552951,30.6595821,30.6595821,-0.8552951,2.073221212,Isingiro,Western,299
H2990701,-0.8552951,30.6595821,30.6595821,-0.8552951,2.073221212,Isingiro,Western,299
H2990801,-0.8552951,30.6595821,30.6595821,-0.8552951,2.073221212,Isingiro,Western,299
H2990802,-0.8552951,30.6595821,30.6595821,-0.8552951,2.073221212,Isingiro,Western,299
H2990901,-0.8552951,30.6595821,30.6595821,-0.8552951,2.073221212,Isingiro,Western,299
H2991001,-0.8552951,30.6595821,30.6595821,-0.8552951,2.073221212,Isingiro,Western,299
H2991002,-0.8552951,30.6595821,30.6595821,-0.8552951,2.073221212,Isingiro,Western,299
H2991003,-0.608761,30.6722298,30.6722298,-0.608761,4.822233841,Mbarara,Western,299
H3000201,-0.5605722,30.6788006,30.6788006,-0.5605722,9.072972878,Mbarara,Western,300
H3000202,-0.6730971,30.6783066,30.6783066,-0.6730971,5.667763408,Isingiro,Western,300
H3000501,-0.5605722,30.6788006,30.6788006,-0.5605722,9.072972878,Mbarara,Western,300
H3000601,-0.5605722,30.6788006,30.6788006,-0.5605722,9.072972878,Mbarara,Western,300
H3000801,-0.5605722,30.6788006,30.6788006,-0.5605722,9.072972878,Mbarara,Western,300
H3000901,-0.6563359,30.4621201,30.4621201,-0.6563359,3.723688466,Mbarara,Western,300
H3000901,-0.6563359,30.4621201,30.4621201,-0.6563359,3.723688466,Mbarara,Western,300
H3001001,-0.5605722,30.6788006,30.6788006,-0.5605722,9.072972878,Mbarara,Western,300
H3001201,-0.5605722,30.6788006,30.6788006,-0.5605722,9.072972878,Mbarara,Western,300
H3030201,-0.2788738,30.8901272,30.8901272,-0.2788738,26.25206244,Kiruhura,Western,303
H3030301,-0.2788738,30.8901272,30.8901272,-0.2788738,26.25206244,Kiruhura,Western,303
H3030401,-0.2788738,30.8901272,30.8901272,-0.2788738,26.25206244,Kiruhura,Western,303
H3030601,-0.2788738,30.8901272,30.8901272,-0.2788738,26.25206244,Kiruhura,Western,303
H3030701,-0.2788738,30.8901272,30.8901272,-0.2788738,26.25206244,Kiruhura,Western,303
H3030901,-0.2788738,30.8901272,30.8901272,-0.2788738,26.25206244,Kiruhura,Western,303
H3030902,-0.2788738,30.8901272,30.8901272,-0.2788738,26.25206244,Kiruhura,Western,303
H3030903,-0.6234303,30.6569023,30.6569023,-0.6234303,2.596449139,Mbarara,Western,303
H3031001,-0.2788738,30.8901272,30.8901272,-0.2788738,26.25206244,Kiruhura,Central,303
H3040201,-0.7450388,30.4248142,30.4248142,-0.7450388,12.62797245,Mbarara,Western,304
H3040301,0.3130448,32.5691452,32.5691452,0.3130448,1.511275252,Mbarara,Western,304
H3040401,-0.7450388,30.4248142,30.4248142,-0.7450388,12.62797245,Mbarara,Western,304
H3040501,-0.7450388,30.4248142,30.4248142,-0.7450388,12.62797245,Mbarara,Western,304
H3040701,-0.7450388,30.4248142,30.4248142,-0.7450388,12.62797245,Mbarara,Western,304
H3040801,-0.7450388,30.4248142,30.4248142,-0.7450388,12.62797245,Mbarara,Western,304
H3040802,-0.654303,30.3842182,30.3842182,-0.654303,3.137759606,Sheema,Western,304
H3040901,-0.7450388,30.4248142,30.4248142,-0.7450388,12.62797245,Mbarara,Western,304
H3041101,-0.7450388,30.4248142,30.4248142,-0.7450388,12.62797245,Mbarara,Western,304
H3041201,-0.7450388,30.4248142,30.4248142,-0.7450388,12.62797245,Mbarara,Western,304
H3050201,-0.8608073,30.2692757,30.2692757,-0.8608073,0.260809715,Ntugamo,Western,305
H3050202,-0.8608073,30.2692757,30.2692757,-0.8608073,0.260809715,Mukono,Western,305
H3050203,0.3277633,32.6144104,32.6144104,0.3277633,1.467940037,Kampala,Central,305
H3050301,-0.8676633,30.3541145,30.3541145,-0.8676633,0.080952304,Ntugamo,Western,305
H3050401,-0.8608073,30.2692757,30.2692757,-0.8608073,0.260809715,Ntugamo,Western,305
H3050501,-0.8608073,30.2692757,30.2692757,-0.8608073,0.260809715,Ntugamo,Western,305
H3050901,-0.8608073,30.2692757,30.2692757,-0.8608073,0.260809715,Ntugamo,Western,305
H3051001,-0.8608073,30.2692757,30.2692757,-0.8608073,0.260809715,Ntugamo,Western,305
H3051101,-0.8608073,30.2692757,30.2692757,-0.8608073,0.260809715,Ntugamo,Western,305
H3051104,0.2965713,32.681778,32.681778,0.2965713,0,Wakiso,Central,305
H3051104,0.2965713,32.681778,32.681778,0.2965713,0,Wakiso,Central,305
H3060301,-0.7605708,30.1790943,30.1790943,-0.7605708,4.533015263,Ntugamo,Western,306
H3060401,-0.7605708,30.1790943,30.1790943,-0.7605708,4.533015263,Ntugamo,Western,306
H3060501,-0.7605708,30.1790943,30.1790943,-0.7605708,4.533015263,Ntugamo,Western,306
H3060504,-0.8451288,30.1477451,30.1477451,-0.8451288,8.064610914,Ntugamo,Western,306
H3060701,-0.7605708,30.1790943,30.1790943,-0.7605708,4.533015263,Ntugamo,Western,306
H3061001,-0.7605708,30.1790943,30.1790943,-0.7605708,4.533015263,Ntugamo,Western,306
H3070101,-0.8676633,30.3541145,30.3541145,-0.8676633,0.080952304,Ntugamo,Western,307
H3070102,-0.608761,30.6722298,30.6722298,-0.608761,4.822233841,Mbarara,Western,307
H3070103,-0.8676633,30.3541145,30.3541145,-0.8676633,0.080952304,Ntugamo,Western,307
H3070104,-0.8676633,30.3541145,30.3541145,-0.8676633,0.080952304,Ntugamo,Western,307
H3070201,-0.8676633,30.3541145,30.3541145,-0.8676633,0.080952304,Ntugamo,Western,307
H3070202,-0.2492642,30.9383221,30.9383221,-0.2492642,26.19973989,Kiruhura,Western,307
H3070301,-0.8676633,30.3541145,30.3541145,-0.8676633,0.080952304,Ntugamo,Western,307
H3070302,-0.8676633,30.3541145,30.3541145,-0.8676633,0.080952304,Ntugamo,Western,307
H3070401,-0.8676633,30.3541145,30.3541145,-0.8676633,0.080952304,Ntugamo,Western,307
H3070601,-0.9758037,30.4814968,30.4814968,-0.9758037,5.735182498,Ntugamo,Western,307
H3070602,-1.0497023,30.463789,30.463789,-1.0497023,1.084547182,Ntugamo,Western,307
H3070603,-0.8676633,30.3541145,30.3541145,-0.8676633,0.080952304,Ntugamo,Western,307
H3070701,-0.8676633,30.3541145,30.3541145,-0.8676633,0.080952304,Ntugamo,Western,307
H3070801,-0.8676633,30.3541145,30.3541145,-0.8676633,0.080952304,Ntugamo,Western,307
H3070901,-0.8676633,30.3541145,30.3541145,-0.8676633,0.080952304,Ntugamo,Western,307
H3071001,-0.8676633,30.3541145,30.3541145,-0.8676633,0.080952304,Ntugamo,Western,307
H3080201,-0.9823366,30.4597378,30.4597378,-0.9823366,7.409309997,Ntugamo,Western,308
H3080301,-0.9823366,30.4597378,30.4597378,-0.9823366,7.409309997,Ntugamo,Western,308
H3080501,-0.9823366,30.4597378,30.4597378,-0.9823366,7.409309997,Ntugamo,Western,308
H3080601,-0.9823366,30.4597378,30.4597378,-0.9823366,7.409309997,Ntugamo,Western,308
H3080602,-1.1914228,29.8102531,29.8102531,-1.1914228,3.228160695,Kabale,Western,308
H3080701,-0.9823366,30.4597378,30.4597378,-0.9823366,7.409309997,Ntugamo,Western,308
H3080702,-1.2348554,29.9747772,29.9747772,-1.2348554,1.811010548,Kampala,Central,308
H3080901,-0.9823366,30.4597378,30.4597378,-0.9823366,7.409309997,Ntugamo,Western,308
H3081001,-0.9823366,30.4597378,30.4597378,-0.9823366,7.409309997,Ntugamo,Western,308
H3081101,-0.9823366,30.4597378,30.4597378,-0.9823366,7.409309997,Ntugamo,Western,308
H3090101,-0.9871768,30.1298351,30.1298351,-0.9871768,16.99629664,Ntugamo,Western,309
H3090102,-0.1406662,30.4703484,30.4703484,-0.1406662,1.531275662,Ibanda,Western,309
H3090301,-0.9871768,30.1298351,30.1298351,-0.9871768,16.99629664,Ntugamo,Western,309
H3090401,-0.9871768,30.1298351,30.1298351,-0.9871768,16.99629664,Ntugamo,Western,309
H3090501,-0.9871768,30.1298351,30.1298351,-0.9871768,16.99629664,Ntugamo,Western,309
H3090502,-0.3639919,30.6591301,30.6591301,-0.3639919,9.64068665,Mbarara,Western,309
H3090601,-0.9871768,30.1298351,30.1298351,-0.9871768,16.99629664,Ntugamo,Western,309
H3090602,-0.476377,31.5299587,31.5299587,-0.476377,6.495144076,Lwengo,Central,309
H3090602,-0.476377,31.5299587,31.5299587,-0.476377,6.495144076,Lwengo,Central,309
H3090602,-0.476377,31.5299587,31.5299587,-0.476377,6.495144076,Lwengo,Central,309
H3090701,-0.9871768,30.1298351,30.1298351,-0.9871768,16.99629664,Ntugamo,Western,309
H3090901,-0.9871768,30.1298351,30.1298351,-0.9871768,16.99629664,Ntugamo,Western,309
H3091001,-0.9871768,30.1298351,30.1298351,-0.9871768,16.99629664,Ntugamo,Western,309
H3091002,0.3023803,32.6628075,32.6628075,0.3023803,0,Kampala,Central,309
H3091002,0.3023803,32.6628075,32.6628075,0.3023803,0,Kampala,Central,309
H3091004,-0.9871768,30.1298351,30.1298351,-0.9871768,16.99629664,Ntugamo,Western,309
H3091101,-0.9871768,30.1298351,30.1298351,-0.9871768,16.99629664,Ntugamo,Western,309
H3100301,-0.9649008,29.9596882,29.9596882,-0.9649008,5.65919386,Rukungiri,Western,310
H3100401,-0.9649008,29.9596882,29.9596882,-0.9649008,5.65919386,Rukungiri,Western,310
H3100402,-0.9649008,29.9596882,29.9596882,-0.9649008,5.65919386,Rukungiri,Western,310
H3100601,-0.9649008,29.9596882,29.9596882,-0.9649008,5.65919386,Rukungiri,Western,310
H3100701,-0.9649008,29.9596882,29.9596882,-0.9649008,5.65919386,Rukungiri,Western,310
H3100801,-0.9649008,29.9596882,29.9596882,-0.9649008,5.65919386,Rukungiri,Western,310
H3101001,-0.9649008,29.9596882,29.9596882,-0.9649008,5.65919386,Rukungiri,Western,310
H3110201,-0.6404307,29.8059826,29.8059826,-0.6404307,8.216687734,Rukungiri,Western,311
H3110301,-0.6404307,29.8059826,29.8059826,-0.6404307,8.216687734,Rukungiri,Western,311
H3110501,-0.6404307,29.8059826,29.8059826,-0.6404307,8.216687734,Rukungiri,Western,311
H3110701,-0.6404307,29.8059826,29.8059826,-0.6404307,8.216687734,Rukungiri,Western,311
H3110801,-0.6404307,29.8059826,29.8059826,-0.6404307,8.216687734,Rukungiri,Western,311
H3110902,-0.6404307,29.8059826,29.8059826,-0.6404307,8.216687734,Rukungiri,Western,311
H3110903,-0.6404307,29.8059826,29.8059826,-0.6404307,8.216687734,Rukungiri,Western,311
H3170101,-0.9203238,29.8012295,29.8012295,-0.9203238,9.682545886,Kanungu,Western,317
H3170301,-0.9203238,29.8012295,29.8012295,-0.9203238,9.682545886,Kanungu,Western,317
H3170302,-0.8120078,29.8270569,29.8270569,-0.8120078,7.997166303,Kanungu,Western,317
H3170601,-0.9203238,29.8012295,29.8012295,-0.9203238,9.682545886,Kanungu,Western,317
H3170602,-0.9203238,29.8012295,29.8012295,-0.9203238,9.682545886,Kanungu,Western,317
H3170701,-0.9203238,29.8012295,29.8012295,-0.9203238,9.682545886,Kanungu,Western,317
H3170801,-0.9203238,29.8012295,29.8012295,-0.9203238,9.682545886,Kanungu,Western,317
H3170901,-0.9203238,29.8012295,29.8012295,-0.9203238,9.682545886,Kanungu,Western,317
H3171001,-0.9203238,29.8012295,29.8012295,-0.9203238,9.682545886,Kanungu,Western,317
H3171002,-0.9203238,29.8012295,29.8012295,-0.9203238,9.682545886,Kanungu,Western,317
H3190101,0.41965,31.0364628,31.0364628,0.41965,27.73509599,Kyegegwa,Western,319
H3190102,0.41965,31.0364628,31.0364628,0.41965,27.73509599,Kyegegwa,Western,319
H3190201,0.41965,31.0364628,31.0364628,0.41965,27.73509599,Kyegegwa,Western,319
H3190401,0.41965,31.0364628,31.0364628,0.41965,27.73509599,Kyegegwa,Western,319
H3190701,0.41965,31.0364628,31.0364628,0.41965,27.73509599,Kyegegwa,Western,319
H3190702,0.41965,31.0364628,31.0364628,0.41965,27.73509599,Kyegegwa,Western,319
H3190801,0.41965,31.0364628,31.0364628,0.41965,27.73509599,Kyegegwa,Western,319
H3190901,0.41965,31.0364628,31.0364628,0.41965,27.73509599,Kyegegwa,Western,319
H3191001,0.5169414,30.9444485,30.9444485,0.5169414,24.79233151,Kyegegwa,Western,319
H3210101,0.7287576,30.6465893,30.6465893,0.7287576,12.81517553,Kyenjojo,Western,321
H3210301,0.7287576,30.6465893,30.6465893,0.7287576,12.81517553,Kyenjojo,Western,321
H3210303,0.7287576,30.6465893,30.6465893,0.7287576,12.81517553,Kabarole,Western,321
H3210304,0.6269143,30.2771187,30.2771187,0.6269143,1.703944063,Kabarole,Western,321
H3210305,0.5896109,30.6399307,30.6399307,0.5896109,17.51442423,Kyenjojo,Western,321
H3210402,0.7287576,30.6465893,30.6465893,0.7287576,12.81517553,Kyenjojo,Western,321
H3210501,0.7287576,30.6465893,30.6465893,0.7287576,12.81517553,Kyenjojo,Western,321
H3210601,0.7287576,30.6465893,30.6465893,0.7287576,12.81517553,Kyenjojo,Western,321
H3210602,0.6527736,30.3024673,30.3024673,0.6527736,0.99390853,Kabarole,Western,321
H3210604,0.3684044,32.5902557,32.5902557,0.3684044,1.243060359,Hoima,Western,321
H3210605,0.65354,30.2756348,30.2756348,0.65354,0.58769937,Kabarole,Western,321
H3210801,0.7287576,30.6465893,30.6465893,0.7287576,12.81517553,Kyenjojo,Western,321
H3210901,0.7287576,30.6465893,30.6465893,0.7287576,12.81517553,Kyenjojo,Western,321
H3220102,0.8220117,30.7921314,30.7921314,0.8220117,3.027261836,Kyenjojo,Western,322
H3220102,0.8220117,30.7921314,30.7921314,0.8220117,3.027261836,Kyenjojo,Western,322
H3220301,0.8220117,30.7921314,30.7921314,0.8220117,3.027261836,Kyenjojo,Western,322
H3220301,0.8220117,30.7921314,30.7921314,0.8220117,3.027261836,Kyenjojo,Western,322
H3220401,0.8220117,30.7921314,30.7921314,0.8220117,3.027261836,Kyenjojo,Western,322
H3220401,0.8220117,30.7921314,30.7921314,0.8220117,3.027261836,Kyenjojo,Western,322
H3220501,0.8220117,30.7921314,30.7921314,0.8220117,3.027261836,Kyenjojo,Western,322
H3220501,0.8220117,30.7921314,30.7921314,0.8220117,3.027261836,Kyenjojo,Western,322
H3220502,0.8220117,30.7921314,30.7921314,0.8220117,3.027261836,Kyenjojo,Western,322
H3220502,0.8220117,30.7921314,30.7921314,0.8220117,3.027261836,Kyenjojo,Western,322
H3220503,0.8220117,30.7921314,30.7921314,0.8220117,3.027261836,Kyenjojo,Western,322
H3220503,0.8220117,30.7921314,30.7921314,0.8220117,3.027261836,Kyenjojo,Western,322
H3220601,0.8220117,30.7921314,30.7921314,0.8220117,3.027261836,Kyenjojo,Western,322
H3220601,0.8220117,30.7921314,30.7921314,0.8220117,3.027261836,Kyenjojo,Western,322
H3220701,0.8220117,30.7921314,30.7921314,0.8220117,3.027261836,Kyenjojo,Western,322
H3220701,0.8220117,30.7921314,30.7921314,0.8220117,3.027261836,Kyenjojo,Western,322
H3220901,0.8220117,30.7921314,30.7921314,0.8220117,3.027261836,Kyenjojo,Western,322
H3220901,0.8220117,30.7921314,30.7921314,0.8220117,3.027261836,Kyenjojo,Western,322
H3220902,0.8220117,30.7921314,30.7921314,0.8220117,3.027261836,Kyenjojo,Western,322
H3220902,0.8220117,30.7921314,30.7921314,0.8220117,3.027261836,Kyenjojo,Western,322
H3240201,0.3624952,32.5643158,32.5643158,0.3624952,0.913591018,Kampala,Central,324
H3240301,0.3624952,32.5643158,32.5643158,0.3624952,0.913591018,Kampala,Central,324
H3240501,0.4341011,32.550972,32.550972,0.4341011,1.889306901,Wakiso,Central,324
H3240601,0.3624952,32.5643158,32.5643158,0.3624952,0.913591018,Kampala,Central,324
H3240701,0.3624952,32.5643158,32.5643158,0.3624952,0.913591018,Kampala,Central,324
H3240801,0.3624952,32.5643158,32.5643158,0.3624952,0.913591018,Kampala,Central,324
H3250101,0.3949206,32.5732117,32.5732117,0.3949206,1.771852729,Kampala,Central,325
H3250301,0.3949206,32.5732117,32.5732117,0.3949206,1.771852729,Kampala,Central,325
H3250401,0.3949206,32.5732117,32.5732117,0.3949206,1.771852729,Kampala,Central,325
H3250501,0.3949206,32.5732117,32.5732117,0.3949206,1.771852729,Kampala,Central,325
H3250601,0.3949206,32.5732117,32.5732117,0.3949206,1.771852729,Kampala,Central,325
H3250701,0.3949206,32.5732117,32.5732117,0.3949206,1.771852729,Kampala,Central,325
H3250901,0.4307017,32.5168152,32.5168152,0.4307017,1.024582984,Wakiso,Central,325
H3251001,0.3949206,32.5732117,32.5732117,0.3949206,1.771852729,Kampala,Central,325
H3260201,0.3307504,32.542141,32.542141,0.3307504,1.300109876,Kampala,Central,326
H3260401,0.3677201,32.6239586,32.6239586,0.3677201,1.026202083,Wakiso,Central,326
H3260601,0.3307504,32.542141,32.542141,0.3307504,1.300109876,Kampala,Central,326
H3260701,0.3307504,32.542141,32.542141,0.3307504,1.300109876,Kampala,Central,326
H3270101,0.3246907,32.5485802,32.5485802,0.3246907,0.974401968,Kampala,Central,327
H3270201,0.3246907,32.5485802,32.5485802,0.3246907,0.974401968,Kampala,Central,327
H3270401,0.3447822,32.587532,32.587532,0.3447822,0.228507957,Kampala,Central,327
H3270701,0.3246907,32.5485802,32.5485802,0.3246907,0.974401968,Kampala,Central,327
H3270801,0.3246907,32.5485802,32.5485802,0.3246907,0.974401968,Kampala,Central,327
H3280101,0.2867427,32.5691681,32.5691681,0.2867427,0.32658412,Kampala,Central,328
H3280201,,,,,,Kampala,Central,328
H3280501,0.2867427,32.5691681,32.5691681,0.2867427,0.32658412,Kampala,Central,328
H3280601,0.2867427,32.5691681,32.5691681,0.2867427,0.32658412,Kampala,Central,328
H3280701,0.3447822,32.587532,32.587532,0.3447822,0.228507957,Kampala,Central,328
H3280801,0.2867427,32.5691681,32.5691681,0.2867427,0.32658412,Wakiso,Central,328
H3290201,0.2820253,32.5597839,32.5597839,0.2820253,0.536848243,Kampala,Central,329
H3290201,0.2820253,32.5597839,32.5597839,0.2820253,0.536848243,Kampala,Central,329
H3290301,0.2820253,32.5597839,32.5597839,0.2820253,0.536848243,Kampala,Central,329
H3290301,0.2820253,32.5597839,32.5597839,0.2820253,0.536848243,Kampala,Central,329
H3300501,0.3171434,32.537323,32.537323,0.3171434,0.802095641,Kampala,Central,330
H3300701,0.3171434,32.537323,32.537323,0.3171434,0.802095641,Kampala,Central,330
H3310101,0.2932709,32.5723686,32.5723686,0.2932709,0.51198998,Kampala,Central,331
H3310301,0.2932709,32.5723686,32.5723686,0.2932709,0.51198998,Kampala,Central,331
H3310401,0.2932709,32.5723686,32.5723686,0.2932709,0.51198998,Kampala,Central,331
H3310501,0.2932709,32.5723686,32.5723686,0.2932709,0.51198998,Kampala,Central,331
H3310601,0.2932709,32.5723686,32.5723686,0.2932709,0.51198998,Kampala,Central,331
H3311001,0.2932709,32.5723686,32.5723686,0.2932709,0.51198998,Kampala,Central,331
H3320101,0.2427742,32.6126518,32.6126518,0.2427742,0,Wakiso,Central,332
H3320101,0.2427742,32.6126518,32.6126518,0.2427742,0,Wakiso,Central,332
H3320201,0.2427742,32.6126518,32.6126518,0.2427742,0,Kampala,Central,332
H3320201,0.2427742,32.6126518,32.6126518,0.2427742,0,Kampala,Central,332
H3320301,0.2427742,32.6126518,32.6126518,0.2427742,0,Kampala,Central,332
H3320301,0.2427742,32.6126518,32.6126518,0.2427742,0,Kampala,Central,332
H3320601,0.2427742,32.6126518,32.6126518,0.2427742,0,Kampala,Central,332
H3320601,0.2427742,32.6126518,32.6126518,0.2427742,0,Kampala,Central,332
H3320901,0.2997754,32.4845581,32.4845581,0.2997754,0,Wakiso,Central,332
H3320901,0.2997754,32.4845581,32.4845581,0.2997754,0,Wakiso,Central,332
H3320901,0.2997754,32.4845581,32.4845581,0.2997754,0,Wakiso,Central,332
H3320901,0.2997754,32.4845581,32.4845581,0.2997754,0,Wakiso,Central,332
H3321001,0.2427742,32.6126518,32.6126518,0.2427742,0,Kampala,Central,332
H3321001,0.2427742,32.6126518,32.6126518,0.2427742,0,Kampala,Central,332
H3330301,0.3360304,32.6308632,32.6308632,0.3360304,0,Kampala,Central,333
H3330501,0.3360304,32.6308632,32.6308632,0.3360304,0,Kampala,Central,333
H3330601,0.3360304,32.6308632,32.6308632,0.3360304,0,Kampala,Central,333
H3330801,0.3360304,32.6308632,32.6308632,0.3360304,0,Kampala,Central,333
H3331001,0.3360304,32.6308632,32.6308632,0.3360304,0,Kampala,Central,333
H3340101,0.3023803,32.6628075,32.6628075,0.3023803,0,Kampala,Central,334
H3340101,0.3023803,32.6628075,32.6628075,0.3023803,0,Kampala,Central,334
H3340301,0.3023803,32.6628075,32.6628075,0.3023803,0,Kampala,Central,334
H3340301,0.3023803,32.6628075,32.6628075,0.3023803,0,Kampala,Central,334
H3340401,0.3023803,32.6628075,32.6628075,0.3023803,0,Kampala,Central,334
H3340401,0.3023803,32.6628075,32.6628075,0.3023803,0,Kampala,Central,334
H3340601,0.3023803,32.6628075,32.6628075,0.3023803,0,Kampala,Central,334
H3340601,0.3023803,32.6628075,32.6628075,0.3023803,0,Kampala,Central,334
H3340701,0.3023803,32.6628075,32.6628075,0.3023803,0,Kampala,Central,334
H3340701,0.3023803,32.6628075,32.6628075,0.3023803,0,Kampala,Central,334
H3340801,0.3023803,32.6628075,32.6628075,0.3023803,0,Kampala,Central,334
H3340801,0.3023803,32.6628075,32.6628075,0.3023803,0,Kampala,Central,334
H3341001,0.3023803,32.6628075,32.6628075,0.3023803,0,Kampala,Central,334
H3341001,0.3023803,32.6628075,32.6628075,0.3023803,0,Kampala,Central,334
H3350201,0.8362804,31.769125,31.769125,0.8362804,4.005458122,Kiboga,Central,335
H3350301,0.8362804,31.769125,31.769125,0.8362804,4.005458122,Kiboga,Central,335
H3350401,0.8362804,31.769125,31.769125,0.8362804,4.005458122,Kiboga,Central,335
H3350501,0.8362804,31.769125,31.769125,0.8362804,4.005458122,Kiboga,Central,335
H3350601,0.8362804,31.769125,31.769125,0.8362804,4.005458122,Kiboga,Central,335
H3350701,0.8362804,31.769125,31.769125,0.8362804,4.005458122,Kiboga,Central,335
H3350801,0.8362804,31.769125,31.769125,0.8362804,4.005458122,Kiboga,Central,335
H3350901,0.8362804,31.769125,31.769125,0.8362804,4.005458122,Kiboga,Central,335
H3351001,0.8362804,31.769125,31.769125,0.8362804,4.005458122,Kiboga,Central,335
H3360101,0.8351806,32.6402473,32.6402473,0.8351806,4.805244455,Luwero,Central,336
H3360201,0.8351806,32.6402473,32.6402473,0.8351806,4.805244455,Luwero,Central,336
H3360501,0.8351806,32.6402473,32.6402473,0.8351806,4.805244455,Luwero,Central,336
H3360601,0.8351806,32.6402473,32.6402473,0.8351806,4.805244455,Luwero,Central,336
H3360701,0.8351806,32.6402473,32.6402473,0.8351806,4.805244455,Luwero,Central,336
H3360801,0.8351806,32.6402473,32.6402473,0.8351806,4.805244455,Luwero,Central,336
H3360901,0.8351806,32.6402473,32.6402473,0.8351806,4.805244455,Luwero,Central,336
H3361001,0.8351806,32.6402473,32.6402473,0.8351806,4.805244455,Luwero,Central,336
H3370101,-0.3529687,31.7596741,31.7596741,-0.3529687,1.777827869,Masaka,Central,337
H3370201,0.1070478,32.1173248,32.1173248,0.1070478,1.696773877,Mpigi,Central,337
H3370301,0.1070478,32.1173248,32.1173248,0.1070478,1.696773877,Mpigi,Central,337
H3370401,0.1070478,32.1173248,32.1173248,0.1070478,1.696773877,Mpigi,Central,337
H3370501,0.1070478,32.1173248,32.1173248,0.1070478,1.696773877,Mpigi,Central,337
H3370601,0.2405487,32.4169998,32.4169998,0.2405487,0.530868886,Wakiso,Central,337
H3370601,0.2405487,32.4169998,32.4169998,0.2405487,0.530868886,Wakiso,Central,337
H3370701,0.2377545,32.3239288,32.3239288,0.2377545,0.124071701,Mpigi,Central,337
H3370701,0.2377545,32.3239288,32.3239288,0.2377545,0.124071701,Mpigi,Central,337
H3370901,0.1070478,32.1173248,32.1173248,0.1070478,1.696773877,Mpigi,Central,337
H3371001,0.3949206,32.5732117,32.5732117,0.3949206,1.771852729,Wakiso,Central,337
H3380101,0.3710303,32.3418274,32.3418274,0.3710303,0.423510475,Mpigi,Central,338
H3380101,0.3710303,32.3418274,32.3418274,0.3710303,0.423510475,Mpigi,Central,338
H3380201,0.3710303,32.3418274,32.3418274,0.3710303,0.423510475,Mpigi,Central,338
H3380201,0.3710303,32.3418274,32.3418274,0.3710303,0.423510475,Mpigi,Central,338
H3380401,0.3710303,32.3418274,32.3418274,0.3710303,0.423510475,Mpigi,Central,338
H3380401,0.3710303,32.3418274,32.3418274,0.3710303,0.423510475,Mpigi,Central,338
H3380501,0.3710303,32.3418274,32.3418274,0.3710303,0.423510475,Mpigi,Central,338
H3380501,0.3710303,32.3418274,32.3418274,0.3710303,0.423510475,Mpigi,Central,338
H3380601,0.3710303,32.3418274,32.3418274,0.3710303,0.423510475,Mpigi,Central,338
H3380601,0.3710303,32.3418274,32.3418274,0.3710303,0.423510475,Mpigi,Central,338
H3380701,0.3710303,32.3418274,32.3418274,0.3710303,0.423510475,Mpigi,Central,338
H3380701,0.3710303,32.3418274,32.3418274,0.3710303,0.423510475,Mpigi,Central,338
H3380801,0.3710303,32.3418274,32.3418274,0.3710303,0.423510475,Mpigi,Central,338
H3380801,0.3710303,32.3418274,32.3418274,0.3710303,0.423510475,Mpigi,Central,338
H3381001,0.3710303,32.3418274,32.3418274,0.3710303,0.423510475,Mpigi,Central,338
H3381001,0.3710303,32.3418274,32.3418274,0.3710303,0.423510475,Mpigi,Central,338
H3390101,0.6472566,32.8454247,32.8454247,0.6472566,1.749687328,Mukono,Central,339
H3390101,0.6472566,32.8454247,32.8454247,0.6472566,1.749687328,Mukono,Central,339
H3390201,0.6472566,32.8454247,32.8454247,0.6472566,1.749687328,Mukono,Central,339
H3390201,0.6472566,32.8454247,32.8454247,0.6472566,1.749687328,Mukono,Central,339
H3390301,0.6472566,32.8454247,32.8454247,0.6472566,1.749687328,Mukono,Central,339
H3390301,0.6472566,32.8454247,32.8454247,0.6472566,1.749687328,Mukono,Central,339
H3390401,0.6472566,32.8454247,32.8454247,0.6472566,1.749687328,Mukono,Central,339
H3390401,0.6472566,32.8454247,32.8454247,0.6472566,1.749687328,Mukono,Central,339
H3390501,0.6472566,32.8454247,32.8454247,0.6472566,1.749687328,Mukono,Central,339
H3390501,0.6472566,32.8454247,32.8454247,0.6472566,1.749687328,Mukono,Central,339
H3390701,0.6472566,32.8454247,32.8454247,0.6472566,1.749687328,Mukono,Central,339
H3390701,0.6472566,32.8454247,32.8454247,0.6472566,1.749687328,Mukono,Central,339
H3390801,0.6472566,32.8454247,32.8454247,0.6472566,1.749687328,Mukono,Central,339
H3390801,0.6472566,32.8454247,32.8454247,0.6472566,1.749687328,Mukono,Central,339
H3390901,0.6004987,32.8409958,32.8409958,0.6004987,4.248459981,Mukono,Central,339
H3391001,0.6472566,32.8454247,32.8454247,0.6472566,1.749687328,Mukono,Central,339
H3391001,0.6472566,32.8454247,32.8454247,0.6472566,1.749687328,Mukono,Central,339
H3400101,0.6258381,32.7994118,32.7994118,0.6258381,4.945388796,Mukono,Central,340
H3400101,0.6258381,32.7994118,32.7994118,0.6258381,4.945388796,Mukono,Central,340
H3400201,0.6258381,32.7994118,32.7994118,0.6258381,4.945388796,Mukono,Central,340
H3400201,0.6258381,32.7994118,32.7994118,0.6258381,4.945388796,Mukono,Central,340
H3400301,0.6258381,32.7994118,32.7994118,0.6258381,4.945388796,Mukono,Central,340
H3400301,0.6258381,32.7994118,32.7994118,0.6258381,4.945388796,Mukono,Central,340
H3400501,0.6258381,32.7994118,32.7994118,0.6258381,4.945388796,Mukono,Central,340
H3400501,0.6258381,32.7994118,32.7994118,0.6258381,4.945388796,Mukono,Central,340
H3400601,0.6258381,32.7994118,32.7994118,0.6258381,4.945388796,Mukono,Central,340
H3400601,0.6258381,32.7994118,32.7994118,0.6258381,4.945388796,Mukono,Central,340
H3400701,0.6258381,32.7994118,32.7994118,0.6258381,4.945388796,Mukono,Central,340
H3400701,0.6258381,32.7994118,32.7994118,0.6258381,4.945388796,Mukono,Central,340
H3400801,0.6258381,32.7994118,32.7994118,0.6258381,4.945388796,Mukono,Central,340
H3400801,0.6258381,32.7994118,32.7994118,0.6258381,4.945388796,Mukono,Central,340
H3400901,0.6258381,32.7994118,32.7994118,0.6258381,4.945388796,Mukono,Central,340
H3400901,0.6258381,32.7994118,32.7994118,0.6258381,4.945388796,Mukono,Central,340
H3401001,0.6258381,32.7994118,32.7994118,0.6258381,4.945388796,Mukono,Central,340
H3401001,0.6258381,32.7994118,32.7994118,0.6258381,4.945388796,Mukono,Central,340
H3410101,-0.5998904,31.3216133,31.3216133,-0.5998904,9.011251647,Rakai,Central,341
H3410201,-0.5998904,31.3216133,31.3216133,-0.5998904,9.011251647,Rakai,Central,341
H3410301,-0.5998904,31.3216133,31.3216133,-0.5998904,9.011251647,Rakai,Central,341
H3410401,-0.5998904,31.3216133,31.3216133,-0.5998904,9.011251647,Rakai,Central,341
H3410501,-0.5998904,31.3216133,31.3216133,-0.5998904,9.011251647,Rakai,Central,341
H3410601,-0.5998904,31.3216133,31.3216133,-0.5998904,9.011251647,Rakai,Central,341
H3410701,-0.5998904,31.3216133,31.3216133,-0.5998904,9.011251647,Rakai,Central,341
H3410801,-0.5998904,31.3216133,31.3216133,-0.5998904,9.011251647,Rakai,Central,341
H3410901,-0.5998904,31.3216133,31.3216133,-0.5998904,9.011251647,Rakai,Central,341
H3411001,-0.5998904,31.3216133,31.3216133,-0.5998904,9.011251647,Rakai,Central,341
H3420101,-0.7692809,31.292448,31.292448,-0.7692809,2.862169781,Rakai,Central,342
H3420201,-0.7692809,31.292448,31.292448,-0.7692809,2.862169781,Rakai,Central,342
H3420401,-0.7692809,31.292448,31.292448,-0.7692809,2.862169781,Rakai,Central,342
H3420501,-0.7692809,31.292448,31.292448,-0.7692809,2.862169781,Rakai,Central,342
H3420801,-0.7692809,31.292448,31.292448,-0.7692809,2.862169781,Rakai,Central,342
H3420901,-0.7692809,31.292448,31.292448,-0.7692809,2.862169781,Rakai,Central,342
H3421001,-0.7692809,31.292448,31.292448,-0.7692809,2.862169781,Rakai,Central,342
H3430201,-0.2798019,31.4051514,31.4051514,-0.2798019,14.52262359,Sembabule,Central,343
H3430401,-0.2798019,31.4051514,31.4051514,-0.2798019,14.52262359,Sembabule,Central,343
H3430501,-0.2798019,31.4051514,31.4051514,-0.2798019,14.52262359,Sembabule,Central,343
H3430601,-0.2798019,31.4051514,31.4051514,-0.2798019,14.52262359,Sembabule,Central,343
H3430801,-0.2798019,31.4051514,31.4051514,-0.2798019,14.52262359,Sembabule,Central,343
H3430802,-0.0107547,31.4785213,31.4785213,-0.0107547,5.04693266,Sembabule,Central,343
H3430901,-0.2798019,31.4051514,31.4051514,-0.2798019,14.52262359,Sembabule,Central,343
H3431001,-0.2798019,31.4051514,31.4051514,-0.2798019,14.52262359,Sembabule,Central,343
H3440101,1.3371072,32.8322678,32.8322678,1.3371072,5.968274673,Kayunga,Central,344
H3440201,1.3371072,32.8322678,32.8322678,1.3371072,5.968274673,Kayunga,Central,344
H3440301,1.3371072,32.8322678,32.8322678,1.3371072,5.968274673,Kayunga,Central,344
H3440401,1.3371072,32.8322678,32.8322678,1.3371072,5.968274673,Kayunga,Central,344
H3440501,1.3371072,32.8322678,32.8322678,1.3371072,5.968274673,Kayunga,Central,344
H3440601,1.3371072,32.8322678,32.8322678,1.3371072,5.968274673,Kayunga,Central,344
H3440701,1.3371072,32.8322678,32.8322678,1.3371072,5.968274673,Kayunga,Central,344
H3440901,1.3371072,32.8322678,32.8322678,1.3371072,5.968274673,Kayunga,Central,344
H3450301,0.0933624,32.510128,32.510128,0.0933624,0.206080843,Wakiso,Central,345
H3450601,0.0933624,32.510128,32.510128,0.0933624,0.206080843,Wakiso,Central,345
H3450701,0.0933624,32.510128,32.510128,0.0933624,0.206080843,Wakiso,Central,345
H3450801,0.0933624,32.510128,32.510128,0.0933624,0.206080843,Wakiso,Central,345
H3450901,0.0933624,32.510128,32.510128,0.0933624,0.206080843,Wakiso,Central,345
H3451001,0.3502,32.7480049,32.7480049,0.3502,3.540972245,Mukono,Central,345
H3451001,0.3502,32.7480049,32.7480049,0.3502,3.540972245,Mukono,Central,345
H3460201,0.3674473,32.4884377,32.4884377,0.3674473,1.721905552,Wakiso,Central,346
H3460301,0.3674473,32.4884377,32.4884377,0.3674473,1.721905552,Wakiso,Central,346
H3460401,0.3674473,32.4884377,32.4884377,0.3674473,1.721905552,Wakiso,Central,346
H3460501,0.3674473,32.4884377,32.4884377,0.3674473,1.721905552,Wakiso,Central,346
H3460601,0.3674473,32.4884377,32.4884377,0.3674473,1.721905552,Wakiso,Central,346
H3460701,0.3674473,32.4884377,32.4884377,0.3674473,1.721905552,Wakiso,Central,346
H3460801,0.3674473,32.4884377,32.4884377,0.3674473,1.721905552,Wakiso,Central,346
H3461001,0.3674473,32.4884377,32.4884377,0.3674473,1.721905552,Wakiso,Central,346
H3470101,0.3631847,32.6816177,32.6816177,0.3631847,1.847907895,Wakiso,Central,347
H3470101,0.3631847,32.6816177,32.6816177,0.3631847,1.847907895,Wakiso,Central,347
H3470201,0.3631847,32.6816177,32.6816177,0.3631847,1.847907895,Wakiso,Central,347
H3470201,0.3631847,32.6816177,32.6816177,0.3631847,1.847907895,Wakiso,Central,347
H3470301,0.3631847,32.6816177,32.6816177,0.3631847,1.847907895,Wakiso,Central,347
H3470301,0.3631847,32.6816177,32.6816177,0.3631847,1.847907895,Wakiso,Central,347
H3470401,0.3200716,32.5550461,32.5550461,0.3200716,0.584465993,Wakiso,Central,347
H3470701,0.3631847,32.6816177,32.6816177,0.3631847,1.847907895,Wakiso,Central,347
H3470701,0.3631847,32.6816177,32.6816177,0.3631847,1.847907895,Wakiso,Central,347
H3470901,0.3631847,32.6816177,32.6816177,0.3631847,1.847907895,Wakiso,Central,347
H3470901,0.3631847,32.6816177,32.6816177,0.3631847,1.847907895,Wakiso,Central,347
H3471001,0.3631847,32.6816177,32.6816177,0.3631847,1.847907895,Wakiso,Central,347
H3471001,0.3631847,32.6816177,32.6816177,0.3631847,1.847907895,Wakiso,Central,347
H3490101,0.4042633,32.5858345,32.5858345,0.4042633,2.228417762,Wakiso,Central,349
H3490301,0.4042633,32.5858345,32.5858345,0.4042633,2.228417762,Wakiso,Central,349
H3490401,0.4042633,32.5858345,32.5858345,0.4042633,2.228417762,Wakiso,Central,349
H3490601,0.4042633,32.5858345,32.5858345,0.4042633,2.228417762,Wakiso,Central,349
H3490701,0.4042633,32.5858345,32.5858345,0.4042633,2.228417762,Wakiso,Central,349
H3491001,0.4042633,32.5858345,32.5858345,0.4042633,2.228417762,Wakiso,Central,349
H3500101,0.3349932,32.1860962,32.1860962,0.3349932,9.010159144,Mityana,Central,350
H3500201,0.3349932,32.1860962,32.1860962,0.3349932,9.010159144,Mityana,Central,350
H3500301,0.3349932,32.1860962,32.1860962,0.3349932,9.010159144,Mityana,Central,350
H3500302,0.2185542,32.5398979,32.5398979,0.2185542,0,Wakiso,Central,350
H3500401,0.3349932,32.1860962,32.1860962,0.3349932,9.010159144,Mityana,Central,350
H3500501,0.3349932,32.1860962,32.1860962,0.3349932,9.010159144,Mityana,Central,350
H3500601,0.3349932,32.1860962,32.1860962,0.3349932,9.010159144,Mityana,Central,350
H3500701,0.3349932,32.1860962,32.1860962,0.3349932,9.010159144,Mityana,Central,350
H3500801,0.3349932,32.1860962,32.1860962,0.3349932,9.010159144,Mityana,Central,350
H3500901,0.3349932,32.1860962,32.1860962,0.3349932,9.010159144,Mityana,Central,350
H3501001,0.3349932,32.1860962,32.1860962,0.3349932,9.010159144,Mityana,Central,350
H3510101,0.5719212,32.0594902,32.0594902,0.5719212,9.38393853,Mityana,Central,351
H3510201,0.5719212,32.0594902,32.0594902,0.5719212,9.38393853,Mityana,Central,351
H3510301,0.5719212,32.0594902,32.0594902,0.5719212,9.38393853,Mityana,Central,351
H3510401,,,,,,Mityana,Central,351
H3510501,0.5719212,32.0594902,32.0594902,0.5719212,9.38393853,Mityana,Central,351
H3510601,0.5719212,32.0594902,32.0594902,0.5719212,9.38393853,Mityana,Central,351
H3510602,0.9154314,31.7591248,31.7591248,0.9154314,12.80140455,Kiboga,Central,351
H3510701,0.5719212,32.0594902,32.0594902,0.5719212,9.38393853,Mityana,Central,351
H3510801,0.5719212,32.0594902,32.0594902,0.5719212,9.38393853,Mityana,Central,351
H3510901,0.5719212,32.0594902,32.0594902,0.5719212,9.38393853,Mityana,Central,351
H3511001,0.5719212,32.0594902,32.0594902,0.5719212,9.38393853,Wakiso,Central,351
H3520101,0.3855247,32.9728241,32.9728241,0.3855247,11.791262,Buikwe,Central,352
H3520201,0.3855247,32.9728241,32.9728241,0.3855247,11.791262,Buikwe,Central,352
H3520301,0.3855247,32.9728241,32.9728241,0.3855247,11.791262,Buikwe,Central,352
H3520401,0.3855247,32.9728241,32.9728241,0.3855247,11.791262,Buikwe,Central,352
H3520501,0.3855247,32.9728241,32.9728241,0.3855247,11.791262,Buikwe,Central,352
H3520502,0.3501274,32.6699867,32.6699867,0.3501274,1.066742135,Mukono,Central,352
H3520502,0.3501274,32.6699867,32.6699867,0.3501274,1.066742135,Mukono,Central,352
H3520601,0.3855247,32.9728241,32.9728241,0.3855247,11.791262,Buikwe,Central,352
H3520701,0.3855247,32.9728241,32.9728241,0.3855247,11.791262,Buikwe,Central,352
H3520801,0.6004987,32.8409958,32.8409958,0.6004987,4.248459981,Buikwe,Central,352
H3520802,0.3694841,32.7745628,32.7745628,0.3694841,2.653630479,Mukono,Central,352
H3521001,0.3855247,32.9728241,32.9728241,0.3855247,11.791262,Buikwe,Central,352
H3530101,0.495523,32.7296906,32.7296906,0.495523,5.040771661,Mukono,Central,353
H3530101,0.495523,32.7296906,32.7296906,0.495523,5.040771661,Mukono,Central,353
H3530201,0.4114175,33.1413689,33.1413689,0.4114175,6.057434494,Buikwe,Central,353
H3530301,0.4114175,33.1413689,33.1413689,0.4114175,6.057434494,Buikwe,Central,353
H3530601,0.4114175,33.1413689,33.1413689,0.4114175,6.057434494,Buikwe,Central,353
H3530701,0.4114175,33.1413689,33.1413689,0.4114175,6.057434494,Buikwe,Central,353
H3530801,0.4114175,33.1413689,33.1413689,0.4114175,6.057434494,Buikwe,Central,353
H3531001,0.4114175,33.1413689,33.1413689,0.4114175,6.057434494,Buikwe,Central,353
H3540101,0.1357812,32.881031,32.881031,0.1357812,1.485271802,Buikwe,Central,354
H3540201,0.1357812,32.881031,32.881031,0.1357812,1.485271802,Buikwe,Central,354
H3540301,0.1357812,32.881031,32.881031,0.1357812,1.485271802,Buikwe,Central,354
H3540401,0.1357812,32.881031,32.881031,0.1357812,1.485271802,Buikwe,Central,354
H3540501,0.1357812,32.881031,32.881031,0.1357812,1.485271802,Buikwe,Central,354
H3540602,0.2277199,32.9194756,32.9194756,0.2277199,2.811657301,Buikwe,Central,354
H3540602,0.2277199,32.9194756,32.9194756,0.2277199,2.811657301,Buikwe,Central,354
H3540701,0.1357812,32.881031,32.881031,0.1357812,1.485271802,Buikwe,Central,354
H3540801,0.1357812,32.881031,32.881031,0.1357812,1.485271802,Buikwe,Central,354
H3540901,0.1357812,32.881031,32.881031,0.1357812,1.485271802,Buikwe,Central,354
H3541001,0.1357812,32.881031,32.881031,0.1357812,1.485271802,Buikwe,Central,354
H3550101,0.2902184,32.2756653,32.2756653,0.2902184,3.8244461,Butambala,Central,355
H3550101,0.2902184,32.2756653,32.2756653,0.2902184,3.8244461,Butambala,Central,355
H3550201,0.2902184,32.2756653,32.2756653,0.2902184,3.8244461,Butambala,Central,355
H3550201,0.2902184,32.2756653,32.2756653,0.2902184,3.8244461,Butambala,Central,355
H3550301,0.2902184,32.2756653,32.2756653,0.2902184,3.8244461,Butambala,Central,355
H3550301,0.2902184,32.2756653,32.2756653,0.2902184,3.8244461,Butambala,Central,355
H3550401,0.306258,32.1458931,32.1458931,0.306258,9.125302673,Butambala,Central,355
H3550402,0.261842,32.5567551,32.5567551,0.261842,0.469309236,Wakiso,Central,355
H3550402,0.261842,32.5567551,32.5567551,0.261842,0.469309236,Wakiso,Central,355
H3550501,0.2902184,32.2756653,32.2756653,0.2902184,3.8244461,Butambala,Central,355
H3550501,0.2902184,32.2756653,32.2756653,0.2902184,3.8244461,Butambala,Central,355
H3550601,0.2902184,32.2756653,32.2756653,0.2902184,3.8244461,Butambala,Central,355
H3550601,0.2902184,32.2756653,32.2756653,0.2902184,3.8244461,Butambala,Central,355
H3550801,0.2902184,32.2756653,32.2756653,0.2902184,3.8244461,Butambala,Central,355
H3550801,0.2902184,32.2756653,32.2756653,0.2902184,3.8244461,Butambala,Central,355
H3550902,0.2902184,32.2756653,32.2756653,0.2902184,3.8244461,Butambala,Central,355
H3550902,0.2902184,32.2756653,32.2756653,0.2902184,3.8244461,Butambala,Central,355
H3560101,-0.344248,31.5716648,31.5716648,-0.344248,1.176148467,Lwengo,Central,356
H3560101,-0.344248,31.5716648,31.5716648,-0.344248,1.176148467,Lwengo,Central,356
H3560101,-0.344248,31.5716648,31.5716648,-0.344248,1.176148467,Lwengo,Central,356
H3560201,-0.344248,31.5716648,31.5716648,-0.344248,1.176148467,Lwengo,Central,356
H3560201,-0.344248,31.5716648,31.5716648,-0.344248,1.176148467,Lwengo,Central,356
H3560201,-0.344248,31.5716648,31.5716648,-0.344248,1.176148467,Lwengo,Central,356
H3560301,-0.344248,31.5716648,31.5716648,-0.344248,1.176148467,Lwengo,Central,356
H3560301,-0.344248,31.5716648,31.5716648,-0.344248,1.176148467,Lwengo,Central,356
H3560301,-0.344248,31.5716648,31.5716648,-0.344248,1.176148467,Lwengo,Central,356
H3560401,-0.344248,31.5716648,31.5716648,-0.344248,1.176148467,Lwengo,Central,356
H3560401,-0.344248,31.5716648,31.5716648,-0.344248,1.176148467,Lwengo,Central,356
H3560401,-0.344248,31.5716648,31.5716648,-0.344248,1.176148467,Lwengo,Central,356
H3560402,-0.344248,31.5716648,31.5716648,-0.344248,1.176148467,Lwengo,Central,356
H3560402,-0.344248,31.5716648,31.5716648,-0.344248,1.176148467,Lwengo,Central,356
H3560402,-0.344248,31.5716648,31.5716648,-0.344248,1.176148467,Lwengo,Central,356
H3560501,-0.344248,31.5716648,31.5716648,-0.344248,1.176148467,Lwengo,Central,356
H3560501,-0.344248,31.5716648,31.5716648,-0.344248,1.176148467,Lwengo,Central,356
H3560501,-0.344248,31.5716648,31.5716648,-0.344248,1.176148467,Lwengo,Central,356
H3560601,-0.344248,31.5716648,31.5716648,-0.344248,1.176148467,Lwengo,Central,356
H3560601,-0.344248,31.5716648,31.5716648,-0.344248,1.176148467,Lwengo,Central,356
H3560601,-0.344248,31.5716648,31.5716648,-0.344248,1.176148467,Lwengo,Central,356
H3560701,-0.344248,31.5716648,31.5716648,-0.344248,1.176148467,Lwengo,Central,356
H3560701,-0.344248,31.5716648,31.5716648,-0.344248,1.176148467,Lwengo,Central,356
H3560701,-0.344248,31.5716648,31.5716648,-0.344248,1.176148467,Lwengo,Central,356
H3560801,-0.344248,31.5716648,31.5716648,-0.344248,1.176148467,Lwengo,Central,356
H3560801,-0.344248,31.5716648,31.5716648,-0.344248,1.176148467,Lwengo,Central,356
H3560801,-0.344248,31.5716648,31.5716648,-0.344248,1.176148467,Lwengo,Central,356
H3560901,-0.344248,31.5716648,31.5716648,-0.344248,1.176148467,Lwengo,Central,356
H3560901,-0.344248,31.5716648,31.5716648,-0.344248,1.176148467,Lwengo,Central,356
H3560901,-0.344248,31.5716648,31.5716648,-0.344248,1.176148467,Lwengo,Central,356
H3561001,-0.344248,31.5716648,31.5716648,-0.344248,1.176148467,Lwengo,Central,356
H3561001,-0.344248,31.5716648,31.5716648,-0.344248,1.176148467,Lwengo,Central,356
H3561001,-0.344248,31.5716648,31.5716648,-0.344248,1.176148467,Lwengo,Central,356
H3561002,-0.344248,31.5716648,31.5716648,-0.344248,1.176148467,Lwengo,Central,356
H3561002,-0.344248,31.5716648,31.5716648,-0.344248,1.176148467,Lwengo,Central,356
H3561002,-0.344248,31.5716648,31.5716648,-0.344248,1.176148467,Lwengo,Central,356
H3570101,-0.3949103,31.332243,31.332243,-0.3949103,1.410389588,Lwengo,Central,357
H3570201,-0.3949103,31.332243,31.332243,-0.3949103,1.410389588,Lwengo,Central,357
H3570202,0.2570177,32.5793304,32.5793304,0.2570177,0.012551528,Wakiso,Central,357
H3570301,-0.3949103,31.332243,31.332243,-0.3949103,1.410389588,Lwengo,Central,357
H3570401,-0.3949103,31.332243,31.332243,-0.3949103,1.410389588,Lwengo,Central,357
H3570501,-0.3949103,31.332243,31.332243,-0.3949103,1.410389588,Lwengo,Central,357
H3570601,-0.3949103,31.332243,31.332243,-0.3949103,1.410389588,Lwengo,Central,357
H3570701,-0.3949103,31.332243,31.332243,-0.3949103,1.410389588,Lwengo,Central,357
H3570801,-0.3949103,31.332243,31.332243,-0.3949103,1.410389588,Lwengo,Central,357
H3570901,-0.3949103,31.332243,31.332243,-0.3949103,1.410389588,Lwengo,Central,357
H3571001,-0.3949103,31.332243,31.332243,-0.3949103,1.410389588,Lwengo,Central,357
H3580101,-0.4191392,31.2067719,31.2067719,-0.4191392,15.32375278,Lwengo,Central,358
H3580201,-0.4191392,31.2067719,31.2067719,-0.4191392,15.32375278,Lwengo,Central,358
H3580301,-0.4191392,31.2067719,31.2067719,-0.4191392,15.32375278,Lwengo,Central,358
H3580401,-0.4191392,31.2067719,31.2067719,-0.4191392,15.32375278,Lwengo,Central,358
H3580402,-0.5771319,31.272522,31.272522,-0.5771319,7.583753236,Rakai,Central,358
H3580501,-0.4191392,31.2067719,31.2067719,-0.4191392,15.32375278,Lwengo,Central,358
H3580601,-0.4191392,31.2067719,31.2067719,-0.4191392,15.32375278,Lwengo,Central,358
H3580801,-0.4191392,31.2067719,31.2067719,-0.4191392,15.32375278,Lwengo,Central,358
H3581001,-0.4191392,31.2067719,31.2067719,-0.4191392,15.32375278,Lwengo,Central,358
H3590101,0.5399488,33.7246971,33.7246971,0.5399488,2.495338463,Bugiri,Eastern,359
H3590101,0.5399488,33.7246971,33.7246971,0.5399488,2.495338463,Bugiri,Eastern,359
H3590201,0.5399488,33.7246971,33.7246971,0.5399488,2.495338463,Bugiri,Eastern,359
H3590201,0.5399488,33.7246971,33.7246971,0.5399488,2.495338463,Bugiri,Eastern,359
H3590301,0.5399488,33.7246971,33.7246971,0.5399488,2.495338463,Bugiri,Eastern,359
H3590301,0.5399488,33.7246971,33.7246971,0.5399488,2.495338463,Bugiri,Eastern,359
H3590401,0.5399488,33.7246971,33.7246971,0.5399488,2.495338463,Bugiri,Eastern,359
H3590401,0.5399488,33.7246971,33.7246971,0.5399488,2.495338463,Bugiri,Eastern,359
H3590501,0.5399488,33.7246971,33.7246971,0.5399488,2.495338463,Bugiri,Eastern,359
H3590501,0.5399488,33.7246971,33.7246971,0.5399488,2.495338463,Bugiri,Eastern,359
H3590601,0.5399488,33.7246971,33.7246971,0.5399488,2.495338463,Bugiri,Eastern,359
H3590601,0.5399488,33.7246971,33.7246971,0.5399488,2.495338463,Bugiri,Eastern,359
H3590701,0.5399488,33.7246971,33.7246971,0.5399488,2.495338463,Bugiri,Eastern,359
H3590701,0.5399488,33.7246971,33.7246971,0.5399488,2.495338463,Bugiri,Eastern,359
H3590801,0.5399488,33.7246971,33.7246971,0.5399488,2.495338463,Bugiri,Eastern,359
H3590801,0.5399488,33.7246971,33.7246971,0.5399488,2.495338463,Bugiri,Eastern,359
H3591001,0.5399488,33.7246971,33.7246971,0.5399488,2.495338463,Bugiri,Eastern,359
H3591001,0.5399488,33.7246971,33.7246971,0.5399488,2.495338463,Bugiri,Eastern,359
H3600102,0.5844313,34.0766678,34.0766678,0.5844313,0,Busia,Eastern,360
H3600201,0.5844313,34.0766678,34.0766678,0.5844313,0,Busia,Eastern,360
H3600301,0.5844313,34.0766678,34.0766678,0.5844313,0,Busia,Eastern,360
H3600401,0.5844313,34.0766678,34.0766678,0.5844313,0,Busia,Eastern,360
H3600501,0.5844313,34.0766678,34.0766678,0.5844313,0,Busia,Eastern,360
H3600602,0.5844313,34.0766678,34.0766678,0.5844313,0,Busia,Eastern,360
H3600701,0.5844313,34.0766678,34.0766678,0.5844313,0,Busia,Eastern,360
H3600801,0.5844313,34.0766678,34.0766678,0.5844313,0,Busia,Eastern,360
H3600901,0.5844313,34.0766678,34.0766678,0.5844313,0,Busia,Eastern,360
H3601002,0.5844313,34.0766678,34.0766678,0.5844313,0,Busia,Eastern,360
H3610101,0.5255558,33.1583023,33.1583023,0.5255558,12.64299182,Jinja,Eastern,361
H3610201,0.5255558,33.1583023,33.1583023,0.5255558,12.64299182,Jinja,Eastern,361
H3610401,0.5255558,33.1583023,33.1583023,0.5255558,12.64299182,Jinja,Eastern,361
H3610501,0.5255558,33.1583023,33.1583023,0.5255558,12.64299182,Jinja,Eastern,361
H3610601,0.5255558,33.1583023,33.1583023,0.5255558,12.64299182,Jinja,Eastern,361
H3610701,0.5255558,33.1583023,33.1583023,0.5255558,12.64299182,Jinja,Eastern,361
H3610801,0.5255558,33.1583023,33.1583023,0.5255558,12.64299182,Jinja,Eastern,361
H3610901,0.5255558,33.1583023,33.1583023,0.5255558,12.64299182,Jinja,Eastern,361
H3620101,0.5198955,33.1747665,33.1747665,0.5198955,11.08715427,Jinja,Eastern,362
H3620201,0.5198955,33.1747665,33.1747665,0.5198955,11.08715427,Jinja,Eastern,362
H3620301,0.5159701,33.2224579,33.2224579,0.5159701,6.526820899,Jinja,Eastern,362
H3620401,0.5198955,33.1747665,33.1747665,0.5198955,11.08715427,Jinja,Eastern,362
H3620501,0.5198955,33.1747665,33.1747665,0.5198955,11.08715427,Jinja,Eastern,362
H3620601,0.5198955,33.1747665,33.1747665,0.5198955,11.08715427,Jinja,Eastern,362
H3620701,0.5198955,33.1747665,33.1747665,0.5198955,11.08715427,Jinja,Eastern,362
H3620801,0.5198955,33.1747665,33.1747665,0.5198955,11.08715427,Jinja,Eastern,362
H3620901,0.5198955,33.1747665,33.1747665,0.5198955,11.08715427,Jinja,Eastern,362
H3621001,0.5198955,33.1747665,33.1747665,0.5198955,11.08715427,Jinja,Eastern,362
H3630102,1.1815605,33.604908,33.604908,1.1815605,0.522503912,Pallisa,Eastern,363
H3630102,1.1815605,33.604908,33.604908,1.1815605,0.522503912,Pallisa,Eastern,363
H3630102,1.1815605,33.604908,33.604908,1.1815605,0.522503912,Pallisa,Eastern,363
H3630102,1.1815605,33.604908,33.604908,1.1815605,0.522503912,Pallisa,Eastern,363
H3630102,1.1815605,33.604908,33.604908,1.1815605,0.522503912,Pallisa,Eastern,363
H3630201,1.0734538,34.1650391,34.1650391,1.0734538,1.977897823,Mbale,Eastern,363
H3630301,0.7111179,34.1736374,34.1736374,0.7111179,1.279962821,Mbale,Eastern,363
H3630401,1.0659809,34.1733513,34.1733513,1.0659809,1.345599703,Mbale,Eastern,363
H3630501,1.0659809,34.1733513,34.1733513,1.0659809,1.345599703,Mbale,Eastern,363
H3630701,1.0659809,34.1733513,34.1733513,1.0659809,1.345599703,Mbale,Eastern,363
H3630801,1.0659809,34.1733513,34.1733513,1.0659809,1.345599703,Mbale,Eastern,363
H3630901,1.0659809,34.1733513,34.1733513,1.0659809,1.345599703,Mbale,Eastern,363
H3640101,1.2607998,33.7970543,33.7970543,1.2607998,15.04527782,Pallisa,Eastern,364
H3640301,1.2607998,33.7970543,33.7970543,1.2607998,15.04527782,Pallisa,Eastern,364
H3640402,1.2607998,33.7970543,33.7970543,1.2607998,15.04527782,Pallisa,Eastern,364
H3640501,1.2607998,33.7970543,33.7970543,1.2607998,15.04527782,Pallisa,Eastern,364
H3640601,1.2607998,33.7970543,33.7970543,1.2607998,15.04527782,Pallisa,Eastern,364
H3640701,1.2607998,33.7970543,33.7970543,1.2607998,15.04527782,Pallisa,Eastern,364
H3640801,1.2607998,33.7970543,33.7970543,1.2607998,15.04527782,Pallisa,Eastern,364
H3640901,1.2607998,33.7970543,33.7970543,1.2607998,15.04527782,Pallisa,Eastern,364
H3641001,1.2607998,33.7970543,33.7970543,1.2607998,15.04527782,Pallisa,Eastern,364
H3650101,1.6617117,33.7207451,33.7207451,1.6617117,0.839771023,Soroti,Eastern,365
H3650101,1.6617117,33.7207451,33.7207451,1.6617117,0.839771023,Soroti,Eastern,365
H3650101,1.6617117,33.7207451,33.7207451,1.6617117,0.839771023,Soroti,Eastern,365
H3650101,1.6617117,33.7207451,33.7207451,1.6617117,0.839771023,Soroti,Eastern,365
H3650201,1.6617117,33.7207451,33.7207451,1.6617117,0.839771023,Soroti,Eastern,365
H3650201,1.6617117,33.7207451,33.7207451,1.6617117,0.839771023,Soroti,Eastern,365
H3650201,1.6617117,33.7207451,33.7207451,1.6617117,0.839771023,Soroti,Eastern,365
H3650201,1.6617117,33.7207451,33.7207451,1.6617117,0.839771023,Soroti,Eastern,365
H3650301,1.6617117,33.7207451,33.7207451,1.6617117,0.839771023,Soroti,Eastern,365
H3650301,1.6617117,33.7207451,33.7207451,1.6617117,0.839771023,Soroti,Eastern,365
H3650301,1.6617117,33.7207451,33.7207451,1.6617117,0.839771023,Soroti,Eastern,365
H3650301,1.6617117,33.7207451,33.7207451,1.6617117,0.839771023,Soroti,Eastern,365
H3650401,1.6617117,33.7207451,33.7207451,1.6617117,0.839771023,Soroti,Eastern,365
H3650401,1.6617117,33.7207451,33.7207451,1.6617117,0.839771023,Soroti,Eastern,365
H3650401,1.6617117,33.7207451,33.7207451,1.6617117,0.839771023,Soroti,Eastern,365
H3650401,1.6617117,33.7207451,33.7207451,1.6617117,0.839771023,Soroti,Eastern,365
H3650601,1.6617117,33.7207451,33.7207451,1.6617117,0.839771023,Soroti,Eastern,365
H3650601,1.6617117,33.7207451,33.7207451,1.6617117,0.839771023,Soroti,Eastern,365
H3650601,1.6617117,33.7207451,33.7207451,1.6617117,0.839771023,Soroti,Eastern,365
H3650601,1.6617117,33.7207451,33.7207451,1.6617117,0.839771023,Soroti,Eastern,365
H3650701,2.1077771,33.6268158,33.6268158,2.1077771,32.84602739,Soroti,Eastern,365
H3650701,2.1077771,33.6268158,33.6268158,2.1077771,32.84602739,Soroti,Eastern,365
H3650701,2.1077771,33.6268158,33.6268158,2.1077771,32.84602739,Soroti,Eastern,365
H3650701,2.1077771,33.6268158,33.6268158,2.1077771,32.84602739,Soroti,Eastern,365
H3650801,1.6617117,33.7207451,33.7207451,1.6617117,0.839771023,Soroti,Eastern,365
H3650801,1.6617117,33.7207451,33.7207451,1.6617117,0.839771023,Soroti,Eastern,365
H3650801,1.6617117,33.7207451,33.7207451,1.6617117,0.839771023,Soroti,Eastern,365
H3650801,1.6617117,33.7207451,33.7207451,1.6617117,0.839771023,Soroti,Eastern,365
H3650901,1.6617117,33.7207451,33.7207451,1.6617117,0.839771023,Soroti,Eastern,365
H3650901,1.6617117,33.7207451,33.7207451,1.6617117,0.839771023,Soroti,Eastern,365
H3650901,1.6617117,33.7207451,33.7207451,1.6617117,0.839771023,Soroti,Eastern,365
H3650901,1.6617117,33.7207451,33.7207451,1.6617117,0.839771023,Soroti,Eastern,365
H3660101,0.7955475,34.1664772,34.1664772,0.7955475,3.002545492,Tororo,Eastern,366
H3660201,0.7955475,34.1664772,34.1664772,0.7955475,3.002545492,Tororo,Eastern,366
H3660301,0.7955475,34.1664772,34.1664772,0.7955475,3.002545492,Tororo,Eastern,366
H3660401,0.7955475,34.1664772,34.1664772,0.7955475,3.002545492,Tororo,Eastern,366
H3660501,0.7955475,34.1664772,34.1664772,0.7955475,3.002545492,Tororo,Eastern,366
H3660601,0.7955475,34.1664772,34.1664772,0.7955475,3.002545492,Tororo,Eastern,366
H3660701,0.7955475,34.1664772,34.1664772,0.7955475,3.002545492,Tororo,Eastern,366
H3660801,0.7955475,34.1664772,34.1664772,0.7955475,3.002545492,Tororo,Eastern,366
H3660901,0.7955475,34.1664772,34.1664772,0.7955475,3.002545492,Tororo,Eastern,366
H3661001,0.7955475,34.1664772,34.1664772,0.7955475,3.002545492,Tororo,Eastern,366
H3670101,0.4861712,33.3956757,33.3956757,0.4861712,0.086761135,Mayuge,Eastern,367
H3670301,0.4861712,33.3956757,33.3956757,0.4861712,0.086761135,Mayuge,Eastern,367
H3670501,0.4861712,33.3956757,33.3956757,0.4861712,0.086761135,Mayuge,Eastern,367
H3670601,0.4861712,33.3956757,33.3956757,0.4861712,0.086761135,Mayuge,Eastern,367
H3670701,0.4861712,33.3956757,33.3956757,0.4861712,0.086761135,Mayuge,Eastern,367
H3670801,0.4861712,33.3956757,33.3956757,0.4861712,0.086761135,Mayuge,Eastern,367
H3670901,0.4861712,33.3956757,33.3956757,0.4861712,0.086761135,Mayuge,Eastern,367
H3671001,0.4861712,33.3956757,33.3956757,0.4861712,0.086761135,Mayuge,Eastern,367
H3680101,0.3409036,33.6089668,33.6089668,0.3409036,8.011949347,Mayuge,Eastern,368
H3680201,0.3409036,33.6089668,33.6089668,0.3409036,8.011949347,Mayuge,Eastern,368
H3680301,0.3409036,33.6089668,33.6089668,0.3409036,8.011949347,Mayuge,Eastern,368
H3680401,0.3409036,33.6089668,33.6089668,0.3409036,8.011949347,Mayuge,Eastern,368
H3680601,0.3409036,33.6089668,33.6089668,0.3409036,8.011949347,Mayuge,Eastern,368
H3680701,0.3409036,33.6089668,33.6089668,0.3409036,8.011949347,Mayuge,Eastern,368
H3680801,0.2060762,33.5935974,33.5935974,0.2060762,2.802081332,Mayuge,Eastern,368
H3680901,0.3409036,33.6089668,33.6089668,0.3409036,8.011949347,Mayuge,Eastern,368
H3681001,0.3409036,33.6089668,33.6089668,0.3409036,8.011949347,Mayuge,Eastern,368
H3690201,0.4546888,33.319664,33.319664,0.4546888,3.317406767,Mayuge,Eastern,369
H3690401,0.4546888,33.319664,33.319664,0.4546888,3.317406767,Mayuge,Eastern,369
H3690501,0.4546888,33.319664,33.319664,0.4546888,3.317406767,Mayuge,Eastern,369
H3690701,0.4546888,33.319664,33.319664,0.4546888,3.317406767,Mayuge,Eastern,369
H3690801,0.4546888,33.319664,33.319664,0.4546888,3.317406767,Mayuge,Eastern,369
H3690901,0.4546888,33.319664,33.319664,0.4546888,3.317406767,Mayuge,Eastern,369
H3691001,0.4546888,33.319664,33.319664,0.4546888,3.317406767,Mayuge,Eastern,369
H3700101,0.5296313,33.3430672,33.3430672,0.5296313,5.991005834,Mayuge,Eastern,370
H3700201,0.5296313,33.3430672,33.3430672,0.5296313,5.991005834,Mayuge,Eastern,370
H3700301,0.5296313,33.3430672,33.3430672,0.5296313,5.991005834,Mayuge,Eastern,370
H3700401,0.5296313,33.3430672,33.3430672,0.5296313,5.991005834,Mayuge,Eastern,370
H3700501,0.5296313,33.3430672,33.3430672,0.5296313,5.991005834,Mayuge,Eastern,370
H3700601,0.5296313,33.3430672,33.3430672,0.5296313,5.991005834,Mayuge,Eastern,370
H3700701,0.5296313,33.3430672,33.3430672,0.5296313,5.991005834,Mayuge,Eastern,370
H3700901,0.5296313,33.3430672,33.3430672,0.5296313,5.991005834,Mayuge,Eastern,370
H3701001,0.5296313,33.3430672,33.3430672,0.5296313,5.991005834,Mayuge,Eastern,370
H3710101,2.0715601,33.7699165,33.7699165,2.0715601,20.09907003,Amuria,Eastern,371
H3710201,2.0715601,33.7699165,33.7699165,2.0715601,20.09907003,Amuria,Eastern,371
H3710301,2.0715601,33.7699165,33.7699165,2.0715601,20.09907003,Amuria,Eastern,371
H3710401,2.0715601,33.7699165,33.7699165,2.0715601,20.09907003,Amuria,Eastern,371
H3710501,2.0715601,33.7699165,33.7699165,2.0715601,20.09907003,Amuria,Eastern,371
H3710601,2.0715601,33.7699165,33.7699165,2.0715601,20.09907003,Amuria,Eastern,371
H3710701,2.0715601,33.7699165,33.7699165,2.0715601,20.09907003,Amuria,Eastern,371
H3710801,2.0715601,33.7699165,33.7699165,2.0715601,20.09907003,Amuria,Eastern,371
H3710901,2.0715601,33.7699165,33.7699165,2.0715601,20.09907003,Amuria,Eastern,371
H3711001,2.0715601,33.7699165,33.7699165,2.0715601,20.09907003,Amuria,Eastern,371
H3720101,1.0411211,34.3195801,34.3195801,1.0411211,9.937835649,Bududa,Eastern,372
H3720201,1.0411211,34.3195801,34.3195801,1.0411211,9.937835649,Bududa,Eastern,372
H3720301,1.0411211,34.3195801,34.3195801,1.0411211,9.937835649,Bududa,Eastern,372
H3720501,1.0411211,34.3195801,34.3195801,1.0411211,9.937835649,Bududa,Eastern,372
H3720601,1.0411211,34.3195801,34.3195801,1.0411211,9.937835649,Bududa,Eastern,372
H3720701,1.0411211,34.3195801,34.3195801,1.0411211,9.937835649,Bududa,Eastern,372
H3720801,1.0411211,34.3195801,34.3195801,1.0411211,9.937835649,Bududa,Eastern,372
H3720901,1.0411211,34.3195801,34.3195801,1.0411211,9.937835649,Bududa,Eastern,372
H3721001,1.0411211,34.3195801,34.3195801,1.0411211,9.937835649,Bududa,Eastern,372
H3730101,1.2170526,34.1021233,34.1021233,1.2170526,17.69998336, Bukedea,Eastern,373
H3730101,1.2170526,34.1021233,34.1021233,1.2170526,17.69998336, Bukedea,Eastern,373
H3730101,1.2170526,34.1021233,34.1021233,1.2170526,17.69998336, Bukedea,Eastern,373
H3730101,1.2170526,34.1021233,34.1021233,1.2170526,17.69998336, Bukedea,Eastern,373
H3730101,1.2170526,34.1021233,34.1021233,1.2170526,17.69998336, Bukedea,Eastern,373
H3730301,1.2170526,34.1021233,34.1021233,1.2170526,17.69998336, Bukedea,Eastern,373
H3730301,1.2170526,34.1021233,34.1021233,1.2170526,17.69998336, Bukedea,Eastern,373
H3730301,1.2170526,34.1021233,34.1021233,1.2170526,17.69998336, Bukedea,Eastern,373
H3730301,1.2170526,34.1021233,34.1021233,1.2170526,17.69998336, Bukedea,Eastern,373
H3730301,1.2170526,34.1021233,34.1021233,1.2170526,17.69998336, Bukedea,Eastern,373
H3730401,1.2170526,34.1021233,34.1021233,1.2170526,17.69998336, Bukedea,Eastern,373
H3730401,1.2170526,34.1021233,34.1021233,1.2170526,17.69998336, Bukedea,Eastern,373
H3730401,1.2170526,34.1021233,34.1021233,1.2170526,17.69998336, Bukedea,Eastern,373
H3730401,1.2170526,34.1021233,34.1021233,1.2170526,17.69998336, Bukedea,Eastern,373
H3730401,1.2170526,34.1021233,34.1021233,1.2170526,17.69998336, Bukedea,Eastern,373
H3730501,1.2170526,34.1021233,34.1021233,1.2170526,17.69998336, Bukedea,Eastern,373
H3730501,1.2170526,34.1021233,34.1021233,1.2170526,17.69998336, Bukedea,Eastern,373
H3730501,1.2170526,34.1021233,34.1021233,1.2170526,17.69998336, Bukedea,Eastern,373
H3730501,1.2170526,34.1021233,34.1021233,1.2170526,17.69998336, Bukedea,Eastern,373
H3730501,1.2170526,34.1021233,34.1021233,1.2170526,17.69998336, Bukedea,Eastern,373
H3730601,1.2170526,34.1021233,34.1021233,1.2170526,17.69998336, Bukedea,Eastern,373
H3730601,1.2170526,34.1021233,34.1021233,1.2170526,17.69998336, Bukedea,Eastern,373
H3730601,1.2170526,34.1021233,34.1021233,1.2170526,17.69998336, Bukedea,Eastern,373
H3730601,1.2170526,34.1021233,34.1021233,1.2170526,17.69998336, Bukedea,Eastern,373
H3730601,1.2170526,34.1021233,34.1021233,1.2170526,17.69998336, Bukedea,Eastern,373
H3730701,1.2170526,34.1021233,34.1021233,1.2170526,17.69998336, Bukedea,Eastern,373
H3730701,1.2170526,34.1021233,34.1021233,1.2170526,17.69998336, Bukedea,Eastern,373
H3730701,1.2170526,34.1021233,34.1021233,1.2170526,17.69998336, Bukedea,Eastern,373
H3730701,1.2170526,34.1021233,34.1021233,1.2170526,17.69998336, Bukedea,Eastern,373
H3730701,1.2170526,34.1021233,34.1021233,1.2170526,17.69998336, Bukedea,Eastern,373
H3730801,1.2170526,34.1021233,34.1021233,1.2170526,17.69998336, Bukedea,Eastern,373
H3730801,1.2170526,34.1021233,34.1021233,1.2170526,17.69998336, Bukedea,Eastern,373
H3730801,1.2170526,34.1021233,34.1021233,1.2170526,17.69998336, Bukedea,Eastern,373
H3730801,1.2170526,34.1021233,34.1021233,1.2170526,17.69998336, Bukedea,Eastern,373
H3730801,1.2170526,34.1021233,34.1021233,1.2170526,17.69998336, Bukedea,Eastern,373
H3730901,1.2170526,34.1021233,34.1021233,1.2170526,17.69998336, Bukedea,Eastern,373
H3730901,1.2170526,34.1021233,34.1021233,1.2170526,17.69998336, Bukedea,Eastern,373
H3730901,1.2170526,34.1021233,34.1021233,1.2170526,17.69998336, Bukedea,Eastern,373
H3730901,1.2170526,34.1021233,34.1021233,1.2170526,17.69998336, Bukedea,Eastern,373
H3730901,1.2170526,34.1021233,34.1021233,1.2170526,17.69998336, Bukedea,Eastern,373
H3730902,1.3146503,33.9904556,33.9904556,1.3146503,23.92636639,Kumi,Eastern,373
H3731001,1.2170526,34.1021233,34.1021233,1.2170526,17.69998336, Bukedea,Eastern,373
H3731001,1.2170526,34.1021233,34.1021233,1.2170526,17.69998336, Bukedea,Eastern,373
H3731001,1.2170526,34.1021233,34.1021233,1.2170526,17.69998336, Bukedea,Eastern,373
H3731001,1.2170526,34.1021233,34.1021233,1.2170526,17.69998336, Bukedea,Eastern,373
H3731001,1.2170526,34.1021233,34.1021233,1.2170526,17.69998336, Bukedea,Eastern,373
H3740101,0.9505616,34.0172005,34.0172005,0.9505616,2.233178698,Butaleja,Eastern,374
H3740101,0.9505616,34.0172005,34.0172005,0.9505616,2.233178698,Butaleja,Eastern,374
H3740101,0.9505616,34.0172005,34.0172005,0.9505616,2.233178698,Butaleja,Eastern,374
H3740101,0.9505616,34.0172005,34.0172005,0.9505616,2.233178698,Butaleja,Eastern,374
H3740101,0.9505616,34.0172005,34.0172005,0.9505616,2.233178698,Butaleja,Eastern,374
H3740301,0.9505616,34.0172005,34.0172005,0.9505616,2.233178698,Butaleja,Eastern,374
H3740301,0.9505616,34.0172005,34.0172005,0.9505616,2.233178698,Butaleja,Eastern,374
H3740301,0.9505616,34.0172005,34.0172005,0.9505616,2.233178698,Butaleja,Eastern,374
H3740301,0.9505616,34.0172005,34.0172005,0.9505616,2.233178698,Butaleja,Eastern,374
H3740301,0.9505616,34.0172005,34.0172005,0.9505616,2.233178698,Butaleja,Eastern,374
H3740401,0.9505616,34.0172005,34.0172005,0.9505616,2.233178698,Butaleja,Eastern,374
H3740401,0.9505616,34.0172005,34.0172005,0.9505616,2.233178698,Butaleja,Eastern,374
H3740401,0.9505616,34.0172005,34.0172005,0.9505616,2.233178698,Butaleja,Eastern,374
H3740401,0.9505616,34.0172005,34.0172005,0.9505616,2.233178698,Butaleja,Eastern,374
H3740401,0.9505616,34.0172005,34.0172005,0.9505616,2.233178698,Butaleja,Eastern,374
H3740501,0.9505616,34.0172005,34.0172005,0.9505616,2.233178698,Butaleja,Eastern,374
H3740501,0.9505616,34.0172005,34.0172005,0.9505616,2.233178698,Butaleja,Eastern,374
H3740501,0.9505616,34.0172005,34.0172005,0.9505616,2.233178698,Butaleja,Eastern,374
H3740501,0.9505616,34.0172005,34.0172005,0.9505616,2.233178698,Butaleja,Eastern,374
H3740501,0.9505616,34.0172005,34.0172005,0.9505616,2.233178698,Butaleja,Eastern,374
H3740601,0.9505616,34.0172005,34.0172005,0.9505616,2.233178698,Butaleja,Eastern,374
H3740601,0.9505616,34.0172005,34.0172005,0.9505616,2.233178698,Butaleja,Eastern,374
H3740601,0.9505616,34.0172005,34.0172005,0.9505616,2.233178698,Butaleja,Eastern,374
H3740601,0.9505616,34.0172005,34.0172005,0.9505616,2.233178698,Butaleja,Eastern,374
H3740601,0.9505616,34.0172005,34.0172005,0.9505616,2.233178698,Butaleja,Eastern,374
H3740701,0.9505616,34.0172005,34.0172005,0.9505616,2.233178698,Butaleja,Eastern,374
H3740701,0.9505616,34.0172005,34.0172005,0.9505616,2.233178698,Butaleja,Eastern,374
H3740701,0.9505616,34.0172005,34.0172005,0.9505616,2.233178698,Butaleja,Eastern,374
H3740701,0.9505616,34.0172005,34.0172005,0.9505616,2.233178698,Butaleja,Eastern,374
H3740701,0.9505616,34.0172005,34.0172005,0.9505616,2.233178698,Butaleja,Eastern,374
H3740801,0.9505616,34.0172005,34.0172005,0.9505616,2.233178698,Butaleja,Eastern,374
H3740801,0.9505616,34.0172005,34.0172005,0.9505616,2.233178698,Butaleja,Eastern,374
H3740801,0.9505616,34.0172005,34.0172005,0.9505616,2.233178698,Butaleja,Eastern,374
H3740801,0.9505616,34.0172005,34.0172005,0.9505616,2.233178698,Butaleja,Eastern,374
H3740801,0.9505616,34.0172005,34.0172005,0.9505616,2.233178698,Butaleja,Eastern,374
H3740901,0.9505616,34.0172005,34.0172005,0.9505616,2.233178698,Butaleja,Eastern,374
H3740901,0.9505616,34.0172005,34.0172005,0.9505616,2.233178698,Butaleja,Eastern,374
H3740901,0.9505616,34.0172005,34.0172005,0.9505616,2.233178698,Butaleja,Eastern,374
H3740901,0.9505616,34.0172005,34.0172005,0.9505616,2.233178698,Butaleja,Eastern,374
H3740901,0.9505616,34.0172005,34.0172005,0.9505616,2.233178698,Butaleja,Eastern,374
H3741001,0.9505616,34.0172005,34.0172005,0.9505616,2.233178698,Butaleja,Eastern,374
H3741001,0.9505616,34.0172005,34.0172005,0.9505616,2.233178698,Butaleja,Eastern,374
H3741001,0.9505616,34.0172005,34.0172005,0.9505616,2.233178698,Butaleja,Eastern,374
H3741001,0.9505616,34.0172005,34.0172005,0.9505616,2.233178698,Butaleja,Eastern,374
H3741001,0.9505616,34.0172005,34.0172005,0.9505616,2.233178698,Butaleja,Eastern,374
H3750101,0.9132852,34.2984962,34.2984962,0.9132852,3.526279467,Manafwa,Eastern,375
H3750201,0.9132852,34.2984962,34.2984962,0.9132852,3.526279467,Manafwa,Eastern,375
H3750301,0.9132852,34.2984962,34.2984962,0.9132852,3.526279467,Manafwa,Eastern,375
H3750401,0.9132852,34.2984962,34.2984962,0.9132852,3.526279467,Manafwa,Eastern,375
H3750501,0.9132852,34.2984962,34.2984962,0.9132852,3.526279467,Manafwa,Eastern,375
H3750601,0.9132852,34.2984962,34.2984962,0.9132852,3.526279467,Manafwa,Eastern,375
H3750701,0.9132852,34.2984962,34.2984962,0.9132852,3.526279467,Manafwa,Eastern,375
H3750801,0.9132852,34.2984962,34.2984962,0.9132852,3.526279467,Manafwa,Eastern,375
H3750901,0.9132852,34.2984962,34.2984962,0.9132852,3.526279467,Manafwa,Eastern,375
H3751001,0.9132852,34.2984962,34.2984962,0.9132852,3.526279467,Manafwa,Eastern,375
H3760101,0.7991521,34.3636017,34.3636017,0.7991521,1.189907774,Manafwa,Eastern,376
H3760201,0.7991521,34.3636017,34.3636017,0.7991521,1.189907774,Manafwa,Eastern,376
H3760301,0.7991521,34.3636017,34.3636017,0.7991521,1.189907774,Manafwa,Eastern,376
H3760501,0.7991521,34.3636017,34.3636017,0.7991521,1.189907774,Manafwa,Eastern,376
H3760601,0.7991521,34.3636017,34.3636017,0.7991521,1.189907774,Manafwa,Eastern,376
H3760701,0.7991521,34.3636017,34.3636017,0.7991521,1.189907774,Manafwa,Eastern,376
H3760801,0.7991521,34.3636017,34.3636017,0.7991521,1.189907774,Manafwa,Eastern,376
H3761001,0.7991521,34.3636017,34.3636017,0.7991521,1.189907774,Manafwa,Eastern,376
H3770101,0.8180645,33.7353516,33.7353516,0.8180645,3.430773014,Namutumba,Eastern,377
H3770101,0.8180645,33.7353516,33.7353516,0.8180645,3.430773014,Namutumba,Eastern,377
H3770101,0.8180645,33.7353516,33.7353516,0.8180645,3.430773014,Namutumba,Eastern,377
H3770101,0.8180645,33.7353516,33.7353516,0.8180645,3.430773014,Namutumba,Eastern,377
H3770101,0.8180645,33.7353516,33.7353516,0.8180645,3.430773014,Namutumba,Eastern,377
H3770201,0.8180645,33.7353516,33.7353516,0.8180645,3.430773014,Namutumba,Eastern,377
H3770201,0.8180645,33.7353516,33.7353516,0.8180645,3.430773014,Namutumba,Eastern,377
H3770201,0.8180645,33.7353516,33.7353516,0.8180645,3.430773014,Namutumba,Eastern,377
H3770201,0.8180645,33.7353516,33.7353516,0.8180645,3.430773014,Namutumba,Eastern,377
H3770201,0.8180645,33.7353516,33.7353516,0.8180645,3.430773014,Namutumba,Eastern,377
H3770301,0.8180645,33.7353516,33.7353516,0.8180645,3.430773014,Namutumba,Eastern,377
H3770301,0.8180645,33.7353516,33.7353516,0.8180645,3.430773014,Namutumba,Eastern,377
H3770301,0.8180645,33.7353516,33.7353516,0.8180645,3.430773014,Namutumba,Eastern,377
H3770301,0.8180645,33.7353516,33.7353516,0.8180645,3.430773014,Namutumba,Eastern,377
H3770301,0.8180645,33.7353516,33.7353516,0.8180645,3.430773014,Namutumba,Eastern,377
H3770501,0.8180645,33.7353516,33.7353516,0.8180645,3.430773014,Namutumba,Eastern,377
H3770501,0.8180645,33.7353516,33.7353516,0.8180645,3.430773014,Namutumba,Eastern,377
H3770501,0.8180645,33.7353516,33.7353516,0.8180645,3.430773014,Namutumba,Eastern,377
H3770501,0.8180645,33.7353516,33.7353516,0.8180645,3.430773014,Namutumba,Eastern,377
H3770501,0.8180645,33.7353516,33.7353516,0.8180645,3.430773014,Namutumba,Eastern,377
H3770601,0.8180645,33.7353516,33.7353516,0.8180645,3.430773014,Namutumba,Eastern,377
H3770601,0.8180645,33.7353516,33.7353516,0.8180645,3.430773014,Namutumba,Eastern,377
H3770601,0.8180645,33.7353516,33.7353516,0.8180645,3.430773014,Namutumba,Eastern,377
H3770601,0.8180645,33.7353516,33.7353516,0.8180645,3.430773014,Namutumba,Eastern,377
H3770601,0.8180645,33.7353516,33.7353516,0.8180645,3.430773014,Namutumba,Eastern,377
H3770701,0.8180645,33.7353516,33.7353516,0.8180645,3.430773014,Namutumba,Eastern,377
H3770701,0.8180645,33.7353516,33.7353516,0.8180645,3.430773014,Namutumba,Eastern,377
H3770701,0.8180645,33.7353516,33.7353516,0.8180645,3.430773014,Namutumba,Eastern,377
H3770701,0.8180645,33.7353516,33.7353516,0.8180645,3.430773014,Namutumba,Eastern,377
H3770701,0.8180645,33.7353516,33.7353516,0.8180645,3.430773014,Namutumba,Eastern,377
H3770801,0.8180645,33.7353516,33.7353516,0.8180645,3.430773014,Namutumba,Eastern,377
H3770801,0.8180645,33.7353516,33.7353516,0.8180645,3.430773014,Namutumba,Eastern,377
H3770801,0.8180645,33.7353516,33.7353516,0.8180645,3.430773014,Namutumba,Eastern,377
H3770801,0.8180645,33.7353516,33.7353516,0.8180645,3.430773014,Namutumba,Eastern,377
H3770801,0.8180645,33.7353516,33.7353516,0.8180645,3.430773014,Namutumba,Eastern,377
H3770901,0.4691329,33.2523689,33.2523689,0.4691329,1.261612419,Jinja,Eastern,377
H3771001,0.8405605,33.6872101,33.6872101,0.8405605,4.957991893,Namutumba,Eastern,377
H3771001,0.8405605,33.6872101,33.6872101,0.8405605,4.957991893,Namutumba,Eastern,377
H3771001,0.8405605,33.6872101,33.6872101,0.8405605,4.957991893,Namutumba,Eastern,377
H3771001,0.8405605,33.6872101,33.6872101,0.8405605,4.957991893,Namutumba,Eastern,377
H3771001,0.8405605,33.6872101,33.6872101,0.8405605,4.957991893,Namutumba,Eastern,377
H3780101,1.2566968,34.3566322,34.3566322,1.2566968,9.589705184,Bulambuli,Eastern,378
H3780201,1.2566968,34.3566322,34.3566322,1.2566968,9.589705184,Bulambuli,Eastern,378
H3780301,1.2566968,34.3566322,34.3566322,1.2566968,9.589705184,Bulambuli,Eastern,378
H3780401,1.2566968,34.3566322,34.3566322,1.2566968,9.589705184,Bulambuli,Eastern,378
H3780501,1.2566968,34.3566322,34.3566322,1.2566968,9.589705184,Bulambuli,Eastern,378
H3780601,1.2566968,34.3566322,34.3566322,1.2566968,9.589705184,Bulambuli,Eastern,378
H3780701,1.2566968,34.3566322,34.3566322,1.2566968,9.589705184,Bulambuli,Eastern,378
H3780801,1.2566968,34.3566322,34.3566322,1.2566968,9.589705184,Bulambuli,Eastern,378
H3781001,1.2566968,34.3566322,34.3566322,1.2566968,9.589705184,Bulambuli,Eastern,378
H3790101,1.1472346,33.2423058,33.2423058,1.1472346,5.29556369,Buyende,Eastern,379
H3790201,1.1472346,33.2423058,33.2423058,1.1472346,5.29556369,Buyende,Eastern,379
H3790301,1.1472346,33.2423058,33.2423058,1.1472346,5.29556369,Buyende,Eastern,379
H3790401,1.1472346,33.2423058,33.2423058,1.1472346,5.29556369,Buyende,Eastern,379
H3790501,1.1472346,33.2423058,33.2423058,1.1472346,5.29556369,Buyende,Eastern,379
H3790601,1.1472346,33.2423058,33.2423058,1.1472346,5.29556369,Buyende,Eastern,379
H3790801,1.1472346,33.2423058,33.2423058,1.1472346,5.29556369,Buyende,Eastern,379
H3790901,1.1472346,33.2423058,33.2423058,1.1472346,5.29556369,Buyende,Eastern,379
H3791001,1.1472346,33.2423058,33.2423058,1.1472346,5.29556369,Buyende,Eastern,379
H3800101,1.205675,33.1859055,33.1859055,1.205675,7.393283176,Buyende,Eastern,380
H3800201,1.205675,33.1859055,33.1859055,1.205675,7.393283176,Buyende,Eastern,380
H3800301,1.205675,33.1859055,33.1859055,1.205675,7.393283176,Buyende,Eastern,380
H3800401,1.205675,33.1859055,33.1859055,1.205675,7.393283176,Buyende,Eastern,380
H3800501,1.2092326,33.047924,33.047924,1.2092326,22.74885328,Buyende,Eastern,380
H3800601,1.205675,33.1859055,33.1859055,1.205675,7.393283176,Buyende,Eastern,380
H3800701,1.2968832,33.090435,33.090435,1.2968832,20.04457696,Buyende,Eastern,380
H3800901,1.205675,33.1859055,33.1859055,1.205675,7.393283176,Buyende,Eastern,380
H3801001,1.205675,33.1859055,33.1859055,1.205675,7.393283176,Buyende,Eastern,380
H3810101,1.4132442,34.5216408,34.5216408,1.4132442,15.62719329,Kween,Eastern,381
H3810101,1.4132442,34.5216408,34.5216408,1.4132442,15.62719329,Kween,Eastern,381
H3810101,1.4132442,34.5216408,34.5216408,1.4132442,15.62719329,Kween,Eastern,381
H3810101,1.4132442,34.5216408,34.5216408,1.4132442,15.62719329,Kween,Eastern,381
H3810201,1.4132442,34.5216408,34.5216408,1.4132442,15.62719329,Kween,Eastern,381
H3810201,1.4132442,34.5216408,34.5216408,1.4132442,15.62719329,Kween,Eastern,381
H3810201,1.4132442,34.5216408,34.5216408,1.4132442,15.62719329,Kween,Eastern,381
H3810201,1.4132442,34.5216408,34.5216408,1.4132442,15.62719329,Kween,Eastern,381
H3810301,1.4132442,34.5216408,34.5216408,1.4132442,15.62719329,Kween,Eastern,381
H3810301,1.4132442,34.5216408,34.5216408,1.4132442,15.62719329,Kween,Eastern,381
H3810301,1.4132442,34.5216408,34.5216408,1.4132442,15.62719329,Kween,Eastern,381
H3810301,1.4132442,34.5216408,34.5216408,1.4132442,15.62719329,Kween,Eastern,381
H3810401,1.4132442,34.5216408,34.5216408,1.4132442,15.62719329,Kween,Eastern,381
H3810401,1.4132442,34.5216408,34.5216408,1.4132442,15.62719329,Kween,Eastern,381
H3810401,1.4132442,34.5216408,34.5216408,1.4132442,15.62719329,Kween,Eastern,381
H3810401,1.4132442,34.5216408,34.5216408,1.4132442,15.62719329,Kween,Eastern,381
H3810501,1.4132442,34.5216408,34.5216408,1.4132442,15.62719329,Kween,Eastern,381
H3810501,1.4132442,34.5216408,34.5216408,1.4132442,15.62719329,Kween,Eastern,381
H3810501,1.4132442,34.5216408,34.5216408,1.4132442,15.62719329,Kween,Eastern,381
H3810501,1.4132442,34.5216408,34.5216408,1.4132442,15.62719329,Kween,Eastern,381
H3810601,1.4132442,34.5216408,34.5216408,1.4132442,15.62719329,Kween,Eastern,381
H3810601,1.4132442,34.5216408,34.5216408,1.4132442,15.62719329,Kween,Eastern,381
H3810601,1.4132442,34.5216408,34.5216408,1.4132442,15.62719329,Kween,Eastern,381
H3810601,1.4132442,34.5216408,34.5216408,1.4132442,15.62719329,Kween,Eastern,381
H3810701,1.4132442,34.5216408,34.5216408,1.4132442,15.62719329,Kween,Eastern,381
H3810701,1.4132442,34.5216408,34.5216408,1.4132442,15.62719329,Kween,Eastern,381
H3810701,1.4132442,34.5216408,34.5216408,1.4132442,15.62719329,Kween,Eastern,381
H3810701,1.4132442,34.5216408,34.5216408,1.4132442,15.62719329,Kween,Eastern,381
H3810801,1.4132442,34.5216408,34.5216408,1.4132442,15.62719329,Kween,Eastern,381
H3810801,1.4132442,34.5216408,34.5216408,1.4132442,15.62719329,Kween,Eastern,381
H3810801,1.4132442,34.5216408,34.5216408,1.4132442,15.62719329,Kween,Eastern,381
H3810801,1.4132442,34.5216408,34.5216408,1.4132442,15.62719329,Kween,Eastern,381
H3810901,1.4132442,34.5216408,34.5216408,1.4132442,15.62719329,Kween,Eastern,381
H3810901,1.4132442,34.5216408,34.5216408,1.4132442,15.62719329,Kween,Eastern,381
H3810901,1.4132442,34.5216408,34.5216408,1.4132442,15.62719329,Kween,Eastern,381
H3810901,1.4132442,34.5216408,34.5216408,1.4132442,15.62719329,Kween,Eastern,381
H3810902,1.3874663,34.4070396,34.4070396,1.3874663,9.994464994,Kapchorwa,Eastern,381
H3810902,1.3874663,34.4070396,34.4070396,1.3874663,9.994464994,Kapchorwa,Eastern,381
H3810902,1.3874663,34.4070396,34.4070396,1.3874663,9.994464994,Kapchorwa,Eastern,381
H3810902,1.3874663,34.4070396,34.4070396,1.3874663,9.994464994,Kapchorwa,Eastern,381
H3811001,1.4132442,34.5216408,34.5216408,1.4132442,15.62719329,Kween,Eastern,381
H3811001,1.4132442,34.5216408,34.5216408,1.4132442,15.62719329,Kween,Eastern,381
H3811001,1.4132442,34.5216408,34.5216408,1.4132442,15.62719329,Kween,Eastern,381
H3811001,1.4132442,34.5216408,34.5216408,1.4132442,15.62719329,Kween,Eastern,381
H3820101,0.3600213,33.8236542,33.8236542,0.3600213,2.880646578,Namayingo,Eastern,382
H3820201,0.3600213,33.8236542,33.8236542,0.3600213,2.880646578,Namayingo,Eastern,382
H3820401,0.3600213,33.8236542,33.8236542,0.3600213,2.880646578,Namayingo,Eastern,382
H3820501,0.3600213,33.8236542,33.8236542,0.3600213,2.880646578,Namayingo,Eastern,382
H3820701,0.3600213,33.8236542,33.8236542,0.3600213,2.880646578,Namayingo,Eastern,382
H3820901,0.3600213,33.8236542,33.8236542,0.3600213,2.880646578,Namayingo,Eastern,382
H3821001,0.3600213,33.8236542,33.8236542,0.3600213,2.880646578,Namayingo,Eastern,382
H3830101,2.0138013,32.862484,32.862484,2.0138013,16.48046628,Apac,Northern,383
H3830102,1.7573971,32.2890091,32.2890091,1.7573971,8.901134043,Apac,Northern,383
H3830301,2.0138013,32.862484,32.862484,2.0138013,16.48046628,Apac,Northern,383
H3830302,2.0138013,32.862484,32.862484,2.0138013,16.48046628,Apac,Northern,383
H3830401,2.0138013,32.862484,32.862484,2.0138013,16.48046628,Apac,Northern,383
H3830501,2.0138013,32.862484,32.862484,2.0138013,16.48046628,Apac,Northern,383
H3830601,2.0138013,32.862484,32.862484,2.0138013,16.48046628,Apac,Northern,383
H3830701,1.7573971,32.2890091,32.2890091,1.7573971,8.901134043,Apac,Northern,383
H3830702,1.9304708,32.6640663,32.6640663,1.9304708,8.10403222,Apac,Northern,383
H3830801,2.0138013,32.862484,32.862484,2.0138013,16.48046628,Apac,Northern,383
H3830901,2.0138013,32.862484,32.862484,2.0138013,16.48046628,Apac,Northern,383
H3831001,2.0138013,32.862484,32.862484,2.0138013,16.48046628,Apac,Northern,383
H3840101,2.0785067,32.5397835,32.5397835,2.0785067,1.194901387,Apac,Northern,384
H3840101,2.0785067,32.5397835,32.5397835,2.0785067,1.194901387,Apac,Northern,384
H3840201,2.0785067,32.5397835,32.5397835,2.0785067,1.194901387,Apac,Northern,384
H3840201,2.0785067,32.5397835,32.5397835,2.0785067,1.194901387,Apac,Northern,384
H3840301,2.0785067,32.5397835,32.5397835,2.0785067,1.194901387,Apac,Northern,384
H3840301,2.0785067,32.5397835,32.5397835,2.0785067,1.194901387,Apac,Northern,384
H3840401,2.0785067,32.5397835,32.5397835,2.0785067,1.194901387,Apac,Northern,384
H3840401,2.0785067,32.5397835,32.5397835,2.0785067,1.194901387,Apac,Northern,384
H3840501,2.0785067,32.5397835,32.5397835,2.0785067,1.194901387,Apac,Northern,384
H3840501,2.0785067,32.5397835,32.5397835,2.0785067,1.194901387,Apac,Northern,384
H3840601,1.9266078,32.8745918,32.8745918,1.9266078,19.50206409,Apac,Northern,384
H3840701,2.0785067,32.5397835,32.5397835,2.0785067,1.194901387,Apac,Northern,384
H3840701,2.0785067,32.5397835,32.5397835,2.0785067,1.194901387,Apac,Northern,384
H3840702,2.0785067,32.5397835,32.5397835,2.0785067,1.194901387,Apac,Northern,384
H3840702,2.0785067,32.5397835,32.5397835,2.0785067,1.194901387,Apac,Northern,384
H3840801,2.0785067,32.5397835,32.5397835,2.0785067,1.194901387,Apac,Northern,384
H3840801,2.0785067,32.5397835,32.5397835,2.0785067,1.194901387,Apac,Northern,384
H3840901,2.0785067,32.5397835,32.5397835,2.0785067,1.194901387,Apac,Northern,384
H3840901,2.0785067,32.5397835,32.5397835,2.0785067,1.194901387,Apac,Northern,384
H3841001,2.0785067,32.5397835,32.5397835,2.0785067,1.194901387,Apac,Northern,384
H3841001,2.0785067,32.5397835,32.5397835,2.0785067,1.194901387,Apac,Northern,384
H3850101,3.0422647,30.865921,30.865921,3.0422647,13.09324126,Arua,Northern,385
H3850201,3.0422647,30.865921,30.865921,3.0422647,13.09324126,Arua,Northern,385
H3850301,3.0422647,30.865921,30.865921,3.0422647,13.09324126,Arua,Northern,385
H3850401,3.0422647,30.865921,30.865921,3.0422647,13.09324126,Arua,Northern,385
H3850501,3.0422647,30.865921,30.865921,3.0422647,13.09324126,Arua,Northern,385
H3850601,3.0422647,30.865921,30.865921,3.0422647,13.09324126,Arua,Northern,385
H3850701,3.0422647,30.865921,30.865921,3.0422647,13.09324126,Arua,Northern,385
H3850702,3.0422647,30.865921,30.865921,3.0422647,13.09324126,Arua,Northern,385
H3850801,3.0422647,30.865921,30.865921,3.0422647,13.09324126,Arua,Northern,385
H3850901,3.0422647,30.865921,30.865921,3.0422647,13.09324126,Arua,Northern,385
H3851001,3.0422647,30.865921,30.865921,3.0422647,13.09324126,Arua,Northern,385
H3860101,3.2963488,31.1446857,31.1446857,3.2963488,27.53574992,Arua,Northern,386
H3860201,3.2963488,31.1446857,31.1446857,3.2963488,27.53574992,Arua,Northern,386
H3860301,3.2963488,31.1446857,31.1446857,3.2963488,27.53574992,Arua,Northern,386
H3860401,3.2963488,31.1446857,31.1446857,3.2963488,27.53574992,Arua,Northern,386
H3860501,3.2963488,31.1446857,31.1446857,3.2963488,27.53574992,Arua,Northern,386
H3860601,3.2963488,31.1446857,31.1446857,3.2963488,27.53574992,Arua,Northern,386
H3860701,3.2963488,31.1446857,31.1446857,3.2963488,27.53574992,Arua,Northern,386
H3860801,3.2963488,31.1446857,31.1446857,3.2963488,27.53574992,Arua,Northern,386
H3860901,3.2963488,31.1446857,31.1446857,3.2963488,27.53574992,Kampala,Central,386
H3861001,3.2963488,31.1446857,31.1446857,3.2963488,27.53574992,Arua,Northern,386
H3870101,3.0657134,30.9412231,30.9412231,3.0657134,12.96771819,Arua,Northern,387
H3870301,3.2758343,31.1142254,31.1142254,3.2758343,24.3453145,Arua,Northern,387
H3870401,3.2758343,31.1142254,31.1142254,3.2758343,24.3453145,Arua,Northern,387
H3870501,3.2758343,31.1142254,31.1142254,3.2758343,24.3453145,Arua,Northern,387
H3870601,3.268935,31.2745056,31.2745056,3.268935,14.62472518,Arua,Northern,387
H3870801,3.2758343,31.1142254,31.1142254,3.2758343,24.3453145,Arua,Northern,387
H3870901,3.2758343,31.1142254,31.1142254,3.2758343,24.3453145,Arua,Northern,387
H3871001,3.2758343,31.1142254,31.1142254,3.2758343,24.3453145,Arua,Northern,387
H3880101,2.917258,30.9066582,30.9066582,2.917258,2.401080238,Arua,Northern,388
H3880102,2.917258,30.9066582,30.9066582,2.917258,2.401080238,Arua,Northern,388
H3880201,2.917258,30.9066582,30.9066582,2.917258,2.401080238,Arua,Northern,388
H3880301,2.917258,30.9066582,30.9066582,2.917258,2.401080238,Arua,Northern,388
H3880401,2.917258,30.9066582,30.9066582,2.917258,2.401080238,Arua,Northern,388
H3880501,2.917258,30.9066582,30.9066582,2.917258,2.401080238,Arua,Northern,388
H3880601,2.917258,30.9066582,30.9066582,2.917258,2.401080238,Arua,Northern,388
H3880701,2.917258,30.9066582,30.9066582,2.917258,2.401080238,Arua,Northern,388
H3880801,2.917258,30.9066582,30.9066582,2.917258,2.401080238,Arua,Northern,388
H3880901,2.917258,30.9066582,30.9066582,2.917258,2.401080238,Arua,Northern,388
H3881001,2.917258,30.9066582,30.9066582,2.917258,2.401080238,Arua,Northern,388
H3890101,3.0115705,34.1100159,34.1100159,3.0115705,71.6615209,Kotido,Northern,389
H3890201,3.0115705,34.1100159,34.1100159,3.0115705,71.6615209,Kotido,Northern,389
H3890401,3.0115705,34.1100159,34.1100159,3.0115705,71.6615209,Kotido,Northern,389
H3890601,3.0115705,34.1100159,34.1100159,3.0115705,71.6615209,Kotido,Northern,389
H3890701,3.0115705,34.1100159,34.1100159,3.0115705,71.6615209,Kotido,Northern,389
H3890901,3.0115705,34.1100159,34.1100159,3.0115705,71.6615209,Kotido,Northern,389
H3900101,3.6998019,31.8114109,31.8114109,3.6998019,24.17476537,Moyo,Northern,390
H3900201,3.6998019,31.8114109,31.8114109,3.6998019,24.17476537,Moyo,Northern,390
H3900301,3.6998019,31.8114109,31.8114109,3.6998019,24.17476537,Moyo,Northern,390
H3900401,3.6998019,31.8114109,31.8114109,3.6998019,24.17476537,Moyo,Northern,390
H3900501,3.6998019,31.8114109,31.8114109,3.6998019,24.17476537,Moyo,Northern,390
H3900701,3.6998019,31.8114109,31.8114109,3.6998019,24.17476537,Moyo,Northern,390
H3900801,3.6998019,31.8114109,31.8114109,3.6998019,24.17476537,Moyo,Northern,390
H3900901,3.6998019,31.8114109,31.8114109,3.6998019,24.17476537,Moyo,Northern,390
H3901001,3.6998019,31.8114109,31.8114109,3.6998019,24.17476537,Moyo,Northern,390
H3910101,2.5143695,31.0894337,31.0894337,2.5143695,15.45406703,Nebbi,Northern,391
H3910201,2.5143695,31.0894337,31.0894337,2.5143695,15.45406703,Nebbi,Northern,391
H3910301,2.5143695,31.0894337,31.0894337,2.5143695,15.45406703,Nebbi,Northern,391
H3910401,2.5143695,31.0894337,31.0894337,2.5143695,15.45406703,Nebbi,Northern,391
H3910501,2.5143695,31.0894337,31.0894337,2.5143695,15.45406703,Nebbi,Northern,391
H3910601,2.5143695,31.0894337,31.0894337,2.5143695,15.45406703,Nebbi,Northern,391
H3910701,2.5143695,31.0894337,31.0894337,2.5143695,15.45406703,Nebbi,Northern,391
H3911001,2.5143695,31.0894337,31.0894337,2.5143695,15.45406703,Nebbi,Northern,391
H3930101,3.0843575,32.7175484,32.7175484,3.0843575,4.766794052,Pader,Northern,393
H3930201,3.0843575,32.7175484,32.7175484,3.0843575,4.766794052,Pader,Northern,393
H3930301,3.0843575,32.7175484,32.7175484,3.0843575,4.766794052,Pader,Northern,393
H3930401,3.0145886,32.5844116,32.5844116,3.0145886,5.284770245,Pader,Northern,393
H3930501,3.0843575,32.7175484,32.7175484,3.0843575,4.766794052,Pader,Northern,393
H3930601,3.0843575,32.7175484,32.7175484,3.0843575,4.766794052,Pader,Northern,393
H3930701,3.0843575,32.7175484,32.7175484,3.0843575,4.766794052,Pader,Northern,393
H3930801,2.9268501,32.9955673,32.9955673,2.9268501,5.148514014,Pader,Northern,393
H3930901,3.0843575,32.7175484,32.7175484,3.0843575,4.766794052,Pader,Northern,393
H3931001,3.0843575,32.7175484,32.7175484,3.0843575,4.766794052,Pader,Northern,393
H3940101,2.8273697,33.7322197,33.7322197,2.8273697,27.24788588,Abim,Northern,394
H3940201,2.8273697,33.7322197,33.7322197,2.8273697,27.24788588,Abim,Northern,394
H3940301,2.7571454,33.6952019,33.6952019,2.7571454,18.55218166,Abim,Northern,394
H3940501,2.8273697,33.7322197,33.7322197,2.8273697,27.24788588,Abim,Northern,394
H3940601,2.8273697,33.7322197,33.7322197,2.8273697,27.24788588,Abim,Northern,394
H3940801,2.8273697,33.7322197,33.7322197,2.8273697,27.24788588,Abim,Northern,394
H3940802,2.8273697,33.7322197,33.7322197,2.8273697,27.24788588,Abim,Northern,394
H3940901,2.8273697,33.7322197,33.7322197,2.8273697,27.24788588,Abim,Northern,394
H3941001,2.8273697,33.7322197,33.7322197,2.8273697,27.24788588,Abim,Northern,394
H3950101,1.8710958,33.1275826,33.1275826,1.8710958,40.92445628,Dokolo,Northern,395
H3950201,1.8710958,33.1275826,33.1275826,1.8710958,40.92445628,Dokolo,Northern,395
H3950301,1.8710958,33.1275826,33.1275826,1.8710958,40.92445628,Dokolo,Northern,395
H3950401,1.8710958,33.1275826,33.1275826,1.8710958,40.92445628,Dokolo,Northern,395
H3950501,1.8710958,33.1275826,33.1275826,1.8710958,40.92445628,Dokolo,Northern,395
H3950601,1.8710958,33.1275826,33.1275826,1.8710958,40.92445628,Dokolo,Northern,395
H3950701,1.8710958,33.1275826,33.1275826,1.8710958,40.92445628,Dokolo,Northern,395
H3950901,1.8710958,33.1275826,33.1275826,1.8710958,40.92445628,Dokolo,Northern,395
H3951001,1.8710958,33.1275826,33.1275826,1.8710958,40.92445628,Dokolo,Northern,395
H3960101,3.4008355,34.1760674,34.1760674,3.4008355,60.20005123, Kaabong,Northern,396
H3960201,3.4875457,34.1362839,34.1362839,3.4875457,51.15276001, Kaabong,Northern,396
H3960301,3.4008355,34.1760674,34.1760674,3.4008355,60.20005123, Kaabong,Northern,396
H3960402,3.5569856,34.0704498,34.0704498,3.5569856,41.00791255, Kaabong,Northern,396
H3960501,3.4008355,34.1760674,34.1760674,3.4008355,60.20005123, Kaabong,Northern,396
H3960701,3.4008355,34.1760674,34.1760674,3.4008355,60.20005123, Kaabong,Northern,396
H3960801,3.4008355,34.1760674,34.1760674,3.4008355,60.20005123, Kaabong,Northern,396
H3961001,3.4008355,34.1760674,34.1760674,3.4008355,60.20005123, Kaabong,Northern,396
H3970101,3.4206393,31.0325165,31.0325165,3.4206393,18.7282157,Koboko,Northern,397
H3970201,3.4206393,31.0325165,31.0325165,3.4206393,18.7282157,Koboko,Northern,397
H3970301,3.4206393,31.0325165,31.0325165,3.4206393,18.7282157,Koboko,Northern,397
H3970401,3.4206393,31.0325165,31.0325165,3.4206393,18.7282157,Koboko,Northern,397
H3970501,3.4206393,31.0325165,31.0325165,3.4206393,18.7282157,Koboko,Northern,397
H3970601,3.4206393,31.0325165,31.0325165,3.4206393,18.7282157,Koboko,Northern,397
H3970701,3.4206393,31.0325165,31.0325165,3.4206393,18.7282157,Koboko,Northern,397
H3970801,3.4206393,31.0325165,31.0325165,3.4206393,18.7282157,Koboko,Northern,397
H3970901,3.4206393,31.0325165,31.0325165,3.4206393,18.7282157,Koboko,Northern,397
H3971001,3.4206393,31.0325165,31.0325165,3.4206393,18.7282157,Koboko,Northern,397
H3980101,3.2046375,30.9673595,30.9673595,3.2046375,12.02885464,Maracha,Northern,398
H3980201,3.2046375,30.9673595,30.9673595,3.2046375,12.02885464,Maracha,Northern,398
H3980301,3.0634649,30.9268856,30.9268856,3.0634649,13.49760636,Arua,Northern,398
H3980401,3.2046375,30.9673595,30.9673595,3.2046375,12.02885464,Maracha,Northern,398
H3980501,3.2046375,30.9673595,30.9673595,3.2046375,12.02885464,Maracha,Northern,398
H3980601,3.2046375,30.9673595,30.9673595,3.2046375,12.02885464,Maracha,Northern,398
H3980701,3.2046375,30.9673595,30.9673595,3.2046375,12.02885464,Maracha,Northern,398
H3980801,3.2046375,30.9673595,30.9673595,3.2046375,12.02885464,Maracha,Northern,398
H3980901,3.2046375,30.9673595,30.9673595,3.2046375,12.02885464,Maracha,Northern,398
H3981001,3.2046375,30.9673595,30.9673595,3.2046375,12.02885464,Maracha,Northern,398
H3990101,2.8202636,33.2002182,33.2002182,2.8202636,0.911540006,Agago,Northern,399
H3990201,2.8202636,33.2002182,33.2002182,2.8202636,0.911540006,Agago,Northern,399
H3990301,2.9380033,33.2985115,33.2985115,2.9380033,4.450799264,Agago,Northern,399
H3990401,2.8202636,33.2002182,33.2002182,2.8202636,0.911540006,Agago,Northern,399
H3990501,2.8202636,33.2002182,33.2002182,2.8202636,0.911540006,Agago,Northern,399
H3990601,2.8202636,33.2002182,33.2002182,2.8202636,0.911540006,Agago,Northern,399
H3990701,2.8202636,33.2002182,33.2002182,2.8202636,0.911540006,Agago,Northern,399
H3990801,2.8202636,33.2002182,33.2002182,2.8202636,0.911540006,Agago,Northern,399
H3990901,2.8202636,33.2002182,33.2002182,2.8202636,0.911540006,Agago,Northern,399
H3991001,2.8202636,33.2002182,33.2002182,2.8202636,0.911540006,Agago,Northern,399
H4000101,2.7433436,33.2190285,33.2190285,2.7433436,2.67910278,Agago,Northern,400
H4000201,2.7433436,33.2190285,33.2190285,2.7433436,2.67910278,Agago,Northern,400
H4000301,2.7433436,33.2190285,33.2190285,2.7433436,2.67910278,Agago,Northern,400
H4000401,2.7433436,33.2190285,33.2190285,2.7433436,2.67910278,Kiryandongo,Northern,400
H4000501,2.7433436,33.2190285,33.2190285,2.7433436,2.67910278,Agago,Northern,400
H4000601,2.7433436,33.2190285,33.2190285,2.7433436,2.67910278,Agago,Northern,400
H4000701,2.7433436,33.2190285,33.2190285,2.7433436,2.67910278,Agago,Northern,400
H4000801,2.7433436,33.2190285,33.2190285,2.7433436,2.67910278,Agago,Northern,400
H4000901,2.7433436,33.2190285,33.2190285,2.7433436,2.67910278,Agago,Northern,400
H4001001,2.7433436,33.2190285,33.2190285,2.7433436,2.67910278,Agago,Northern,400
H4010101,2.2465858,33.2355728,33.2355728,2.2465858,33.48990851,Alebtong,Northern,401
H4010201,2.2465858,33.2355728,33.2355728,2.2465858,33.48990851,Alebtong,Northern,401
H4010301,2.2465858,33.2355728,33.2355728,2.2465858,33.48990851,Alebtong,Northern,401
H4010401,2.2465858,33.2355728,33.2355728,2.2465858,33.48990851,Alebtong,Northern,401
H4010501,2.2465858,33.2355728,33.2355728,2.2465858,33.48990851,Alebtong,Northern,401
H4010601,2.2465858,33.2355728,33.2355728,2.2465858,33.48990851,Alebtong,Northern,401
H4010701,2.2465858,33.2355728,33.2355728,2.2465858,33.48990851,Alebtong,Northern,401
H4010801,2.2465858,33.2355728,33.2355728,2.2465858,33.48990851,Alebtong,Northern,401
H4010901,2.2465858,33.2355728,33.2355728,2.2465858,33.48990851,Alebtong,Northern,401
H4011001,2.2465858,33.2355728,33.2355728,2.2465858,33.48990851,Alebtong,Northern,401
H4020101,2.1367605,33.3023338,33.3023338,2.1367605,43.6876334,Alebtong,Northern,402
H4020201,2.1367605,33.3023338,33.3023338,2.1367605,43.6876334,Alebtong,Northern,402
H4020302,2.1367605,33.3023338,33.3023338,2.1367605,43.6876334,Alebtong,Northern,402
H4020501,2.1367605,33.3023338,33.3023338,2.1367605,43.6876334,Alebtong,Northern,402
H4020601,2.1367605,33.3023338,33.3023338,2.1367605,43.6876334,Alebtong,Northern,402
H4020701,2.1367605,33.3023338,33.3023338,2.1367605,43.6876334,Alebtong,Northern,402
H4020801,2.1367605,33.3023338,33.3023338,2.1367605,43.6876334,Alebtong,Northern,402
H4020901,2.1367605,33.3023338,33.3023338,2.1367605,43.6876334,Alebtong,Northern,402
H4021001,2.1367605,33.3023338,33.3023338,2.1367605,43.6876334,Alebtong,Northern,402
H4030101,2.114377,33.1747704,33.1747704,2.114377,32.2428786,Alebtong,Northern,403
H4030201,2.114377,33.1747704,33.1747704,2.114377,32.2428786,Lira,Northern,403
H4030301,2.114377,33.1747704,33.1747704,2.114377,32.2428786,Alebtong,Northern,403
H4030401,2.2195616,33.2607994,33.2607994,2.2195616,36.70593114,Alebtong,Northern,403
H4030501,2.114377,33.1747704,33.1747704,2.114377,32.2428786,Alebtong,Northern,403
H4030601,2.114377,33.1747704,33.1747704,2.114377,32.2428786,Alebtong,Northern,403
H4030701,2.114377,33.1747704,33.1747704,2.114377,32.2428786,Alebtong,Northern,403
H4030801,2.2165098,32.8898048,32.8898048,2.2165098,2.257229666,Alebtong,Northern,403
H4030901,2.114377,33.1747704,33.1747704,2.114377,32.2428786,Alebtong,Northern,403
H4031001,2.114377,33.1747704,33.1747704,2.114377,32.2428786,Alebtong,Northern,403
H4040101,2.4368117,32.8021278,32.8021278,2.4368117,2.814008703,Kole,Northern,404
H4040201,2.4368117,32.8021278,32.8021278,2.4368117,2.814008703,Kole,Northern,404
H4040301,2.4368117,32.8021278,32.8021278,2.4368117,2.814008703,Kole,Northern,404
H4040401,2.4368117,32.8021278,32.8021278,2.4368117,2.814008703,Kole,Northern,404
H4040501,2.4368117,32.8021278,32.8021278,2.4368117,2.814008703,Kole,Northern,404
H4040601,2.4368117,32.8021278,32.8021278,2.4368117,2.814008703,Kole,Northern,404
H4040701,2.4368117,32.8021278,32.8021278,2.4368117,2.814008703,Kole,Northern,404
H4040702,2.4054193,32.7462387,32.7462387,2.4054193,0.615023001,Kole,Northern,404
H4040801,2.4368117,32.8021278,32.8021278,2.4368117,2.814008703,Kole,Northern,404
H4040901,2.4368117,32.8021278,32.8021278,2.4368117,2.814008703,Kole,Northern,404
H4041001,2.4368117,32.8021278,32.8021278,2.4368117,2.814008703,Kole,Northern,404
H4050101,2.5038662,33.4193192,33.4193192,2.5038662,6.705372265,Otuke,Northern,405
H4050301,2.5038662,33.4193192,33.4193192,2.5038662,6.705372265,Otuke,Northern,405
H4050501,2.5038662,33.4193192,33.4193192,2.5038662,6.705372265,Otuke,Northern,405
H4050601,2.5038662,33.4193192,33.4193192,2.5038662,6.705372265,Otuke,Northern,405
H4050701,2.5038662,33.4193192,33.4193192,2.5038662,6.705372265,Otuke,Northern,405
H4050801,2.5038662,33.4193192,33.4193192,2.5038662,6.705372265,Otuke,Northern,405
H4050901,2.5038662,33.4193192,33.4193192,2.5038662,6.705372265,Otuke,Northern,405
H4051001,2.5038662,33.4193192,33.4193192,2.5038662,6.705372265,Otuke,Northern,405
H4060101,2.4110494,30.9818974,30.9818974,2.4110494,5.686398576,Zombo,Northern,406
H4060201,2.4110494,30.9818974,30.9818974,2.4110494,5.686398576,Zombo,Northern,406
H4060301,2.4110494,30.9818974,30.9818974,2.4110494,5.686398576,Zombo,Northern,406
H4060401,2.4110494,30.9818974,30.9818974,2.4110494,5.686398576,Zombo,Northern,406
H4060701,2.4110494,30.9818974,30.9818974,2.4110494,5.686398576,Zombo,Northern,406
H4060801,2.4110494,30.9818974,30.9818974,2.4110494,5.686398576,Zombo,Northern,406
H4060901,2.4110494,30.9818974,30.9818974,2.4110494,5.686398576,Zombo,Northern,406
H4061001,2.4110494,30.9818974,30.9818974,2.4110494,5.686398576,Zombo,Northern,406
H4070101,-1.0783348,29.9847889,29.9847889,-1.0783348,15.54122158,Kabale,Western,407
H4070201,-1.0783348,29.9847889,29.9847889,-1.0783348,15.54122158,Kabale,Western,407
H4070301,-1.0783348,29.9847889,29.9847889,-1.0783348,15.54122158,Kabale,Western,407
H4070401,-1.0783348,29.9847889,29.9847889,-1.0783348,15.54122158,Kabale,Western,407
H4070701,-1.0783348,29.9847889,29.9847889,-1.0783348,15.54122158,Kabale,Western,407
H4070801,-1.0783348,29.9847889,29.9847889,-1.0783348,15.54122158,Kabale,Western,407
H4070901,-1.0783348,29.9847889,29.9847889,-1.0783348,15.54122158,Kabale,Western,407
H4071001,-1.0783348,29.9847889,29.9847889,-1.0783348,15.54122158,Kabale,Western,407
H4080101,0.4262014,30.2027683,30.2027683,0.4262014,4.462550329,Kabarole,Western,408
H4080201,0.4262014,30.2027683,30.2027683,0.4262014,4.462550329,Kabarole,Western,408
H4080301,0.4262014,30.2027683,30.2027683,0.4262014,4.462550329,Kabarole,Western,408
H4080401,0.4262014,30.2027683,30.2027683,0.4262014,4.462550329,Kabarole,Western,408
H4080501,0.4262014,30.2027683,30.2027683,0.4262014,4.462550329,Kabarole,Western,408
H4080601,0.4262014,30.2027683,30.2027683,0.4262014,4.462550329,Kabarole,Western,408
H4080801,0.4262014,30.2027683,30.2027683,0.4262014,4.462550329,Kabarole,Western,408
H4080901,0.4262014,30.2027683,30.2027683,0.4262014,4.462550329,Kabarole,Western,408
H4081001,0.4262014,30.2027683,30.2027683,0.4262014,4.462550329,Kabarole,Western,408
H4090101,0.7550796,30.3339443,30.3339443,0.7550796,6.774953274,Kabarole,Western,409
H4090201,0.7550796,30.3339443,30.3339443,0.7550796,6.774953274,Kabarole,Western,409
H4090401,0.7550796,30.3339443,30.3339443,0.7550796,6.774953274,Kabarole,Western,409
H4090501,0.7550796,30.3339443,30.3339443,0.7550796,6.774953274,Kabarole,Western,409
H4090801,0.7550796,30.3339443,30.3339443,0.7550796,6.774953274,Kabarole,Western,409
H4090901,0.7550796,30.3339443,30.3339443,0.7550796,6.774953274,Kabarole,Western,409
H4091001,0.7550796,30.3339443,30.3339443,0.7550796,6.774953274,Kabarole,Western,409
H4100201,0.1005967,29.8957901,29.8957901,0.1005967,4.119730419,Kasese,Western,410
H4100301,0.1005967,29.8957901,29.8957901,0.1005967,4.119730419,Kasese,Western,410
H4100401,0.1005967,29.8957901,29.8957901,0.1005967,4.119730419,Kasese,Western,410
H4100501,0.1005967,29.8957901,29.8957901,0.1005967,4.119730419,Kasese,Western,410
H4100601,0.1005967,29.8957901,29.8957901,0.1005967,4.119730419,Kasese,Western,410
H4100701,0.1005967,29.8957901,29.8957901,0.1005967,4.119730419,Kasese,Western,410
H4100702,0.1005967,29.8957901,29.8957901,0.1005967,4.119730419,Kasese,Western,410
H4100801,0.1005967,29.8957901,29.8957901,0.1005967,4.119730419,Kasese,Western,410
H4100901,0.1451706,30.0630398,30.0630398,0.1451706,0.999898479,Kasese,Western,410
H4101001,0.1005967,29.8957901,29.8957901,0.1005967,4.119730419,Kasese,Western,410
H4110301,0.077504,30.066267,30.066267,0.077504,0.593101307,Kasese,Western,411
H4110401,0.077504,30.066267,30.066267,0.077504,0.593101307,Kasese,Western,411
H4110402,0.077504,30.066267,30.066267,0.077504,0.593101307,Kasese,Western,411
H4110601,0.077504,30.066267,30.066267,0.077504,0.593101307,Kasese,Western,411
H4110701,0.077504,30.066267,30.066267,0.077504,0.593101307,Kasese,Western,411
H4110801,0.077504,30.066267,30.066267,0.077504,0.593101307,Kasese,Western,411
H4110901,0.077504,30.066267,30.066267,0.077504,0.593101307,Kasese,Western,411
H4111001,0.077504,30.066267,30.066267,0.077504,0.593101307,Kasese,Western,411
H4120301,0.2332721,30.1178627,30.1178627,0.2332721,2.08235353,Kasese,Western,412
H4120401,0.2332721,30.1178627,30.1178627,0.2332721,2.08235353,Kasese,Western,412
H4120501,0.2332721,30.1178627,30.1178627,0.2332721,2.08235353,Kasese,Western,412
H4120701,0.2332721,30.1178627,30.1178627,0.2332721,2.08235353,Kasese,Western,412
H4120901,0.1873983,30.0871658,30.0871658,0.1873983,0.863784903,Kasese,Western,412
H4121001,0.2332721,30.1178627,30.1178627,0.2332721,2.08235353,Kasese,Western,412
H4130101,-1.2526151,29.6279259,29.6279259,-1.2526151,16.04129115,Kisoro,Western,413
H4130201,-1.2526151,29.6279259,29.6279259,-1.2526151,16.04129115,Kisoro,Western,413
H4130301,-1.2526151,29.6279259,29.6279259,-1.2526151,16.04129115,Kisoro,Western,413
H4130401,-1.2526151,29.6279259,29.6279259,-1.2526151,16.04129115,Kisoro,Western,413
H4130501,-1.2526151,29.6279259,29.6279259,-1.2526151,16.04129115,Kisoro,Western,413
H4130601,-1.2526151,29.6279259,29.6279259,-1.2526151,16.04129115,Kisoro,Western,413
H4130701,-1.2526151,29.6279259,29.6279259,-1.2526151,16.04129115,Kisoro,Western,413
H4130901,-1.2526151,29.6279259,29.6279259,-1.2526151,16.04129115,Kisoro,Western,413
H4131001,-1.2526151,29.6279259,29.6279259,-1.2526151,16.04129115,Kisoro,Western,413
H4131002,-1.2526151,29.6279259,29.6279259,-1.2526151,16.04129115,Kisoro,Western,413
H4140101,-1.3472701,29.6669979,29.6669979,-1.3472701,13.06683908,Kisoro,Western,414
H4140201,-1.3472701,29.6669979,29.6669979,-1.3472701,13.06683908,Kisoro,Western,414
H4140301,-1.3472701,29.6669979,29.6669979,-1.3472701,13.06683908,Kisoro,Western,414
H4140401,-1.3472701,29.6669979,29.6669979,-1.3472701,13.06683908,Kisoro,Western,414
H4140501,-1.3472701,29.6669979,29.6669979,-1.3472701,13.06683908,Kisoro,Western,414
H4140601,-1.3472701,29.6669979,29.6669979,-1.3472701,13.06683908,Kisoro,Western,414
H4140701,-1.3472701,29.6669979,29.6669979,-1.3472701,13.06683908,Kisoro,Western,414
H4140801,-1.3472701,29.6669979,29.6669979,-1.3472701,13.06683908,Kisoro,Western,414
H4140901,-1.3472701,29.6669979,29.6669979,-1.3472701,13.06683908,Kisoro,Western,414
H4150101,-0.4961239,30.5019245,30.5019245,-0.4961239,5.605938948,Mbarara,Western,415
H4150201,-0.4961239,30.5019245,30.5019245,-0.4961239,5.605938948,Mbarara,Western,415
H4150301,-0.4961239,30.5019245,30.5019245,-0.4961239,5.605938948,Mbarara,Western,415
H4150401,-0.4961239,30.5019245,30.5019245,-0.4961239,5.605938948,Mbarara,Western,415
H4150402,-0.3639919,30.6591301,30.6591301,-0.3639919,9.64068665,Mbarara,Western,415
H4150501,-0.4961239,30.5019245,30.5019245,-0.4961239,5.605938948,Mbarara,Western,415
H4150701,-0.608761,30.6722298,30.6722298,-0.608761,4.822233841,Mbarara,Western,415
H4150801,-0.4961239,30.5019245,30.5019245,-0.4961239,5.605938948,Mbarara,Western,415
H4150901,-0.4961239,30.5019245,30.5019245,-0.4961239,5.605938948,Mbarara,Western,415
H4151001,-0.4961239,30.5019245,30.5019245,-0.4961239,5.605938948,Mbarara,Western,415
H4160101,-0.6077883,30.6852741,30.6852741,-0.6077883,6.168708767,Mbarara,Western,416
H4160301,-0.6077883,30.6852741,30.6852741,-0.6077883,6.168708767,Mbarara,Western,416
H4160401,-0.6077883,30.6852741,30.6852741,-0.6077883,6.168708767,Mbarara,Western,416
H4160501,-0.6077883,30.6852741,30.6852741,-0.6077883,6.168708767,Mbarara,Western,416
H4160601,-0.6077883,30.6852741,30.6852741,-0.6077883,6.168708767,Mbarara,Western,416
H4160801,-0.6077883,30.6852741,30.6852741,-0.6077883,6.168708767,Mbarara,Western,416
H4160901,-0.6077883,30.6852741,30.6852741,-0.6077883,6.168708767,Mbarara,Western,416
H4161001,-0.6077883,30.6852741,30.6852741,-0.6077883,6.168708767,Mbarara,Western,416
H4170101,-1.1465288,30.2137508,30.2137508,-1.1465288,10.3656285,Ntugamo,Western,417
H4170201,-1.1465288,30.2137508,30.2137508,-1.1465288,10.3656285,Ntugamo,Western,417
H4170301,-1.1465288,30.2137508,30.2137508,-1.1465288,10.3656285,Ntugamo,Western,417
H4170401,-1.1465288,30.2137508,30.2137508,-1.1465288,10.3656285,Ntugamo,Western,417
H4170501,-1.1465288,30.2137508,30.2137508,-1.1465288,10.3656285,Ntugamo,Western,417
H4170601,-1.1444604,30.1252518,30.1252518,-1.1444604,0.649638299,Ntugamo,Western,417
H4170701,-1.1465288,30.2137508,30.2137508,-1.1465288,10.3656285,Ntugamo,Western,417
H4170801,-1.1465288,30.2137508,30.2137508,-1.1465288,10.3656285,Ntugamo,Western,417
H4171001,-1.1465288,30.2137508,30.2137508,-1.1465288,10.3656285,Ntugamo,Western,417
H4180101,-0.9804823,29.9326916,29.9326916,-0.9804823,6.401964617,Rukungiri,Western,418
H4180201,-0.9804823,29.9326916,29.9326916,-0.9804823,6.401964617,Rukungiri,Western,418
H4180301,-0.9804823,29.9326916,29.9326916,-0.9804823,6.401964617,Rukungiri,Western,418
H4180401,-0.9804823,29.9326916,29.9326916,-0.9804823,6.401964617,Rukungiri,Western,418
H4180501,-0.9804823,29.9326916,29.9326916,-0.9804823,6.401964617,Rukungiri,Western,418
H4180601,-0.9804823,29.9326916,29.9326916,-0.9804823,6.401964617,Rukungiri,Western,418
H4180701,-0.9804823,29.9326916,29.9326916,-0.9804823,6.401964617,Rukungiri,Western,418
H4180801,-0.9804823,29.9326916,29.9326916,-0.9804823,6.401964617,Rukungiri,Western,418
H4180901,-0.9804823,29.9326916,29.9326916,-0.9804823,6.401964617,Rukungiri,Western,418
H4181001,-0.9804823,29.9326916,29.9326916,-0.9804823,6.401964617,Rukungiri,Western,418
H4190101,-0.6933645,29.8984776,29.8984776,-0.6933645,16.2898269,Rukungiri,Western,419
H4190201,-0.6933645,29.8984776,29.8984776,-0.6933645,16.2898269,Rukungiri,Western,419
H4190301,-0.6933645,29.8984776,29.8984776,-0.6933645,16.2898269,Rukungiri,Western,419
H4190401,-0.6933645,29.8984776,29.8984776,-0.6933645,16.2898269,Rukungiri,Western,419
H4190501,-0.6933645,29.8984776,29.8984776,-0.6933645,16.2898269,Rukungiri,Western,419
H4190601,-0.6933645,29.8984776,29.8984776,-0.6933645,16.2898269,Rukungiri,Western,419
H4190701,-0.6933645,29.8984776,29.8984776,-0.6933645,16.2898269,Rukungiri,Western,419
H4190702,-0.6933645,29.8984776,29.8984776,-0.6933645,16.2898269,Rukungiri,Western,419
H4190801,-0.6933645,29.8984776,29.8984776,-0.6933645,16.2898269,Rukungiri,Western,419
H4190901,-0.6933645,29.8984776,29.8984776,-0.6933645,16.2898269,Rukungiri,Western,419
H4191001,-0.6933645,29.8984776,29.8984776,-0.6933645,16.2898269,Rukungiri,Western,419
H4200101,0.5260431,30.8750553,30.8750553,0.5260431,26.68578432,Kyenjojo,Western,420
H4200201,0.5260431,30.8750553,30.8750553,0.5260431,26.68578432,Kyenjojo,Western,420
H4200301,0.5260431,30.8750553,30.8750553,0.5260431,26.68578432,Kyenjojo,Western,420
H4200401,0.5260431,30.8750553,30.8750553,0.5260431,26.68578432,Kyenjojo,Western,420
H4200601,0.5260431,30.8750553,30.8750553,0.5260431,26.68578432,Kyenjojo,Western,420
H4200701,0.5260431,30.8750553,30.8750553,0.5260431,26.68578432,Kyenjojo,Western,420
H4200801,0.5260431,30.8750553,30.8750553,0.5260431,26.68578432,Kyenjojo,Western,420
H4201001,0.5260431,30.8750553,30.8750553,0.5260431,26.68578432,Kyenjojo,Western,420
H4210101,0.4111195,30.6498318,30.6498318,0.4111195,23.83633195,Kyenjojo,Western,421
H4210101,0.4111195,30.6498318,30.6498318,0.4111195,23.83633195,Kyenjojo,Western,421
H4210201,0.4111195,30.6498318,30.6498318,0.4111195,23.83633195,Kyenjojo,Western,421
H4210201,0.4111195,30.6498318,30.6498318,0.4111195,23.83633195,Kyenjojo,Western,421
H4210301,0.4111195,30.6498318,30.6498318,0.4111195,23.83633195,Kyenjojo,Western,421
H4210301,0.4111195,30.6498318,30.6498318,0.4111195,23.83633195,Kyenjojo,Western,421
H4210401,0.4111195,30.6498318,30.6498318,0.4111195,23.83633195,Kyenjojo,Western,421
H4210401,0.4111195,30.6498318,30.6498318,0.4111195,23.83633195,Kyenjojo,Western,421
H4210501,0.4111195,30.6498318,30.6498318,0.4111195,23.83633195,Kyenjojo,Western,421
H4210501,0.4111195,30.6498318,30.6498318,0.4111195,23.83633195,Kyenjojo,Western,421
H4210601,0.4111195,30.6498318,30.6498318,0.4111195,23.83633195,Kyenjojo,Western,421
H4210601,0.4111195,30.6498318,30.6498318,0.4111195,23.83633195,Kyenjojo,Western,421
H4210701,0.4111195,30.6498318,30.6498318,0.4111195,23.83633195,Kyenjojo,Western,421
H4210701,0.4111195,30.6498318,30.6498318,0.4111195,23.83633195,Kyenjojo,Western,421
H4210801,0.4111195,30.6498318,30.6498318,0.4111195,23.83633195,Kyenjojo,Western,421
H4210801,0.4111195,30.6498318,30.6498318,0.4111195,23.83633195,Kyenjojo,Western,421
H4211001,0.4111195,30.6498318,30.6498318,0.4111195,23.83633195,Kyenjojo,Western,421
H4211001,0.4111195,30.6498318,30.6498318,0.4111195,23.83633195,Kyenjojo,Western,421
H4220101,0.5847265,30.5166187,30.5166187,0.5847265,12.84928025,Kyenjojo,Western,422
H4220201,0.5847265,30.5166187,30.5166187,0.5847265,12.84928025,Kyenjojo,Western,422
H4220301,0.5847265,30.5166187,30.5166187,0.5847265,12.84928025,Kyenjojo,Western,422
H4220401,0.5847265,30.5166187,30.5166187,0.5847265,12.84928025,Kyenjojo,Western,422
H4220501,0.5847265,30.5166187,30.5166187,0.5847265,12.84928025,Kyenjojo,Western,422
H4220601,0.5847265,30.5166187,30.5166187,0.5847265,12.84928025,Kyenjojo,Western,422
H4220701,0.5847265,30.5166187,30.5166187,0.5847265,12.84928025,Kyenjojo,Western,422
H4220801,0.5847265,30.5166187,30.5166187,0.5847265,12.84928025,Kyenjojo,Western,422
H4221001,0.5847265,30.5166187,30.5166187,0.5847265,12.84928025,Kyenjojo,Western,422
H4230101,0.0415707,30.4414806,30.4414806,0.0415707,6.08027848,Ibanda,Western,423
H4230201,0.0415707,30.4414806,30.4414806,0.0415707,6.08027848,Ibanda,Western,423
H4230301,0.0415707,30.4414806,30.4414806,0.0415707,6.08027848,Ibanda,Western,423
H4230302,0.0425951,30.5719662,30.5719662,0.0425951,7.692441858,Ibanda,Western,423
H4230401,0.0415707,30.4414806,30.4414806,0.0415707,6.08027848,Ibanda,Western,423
H4230601,0.0415707,30.4414806,30.4414806,0.0415707,6.08027848,Ibanda,Western,423
H4230701,0.0415707,30.4414806,30.4414806,0.0415707,6.08027848,Ibanda,Western,423
H4230901,-0.2668371,30.515728,30.515728,-0.2668371,2.679062375,Ibanda,Western,423
H4231001,0.0415707,30.4414806,30.4414806,0.0415707,6.08027848,Ibanda,Western,423
H4240102,0.060818,30.5010281,30.5010281,0.060818,12.87151671,Ibanda,Western,424
H4240201,0.060818,30.5010281,30.5010281,0.060818,12.87151671,Ibanda,Western,424
H4240301,0.060818,30.5010281,30.5010281,0.060818,12.87151671,Ibanda,Western,424
H4240401,0.060818,30.5010281,30.5010281,0.060818,12.87151671,Ibanda,Western,424
H4240501,0.060818,30.5010281,30.5010281,0.060818,12.87151671,Ibanda,Western,424
H4240601,0.060818,30.5010281,30.5010281,0.060818,12.87151671,Ibanda,Western,424
H4240701,0.060818,30.5010281,30.5010281,0.060818,12.87151671,Ibanda,Western,424
H4240801,0.060818,30.5010281,30.5010281,0.060818,12.87151671,Ibanda,Western,424
H4240802,0.060818,30.5010281,30.5010281,0.060818,12.87151671,Ibanda,Western,424
H4240901,0.060818,30.5010281,30.5010281,0.060818,12.87151671,Ibanda,Western,424
H4241001,0.060818,30.5010281,30.5010281,0.060818,12.87151671,Ibanda,Western,424
H4250201,-0.1418404,30.5752354,30.5752354,-0.1418404,1.905255773,Ibanda,Western,425
H4250301,-0.1418404,30.5752354,30.5752354,-0.1418404,1.905255773,Ibanda,Western,425
H4250401,-0.1418404,30.5752354,30.5752354,-0.1418404,1.905255773,Ibanda,Western,425
H4250501,-0.1418404,30.5752354,30.5752354,-0.1418404,1.905255773,Ibanda,Western,425
H4250601,-0.1418404,30.5752354,30.5752354,-0.1418404,1.905255773,Ibanda,Western,425
H4250702,-0.1627894,30.6093731,30.6093731,-0.1627894,6.150147138,Ibanda,Western,425
H4250801,-0.1418404,30.5752354,30.5752354,-0.1418404,1.905255773,Ibanda,Western,425
H4250901,-0.1418404,30.5752354,30.5752354,-0.1418404,1.905255773,Ibanda,Western,425
H4251001,-0.1418404,30.5752354,30.5752354,-0.1418404,1.905255773,Ibanda,Western,425
H4260201,-0.7323766,30.6799698,30.6799698,-0.7323766,3.819017115,Isingiro,Western,426
H4260301,-0.7323766,30.6799698,30.6799698,-0.7323766,3.819017115,Isingiro,Western,426
H4260401,-0.7323766,30.6799698,30.6799698,-0.7323766,3.819017115,Isingiro,Western,426
H4260501,-0.7323766,30.6799698,30.6799698,-0.7323766,3.819017115,Isingiro,Western,426
H4260701,-0.7323766,30.6799698,30.6799698,-0.7323766,3.819017115,Isingiro,Western,426
H4260801,-0.7323766,30.6799698,30.6799698,-0.7323766,3.819017115,Isingiro,Western,426
H4260901,-0.7323766,30.6799698,30.6799698,-0.7323766,3.819017115,Isingiro,Western,426
H4261001,-0.7323766,30.6799698,30.6799698,-0.7323766,3.819017115,Isingiro,Western,426
H4270101,-0.3929233,30.362545,30.362545,-0.3929233,14.73168845,Buhweju,Western,427
H4270201,-0.3929233,30.362545,30.362545,-0.3929233,14.73168845,Buhweju,Western,427
H4270301,-0.3929233,30.362545,30.362545,-0.3929233,14.73168845,Buhweju,Western,427
H4270401,-0.3929233,30.362545,30.362545,-0.3929233,14.73168845,Buhweju,Western,427
H4270501,-0.3929233,30.362545,30.362545,-0.3929233,14.73168845,Buhweju,Western,427
H4270601,-0.3929233,30.362545,30.362545,-0.3929233,14.73168845,Buhweju,Western,427
H4270701,-0.3929233,30.362545,30.362545,-0.3929233,14.73168845,Buhweju,Western,427
H4270801,-0.3929233,30.362545,30.362545,-0.3929233,14.73168845,Buhweju,Western,427
H4270901,-0.3929233,30.362545,30.362545,-0.3929233,14.73168845,Buhweju,Western,427
H4280101,0.2073643,30.9325237,30.9325237,0.2073643,26.16625165,Kyegegwa,Western,428
H4280201,0.2073643,30.9325237,30.9325237,0.2073643,26.16625165,Kyegegwa,Western,428
H4280301,0.2073643,30.9325237,30.9325237,0.2073643,26.16625165,Kyegegwa,Western,428
H4280401,0.2073643,30.9325237,30.9325237,0.2073643,26.16625165,Kyegegwa,Western,428
H4280501,0.2073643,30.9325237,30.9325237,0.2073643,26.16625165,Kyegegwa,Western,428
H4280601,0.2073643,30.9325237,30.9325237,0.2073643,26.16625165,Kyegegwa,Western,428
H4280701,0.2073643,30.9325237,30.9325237,0.2073643,26.16625165,Kyegegwa,Western,428
H4280801,0.2073643,30.9325237,30.9325237,0.2073643,26.16625165,Kyegegwa,Western,428
H4280901,0.2073643,30.9325237,30.9325237,0.2073643,26.16625165,Kyegegwa,Western,428
H4281001,0.2073643,30.9325237,30.9325237,0.2073643,26.16625165,Kyegegwa,Western,428
H4290101,-0.6066555,30.0456524,30.0456524,-0.6066555,6.686486463,Mitooma,Western,429
H4290201,-0.6066555,30.0456524,30.0456524,-0.6066555,6.686486463,Mitooma,Western,429
H4290401,-0.6066555,30.0456524,30.0456524,-0.6066555,6.686486463,Mitooma,Western,429
H4290501,-0.6066555,30.0456524,30.0456524,-0.6066555,6.686486463,Mitooma,Western,429
H4290601,-0.6066555,30.0456524,30.0456524,-0.6066555,6.686486463,Mitooma,Western,429
H4290701,-0.6066555,30.0456524,30.0456524,-0.6066555,6.686486463,Mitooma,Western,429
H4290801,-0.6066555,30.0456524,30.0456524,-0.6066555,6.686486463,Mitooma,Western,429
H4290901,-0.6066555,30.0456524,30.0456524,-0.6066555,6.686486463,Mitooma,Western,429
H4291001,-0.6066555,30.0456524,30.0456524,-0.6066555,6.686486463,Mitooma,Western,429
H4300101,1.0673097,31.3466969,31.3466969,1.0673097,15.95934714,Kibaale,Western,430
H4300201,1.0673097,31.3466969,31.3466969,1.0673097,15.95934714,Kibaale,Western,430
H4300301,1.0673097,31.3466969,31.3466969,1.0673097,15.95934714,Kibaale,Western,430
H4300401,1.0673097,31.3466969,31.3466969,1.0673097,15.95934714,Kibaale,Western,430
H4300501,1.0673097,31.3466969,31.3466969,1.0673097,15.95934714,Kibaale,Western,430
H4300601,1.0673097,31.3466969,31.3466969,1.0673097,15.95934714,Kibaale,Western,430
H4300701,1.0673097,31.3466969,31.3466969,1.0673097,15.95934714,Kibaale,Western,430
H4300801,1.0673097,31.3466969,31.3466969,1.0673097,15.95934714,Kibaale,Western,430
H4300901,1.0673097,31.3466969,31.3466969,1.0673097,15.95934714,Kibaale,Western,430
H4300902,1.0673097,31.3466969,31.3466969,1.0673097,15.95934714,Kibaale,Western,430
